None,Fort Collins Women Burgundy Padded Jacket,http://www.myntra.com/jackets/fort-collins/fort-collins-women-burgundy-padded-jacket/223637/buy,Rs. 1,814,women-apparel-new-arrivals,Clothing,Kraus Jeans,http://myntra.myntassets.com/images/style/properties/Fort-Collins-Women-Jackets_cf699822b4997ee8e54646cc3ad3c9fb_images_1080_1440_mini.jpg,Rs. 2,015,None,women,http://www.myntra.com/jackets/fort-collins/fort-collins-women-burgundy-padded-jacket/223637/buy,Sold byVector Ecommerce Pvt Ltd,None,None,['M', 'L', 'XL', 'XXL'],None,<ul class="mk-pdpv1-product-helper mk-cf"><li class="desc-main-title">Product Description</li><li class="desc-sub-title">Style Note</li><li class="desc-sub-text " itemprop="description"><p>Spruce up your dull winter wear with the collection from Fort Collins. This latest piece has everything that takes to add spice and make you look like a zillion bucks even in this chilly weather. We suggest you team this jacket with a pair of jeans or jeggings and funky sneakers to add zing to this season.</p></li><li class="desc-sub-title ">Product Details</li><li class="desc-sub-text"><p>Burgundy padded jacket with stitch detailing, woven, panelled, quilted, detachable zipped hood with drawstring closure, faux fur trim and contrast lining, mock collar with ribbed inner detail, long sleeves with press buttoned tab detail towards ribbed cuffs, concealed full zipped closure below press buttoned placket at front, two insert pockets with flap and press-button detail at front waist, flap detail below yoke at back</p></li><li class="desc-sub-title ">Material &amp; Care</li><li class="desc-sub-text "><p>100% nylon<br/>Machine wash warm</p></li><li class="desc-sub-title">Size &amp; Fit</li><li class="desc-sub-text"><p>Regular fit<br/>The model (height 5'8" and chest 33") is wearing a size M</p></li></ul>,25:02:2014,None
None,Ira Soleil Women Orange Kurta,http://www.myntra.com/kurtas/ira-soleil/ira-soleil-women-orange-kurta/209834/buy,Rs. 995,women-apparel-new-arrivals,Clothing,Kraus Jeans,http://myntra.myntassets.com/images/style/properties/Ira-Soleil-Women-Orange-Kurti_9c2147cbc00bbee1fd289e2af2c0fdf0_images_1080_1440_mini.jpg,None,None,women,http://www.myntra.com/kurtas/ira-soleil/ira-soleil-women-orange-kurta/209834/buy,Sold byVector Ecommerce Pvt Ltd,None,None,['XS', 'S', 'M', 'L', 'XL', 'XXL'],None,<ul class="mk-pdpv1-product-helper mk-cf"><li class="desc-main-title">Product Description</li><li class="desc-sub-title">Style Note</li><li class="desc-sub-text " itemprop="description"><p>Ira Soleil makes designs that add a modern touch to the Indian ethnic wear. From that ideology comes this beautiful kurta with a modern design. Wear it with a pair of denim jeans or pleated chinos.</p></li><li class="desc-sub-title ">Product Details</li><li class="desc-sub-text"><p>Orange knitted kurta, has a round neck, long sleeves with golden coloured print, stylised wrap around panelling below the bust, golden floral print along the hem</p></li><li class="desc-sub-title ">Material &amp; Care</li><li class="desc-sub-text "><p>Viscose and Lycra blend<br/>First time dry clean<br/>Hand wash cold</p><p> </p></li><li class="desc-sub-title">Size &amp; Fit</li><li class="desc-sub-text"><p>The model (height 5'8" and chest 33") is wearing a size S</p></li></ul>,25:02:2014,None
None,Shree Women Pink Printed Kurta,http://www.myntra.com/kurtas/shree/shree-women-pink-printed-kurta/205932/buy,Rs. 499,women-apparel-new-arrivals,Clothing,Kraus Jeans,http://myntra.myntassets.com/images/style/properties/Shree-Women-Pink-Printed-Kurta_879b0662545c8dbf14bf38bd39a3403c_images_1080_1440_mini.jpg,None,None,women,http://www.myntra.com/kurtas/shree/shree-women-pink-printed-kurta/205932/buy,Sold byVector Ecommerce Pvt Ltd,None,None,['S', 'M', 'L', 'XL'],None,<ul class="mk-pdpv1-product-helper mk-cf"><li class="desc-main-title">Product Description</li><li class="desc-sub-title">Style Note</li><li class="desc-sub-text " itemprop="description"><p>In a lovely colour palette, this kurta by Shree is great for everyday wear. Team it with contrast coloured leggings or patiala pants and mirror work sandals for the complete look.</p></li><li class="desc-sub-title ">Product Details</li><li class="desc-sub-text"><p>Pink printed kurta, woven, round neck, three quarter sleeves with contrast taping along hems, contrast printed overlay at chest with mock button placket, contrast printed overlay at front hem, side slits</p></li><li class="desc-sub-title ">Material &amp; Care</li><li class="desc-sub-text "><p>Cotton blend<br/>Hand wash cold</p></li><li class="desc-sub-title">Size &amp; Fit</li><li class="desc-sub-text"><p>The model (height 5'8" and chest 33") is wearing a size S</p></li></ul>,25:02:2014,None
None,Aneri Women Grey Printed Tunic,http://www.myntra.com/tunics/aneri/aneri-women-grey-printed-tunic/204254/buy,Rs. 1,399,women-apparel-new-arrivals,Clothing,Kraus Jeans,http://myntra.myntassets.com/images/style/properties/Aneri-Women-Tunics_56d9cd6fea41b2fc3bf5ccaf8f90d6ae_images_1080_1440_mini.JPG,Rs. 1,999,None,women,http://www.myntra.com/tunics/aneri/aneri-women-grey-printed-tunic/204254/buy,Sold byVector Ecommerce Pvt Ltd,None,None,['XS', 'S', 'M', 'L', 'XL', 'XXL'],None,<ul class="mk-pdpv1-product-helper mk-cf"><li class="desc-main-title">Product Description</li><li class="desc-sub-title">Style Note</li><li class="desc-sub-text " itemprop="description"><p>Aneri brings this beautiful tunic which reminds you of summer. This chic and feminine number has a flattering silhouette, which makes it an absolute must-have. Team it over a pair of contrast leggings along with ballet flats for a relaxed look for this season.</p></li><li class="desc-sub-title ">Product Details</li><li class="desc-sub-text"><p>Grey tunic with yellow print detail, woven, has a stylised V neck with contrast piping, woven appliqué with crystal embellishments and bead detailing along the neckline, sleeveless, asymmetrical hemline</p></li><li class="desc-sub-title ">Material &amp; Care</li><li class="desc-sub-text "><p>Synthetic georgette<br/>Dry clean</p></li><li class="desc-sub-title">Size &amp; Fit</li><li class="desc-sub-text"><p>Regular fit<br/>The model height (height 5'8" and chest 33") is wearing a size S</p></li></ul>,25:02:2014,None
None,W Women Black Printed Tunic,http://www.myntra.com/tunics/w/w-women-black-printed-tunic/238463/buy,Rs. 1,099,women-apparel-new-arrivals,Clothing,Kraus Jeans,http://myntra.myntassets.com/images/style/properties/W-Women-Black-&-Green-Printed-Tunic_8491a46c91873cd5c6cc3f0230323da9_images_1080_1440_mini.jpg,None,None,women,http://www.myntra.com/tunics/w/w-women-black-printed-tunic/238463/buy,Sold byVector Ecommerce Pvt Ltd,None,None,['XS', 'S', 'M', 'L', 'XL', 'XXL'],None,<ul class="mk-pdpv1-product-helper mk-cf"><li class="desc-main-title">Product Description</li><li class="desc-sub-title">Style Note</li><li class="desc-sub-text " itemprop="description"><p>Flirty and feminine, W presents youthful and chic casual wear. Team this tunic with thick Jodhpur style leggings or harem pants and embellished gladiator sandals for a trendy look.</p></li><li class="desc-sub-title ">Product Details</li><li class="desc-sub-text"><p>Black and green printed tunic, woven, round neck, three quarter sleeves with gathers at buttoned cuffs, full buttoned chest placket, back yoke with gathers below, curved hem with back longer than front</p></li><li class="desc-sub-title ">Material &amp; Care</li><li class="desc-sub-text "><p>100% viscose<br/>Hand wash</p></li><li class="desc-sub-title">Size &amp; Fit</li><li class="desc-sub-text"><p>The model (height 5'8" and chest 33") is wearing a size S</p></li></ul>,25:02:2014,None
None,Fort Collins Women Mustard Brown Padded Jacket,http://www.myntra.com/jackets/fort-collins/fort-collins-women-mustard-brown-padded-jacket/223533/buy,Rs. 1,364,women-apparel-new-arrivals,Clothing,Kraus Jeans,http://myntra.myntassets.com/images/style/properties/Fort-Collins-Women-Mustard-Brown-Padded-Jacket_f753df5d844b682b25a26c1ab8f26353_images_1080_1440_mini.jpg,Rs. 1,515,None,women,http://www.myntra.com/jackets/fort-collins/fort-collins-women-mustard-brown-padded-jacket/223533/buy,Sold byVector Ecommerce Pvt Ltd,None,None,['M', 'L', 'XL'],None,<ul class="mk-pdpv1-product-helper mk-cf"><li class="desc-main-title">Product Description</li><li class="desc-sub-title">Style Note</li><li class="desc-sub-text " itemprop="description"><p>This classic piece by Fort Collins is developed to keep you warm while keeping updated with the latest trend. Enjoy winters with this stylish jacket which can be paired with jeans or jeggings, checked scarf and sneakers.</p></li><li class="desc-sub-title ">Product Details</li><li class="desc-sub-text"><p>Mustard brown, lightly padded jacket with stitch detail, mock collar, a zipped and detachable hood with faux-fur trim and drawstrings at the sides, full zipped front, long panelled sleeves with ribbed knit cuffs, piping detail at chest, zip pockets at front waist, yoke at back, brand embroidery above left hem, a mobile phone slot with Velcro closure built into the lining</p></li><li class="desc-sub-title ">Material &amp; Care</li><li class="desc-sub-text "><p>100% nylon<br/>Machine wash gentle</p></li><li class="desc-sub-title">Size &amp; Fit</li><li class="desc-sub-text"><p>Regular fit<br/>The model (height 5'8" and chest 33") is wearing a size M</p></li></ul>,25:02:2014,None
None,Mast & Harbour Women Off-White Blazer,http://www.myntra.com/blazers/mast-harbour/mast-harbour-women-off-white-blazer/198318/buy,Rs. 2,599,women-apparel-new-arrivals,Clothing,Kraus Jeans,http://myntra.myntassets.com/images/style/properties/Mast-&-Harbour-Women-Off-White-Blazer_518ea42b6b3ba178ff52367668a84ada_images_1080_1440_mini.jpg,None,None,women,http://www.myntra.com/blazers/mast-harbour/mast-harbour-women-off-white-blazer/198318/buy,Sold byVector Ecommerce Pvt Ltd,None,None,['S', 'M', 'L', 'XL'],None,<ul class="mk-pdpv1-product-helper mk-cf"><li class="desc-main-title">Product Description</li><li class="desc-sub-title">Style Note</li><li class="desc-sub-text " itemprop="description"><p>Make a style statement that is hard to ignore in this smart blazer by Mast &amp; Harbour. Team it with a white shirt, dark denim jeans and wedges for a chic smart-casual look.</p></li><li class="desc-sub-title ">Product Details</li><li class="desc-sub-text"><p>Off-white blazer, woven, notched lapel, single buttoned placket, padded at shoulders, darts at front, long sleeves with mock buttoned cuffs, mock welt pocket at left chest, mock welt pockets with flaps at either side of waist, curved hem</p></li><li class="desc-sub-title ">Material &amp; Care</li><li class="desc-sub-text "><p>Polyester, viscose and Lycra blend<br/>Dry clean only</p></li><li class="desc-sub-title">Size &amp; Fit</li><li class="desc-sub-text"><p>The model (height 5'8" and chest 33") is wearing a size S</p></li></ul>,25:02:2014,None
None,Shree Women Red Batik Print Kurta,http://www.myntra.com/kurtas/shree/shree-women-red-batik-print-kurta/225626/buy,Rs. 1,299,women-apparel-new-arrivals,Clothing,Kraus Jeans,http://myntra.myntassets.com/images/style/properties/Shree-Women-Kurtis_e6b8fb2879e8248c727476c5b4f356c8_images_1080_1440_mini.jpg,None,None,women,http://www.myntra.com/kurtas/shree/shree-women-red-batik-print-kurta/225626/buy,Sold byVector Ecommerce Pvt Ltd,None,None,['S', 'M', 'L', 'XL'],None,<ul class="mk-pdpv1-product-helper mk-cf"><li class="desc-main-title">Product Description</li><li class="desc-sub-title">Style Note</li><li class="desc-sub-text " itemprop="description"><p>Simple, smart and stylish, kurtas from Shree are perfect daily wear choices. Team this piece with soft knitted leggings and flats for a comfortable day at work.</p></li><li class="desc-sub-title ">Product Details</li><li class="desc-sub-text"><p>Red and green batik kurta, woven, boat neck, emroidery and mirror work at front and back neck, panel at front and back, green printed three quarter sleeves with embroidery and mirror work, contrast taping at cuffs, contrast taping above hem</p></li><li class="desc-sub-title ">Material &amp; Care</li><li class="desc-sub-text "><p>Cotton<br/>Hand was cold</p></li><li class="desc-sub-title">Size &amp; Fit</li><li class="desc-sub-text"><p>Regular fit<br/>The model (height 5'8" and chest 33") is wearing a size S</p></li></ul>,25:02:2014,None
None,Roadster Women Black Slim Fit Super Skinny Stretch Jeans,http://www.myntra.com/jeans/roadster/roadster-women-black-slim-fit-super-skinny-stretch/216299/buy,Rs. 1,499,women-apparel-new-arrivals,Clothing,Kraus Jeans,http://myntra.myntassets.com/images/style/properties/Roadster-Women-Black-Slim-Fit-Super-Skinny-Stretch-Jeans_65e4e4e0703d6a36d580e21b8094a989_images_1080_1440_mini.jpg,None,None,women,http://www.myntra.com/jeans/roadster/roadster-women-black-slim-fit-super-skinny-stretch/216299/buy,Sold byVector Ecommerce Pvt Ltd,None,None,['26', '28', '30', '32', '34'],None,<ul class="mk-pdpv1-product-helper mk-cf"><li class="desc-main-title">Product Description</li><li class="desc-sub-title">Style Note</li><li class="desc-sub-text " itemprop="description"><p>Every girl needs a pair of statement jeans in her wardrobe. In a flattering slim fit, this pair by Roadster is one you can wear over and over again. We recommend styling it with a graphic tee or a neat top, and flip flops on the weekend.</p></li><li class="desc-sub-title ">Product Details</li><li class="desc-sub-text"><p>Black five pocket jeans, button and zip closure, belt loops at the waistband with branding at back, two scoop pockets at either side of front waist, a coin pocket on the waistband near the right pocket with metallic branding and lurex stitch detail, two panelled patch pockets with lurex stitch detailing at the back</p></li><li class="desc-sub-title ">Material &amp; Care</li><li class="desc-sub-text "><p>98% cotton, 2% Spandex<br/>Machine wash cold</p></li><li class="desc-sub-title">Size &amp; Fit</li><li class="desc-sub-text"><p>Slim fit, low rise<br/>The model (height 5'8" and waist 28") is wearing a size 28</p></li></ul>,25:02:2014,None
None,My Addiction Off-White Printed Fit & Flare Dress,http://www.myntra.com/dresses/my-addiction/my-addiction-off-white-printed-fit-flare-dress/229954/buy,Rs. 1,299,women-apparel-new-arrivals,Clothing,Kraus Jeans,http://myntra.myntassets.com/images/style/properties/My-Addiction-Off-White-Printed-Fit-&-Flare-Dress_996fca68257027096bad992a8a22e757_images_1080_1440_mini.jpg,None,None,women,http://www.myntra.com/dresses/my-addiction/my-addiction-off-white-printed-fit-flare-dress/229954/buy,Sold byVector Ecommerce Pvt Ltd,None,None,['XS', 'S', 'M', 'L', 'XL'],None,<ul class="mk-pdpv1-product-helper mk-cf"><li class="desc-main-title">Product Description</li><li class="desc-sub-title">Style Note</li><li class="desc-sub-text " itemprop="description"><p>Go for a girly and youthful look with this cute dress from My Addiction. We recommend styling it with floral wedges and chunky wooden bracelets for a brunch date.</p></li><li class="desc-sub-title ">Product Details</li><li class="desc-sub-text"><p>Off-white printed dress, woven, has a mandarin collar, long sleeves with a roll-up tab feature, short buttoned placket at front, gathers above and below elasticated waist with stitched loop detail at sides, slightly curved hem<br/>Comes with a black belt</p></li><li class="desc-sub-title ">Material &amp; Care</li><li class="desc-sub-text "><p>100% polyester<br/>Machine wash warm</p></li><li class="desc-sub-title">Size &amp; Fit</li><li class="desc-sub-text"><p>The model (height 5'8", chest 33" and waist 28") is wearing a size S which measures 88 cm from shoulder to hem</p></li></ul>,25:02:2014,None
None,Levis Women Black Rosa Sweater,http://www.myntra.com/sweaters/levis/levis-women-black-rosa-sweater/180416/buy,Rs. 1,539,women-apparel-new-arrivals,Clothing,Kraus Jeans,http://myntra.myntassets.com/images/style/properties/Levis-Women-Sweaters_e3b45355d7bcff6bda74ce69ff26da30_images_1080_1440_mini.jpg,Rs. 2,199,None,women,http://www.myntra.com/sweaters/levis/levis-women-black-rosa-sweater/180416/buy,Sold byVector Ecommerce Pvt Ltd,None,None,['XS', 'S', 'M', 'L'],None,<ul class="mk-pdpv1-product-helper mk-cf"><li class="desc-main-title">Product Description</li><li class="desc-sub-title">Style Note</li><li class="desc-sub-text " itemprop="description"><p>Look stylish with this elegant sweater from Levi's. Wear it over a tight T-shirt to beat the chills away.</p></li><li class="desc-sub-title ">Product Details</li><li class="desc-sub-text"><p>Black sweater, knitted, has a V neck, long sleeves with ribbed cuffs, full buttoned placket at front, ribbed hem, metal branding on the left side, above the hem</p></li><li class="desc-sub-title ">Material &amp; Care</li><li class="desc-sub-text "><p>80% acrylic, 20% wool<br/>Machine wash cold</p></li><li class="desc-sub-title">Size &amp; Fit</li><li class="desc-sub-text"><p>Regular fit<br/>The model (height 5'8" and chest 33") is wearing a size S</p></li></ul>,25:02:2014,None
None,Fort Collins Women Green Padded Jacket,http://www.myntra.com/jackets/fort-collins/fort-collins-women-green-padded-jacket/223540/buy,Rs. 1,454,women-apparel-new-arrivals,Clothing,Kraus Jeans,http://myntra.myntassets.com/images/style/properties/Fort-Collins-Women-Green-Padded-Jacket_d846a33abac1120723cf9c561e5b194d_images_1080_1440_mini.jpg,Rs. 1,615,None,women,http://www.myntra.com/jackets/fort-collins/fort-collins-women-green-padded-jacket/223540/buy,Sold byVector Ecommerce Pvt Ltd,None,None,['M', 'L', 'XL', 'XXL'],None,<ul class="mk-pdpv1-product-helper mk-cf"><li class="desc-main-title">Product Description</li><li class="desc-sub-title">Style Note</li><li class="desc-sub-text " itemprop="description"><p>Spruce up your dull winter wear with this collection from Fort Collins. This latest piece has everything that takes to add spice and make you look like a zillion bucks even in this chilly weather. We suggest you team this jacket with a pair of jeans or jeggings and funky sneakers to add zing to this season.</p></li><li class="desc-sub-title ">Product Details</li><li class="desc-sub-text"><p>Green padded jacket with stitch detail, mock collar, detachable zipped hood with drawstrings and contrast lining, long sleeves with button tab detail and slit at cuffs, full zipped closure at front, flaps with button detail above welt pockets at front waist, welt pocket built into contrast lining</p></li><li class="desc-sub-title ">Material &amp; Care</li><li class="desc-sub-text "><p>100% nylon<br/>Machine wash gentle</p></li><li class="desc-sub-title">Size &amp; Fit</li><li class="desc-sub-text"><p>Regular fit<br/>The model (height 5'8" and chest 33") is wearing a size M</p></li></ul>,25:02:2014,None
None,Roadster Women Purple & Green Checked Teo Shirt,http://www.myntra.com/shirts/roadster/roadster-women-purple-green-checked-teo-shirt/187962/buy,Rs. 539,women-apparel-new-arrivals,Clothing,Kraus Jeans,http://myntra.myntassets.com/images/style/properties/Roadster-Women-Purple-&-Green-Checked-Teo-Shirt_a9c343a98ea7f5379ad24a23f0b42d9b_images_1080_1440_mini.jpg,Rs. 899,None,women,http://www.myntra.com/shirts/roadster/roadster-women-purple-green-checked-teo-shirt/187962/buy,Sold byVector Ecommerce Pvt Ltd,None,None,['S', 'M', 'L', 'XL'],None,<ul class="mk-pdpv1-product-helper mk-cf"><li class="desc-main-title">Product Description</li><li class="desc-sub-title">Style Note</li><li class="desc-sub-text " itemprop="description"><p>Look laid-back and cool with this trendy checked shirt by Roadster. This versatile piece is best styled with jeans, denim skirts or even shorts.</p></li><li class="desc-sub-title ">Product Details</li><li class="desc-sub-text"><p>Purple and green casual shirt with multi-coloured checked print, woven, has a buttoned down collar, full buttoned chest placket, short sleeves with buttoned cuffs, two patch pockets with buttoned flap closure at chest, yoke at front and at back, curved hem</p></li><li class="desc-sub-title ">Material &amp; Care</li><li class="desc-sub-text "><p>100% cotton<br/>Hand wash cold</p></li><li class="desc-sub-title">Size &amp; Fit</li><li class="desc-sub-text"><p>The model (height 5'8" and chest 33")is wearing a size S</p></li></ul>,25:02:2014,None
None,Fort Collins Women Blue Padded Jacket,http://www.myntra.com/jackets/fort-collins/fort-collins-women-blue-padded-jacket/223606/buy,Rs. 2,565,women-apparel-new-arrivals,Clothing,Kraus Jeans,http://myntra.myntassets.com/images/style/properties/Fort-Collins-Women-Blue-Padded-Jacket_cfea472f24b2aa3e377a63665c42569e_images_1080_1440_mini.jpg,Rs. 2,850,None,women,http://www.myntra.com/jackets/fort-collins/fort-collins-women-blue-padded-jacket/223606/buy,Sold byVector Ecommerce Pvt Ltd,None,None,['M', 'L', 'XL'],None,<ul class="mk-pdpv1-product-helper mk-cf"><li class="desc-main-title">Product Description</li><li class="desc-sub-title">Style Note</li><li class="desc-sub-text " itemprop="description"><p>Spruce up your dull winter wear with this collection from Fort Collins. This latest piece has everything that takes to add spice and make you look like a zillion bucks even in this chilly weather. We suggest you team this jacket with a pair of jeans or jeggings and funky sneakers to add zing to this season.</p></li><li class="desc-sub-title ">Product Details</li><li class="desc-sub-text"><p>Blue padded jacket, panelled, has a mock collar, detachable hood with faux fur lining and a faux fur trim, long raglan sleeves with ribbed cuffs, embroidered branding at left chest, mock zipped pocket at right chest, full zipped closure at front, insert pockets with stitch detail, flaps and button detail at front waist, ribbed hem, patch pocket with Velcro closure at lining, faux fur lining</p></li><li class="desc-sub-title ">Material &amp; Care</li><li class="desc-sub-text "><p>100% cotton<br/>Machine wash warm</p></li><li class="desc-sub-title">Size &amp; Fit</li><li class="desc-sub-text"><p>Regular fit<br/>The model (height 5'8" and chest 33") is wearing a size M</p></li></ul>,25:02:2014,None
None,Alibi Women Blue Corduroy Blazer,http://www.myntra.com/blazers/alibi/alibi-women-blue-corduroy-blazer/203800/buy,Rs. 1,299,women-apparel-new-arrivals,Clothing,Kraus Jeans,http://myntra.myntassets.com/images/style/properties/Alibi-Women-Blue-Corduroy-Blazer_6e025fa8be97bd13a546388eb1b71c8e_images_1080_1440_mini.jpg,None,None,women,http://www.myntra.com/blazers/alibi/alibi-women-blue-corduroy-blazer/203800/buy,Sold byVector Ecommerce Pvt Ltd,None,None,['XS', 'S', 'M', 'L', 'XL'],None,<ul class="mk-pdpv1-product-helper mk-cf"><li class="desc-main-title">Product Description</li><li class="desc-sub-title">Style Note</li><li class="desc-sub-text " itemprop="description"><p>Make a style statement that is hard to ignore in this smart blazer by Alibi . We love its classic cut and versatile colour. Layer it over your tops and tees for a cool get-up this winter.</p></li><li class="desc-sub-title ">Product Details</li><li class="desc-sub-text"><p>Blue corduroy blazer, has a shawl lapel, single breasted and single buttoned closure, long sleeves, welt pockets at front waist</p></li><li class="desc-sub-title ">Material &amp; Care</li><li class="desc-sub-text "><p>100% cotton<br/>Machine wash cold</p></li><li class="desc-sub-title">Size &amp; Fit</li><li class="desc-sub-text"><p>Regular fit<br/>The model (height 5'8" and chest 33") is wearing a size S</p></li></ul>,25:02:2014,None
None,Femella Women Blue Tunic,http://www.myntra.com/tunics/femella/femella-women-blue-tunic/209131/buy,Rs. 943,women-apparel-new-arrivals,Clothing,Kraus Jeans,http://myntra.myntassets.com/images/style/properties/Femella-Women-Blue-Tunic_ee33bfd28a50208c2ce86e9db0cbb6e3_images_1080_1440_mini.JPG,Rs. 1,450,None,women,http://www.myntra.com/tunics/femella/femella-women-blue-tunic/209131/buy,Sold byVector Ecommerce Pvt Ltd,None,None,['XS', 'S', 'M', 'L', 'XL', 'XXL'],None,<ul class="mk-pdpv1-product-helper mk-cf"><li class="desc-main-title">Product Description</li><li class="desc-sub-title">Style Note</li><li class="desc-sub-text " itemprop="description"><p>Made of premium quality fleece, this tunic from Femella is highly comfortable and a perfect pick for this season. Pair it with jeggings and pumps for a trendy look.</p></li><li class="desc-sub-title ">Product Details</li><li class="desc-sub-text"><p>Blue tunic with anti pilling treatment, shrink resistant, has V-neck that is overlapping at front and raised at back, full sleeves, functional dual pockets at waist, ribbed hem, has fleece lining</p></li><li class="desc-sub-title ">Material &amp; Care</li><li class="desc-sub-text "><p>Cotton blend<br/>Hand wash cold</p></li><li class="desc-sub-title">Size &amp; Fit</li><li class="desc-sub-text"><p>The model (height 5'8" and chest 33") is wearing a size S</p></li></ul>,25:02:2014,None
None,Shakumbhari Black Lace Fit & Flare Dress,http://www.myntra.com/dresses/shakumbhari/shakumbhari-black-lace-fit-flare-dress/174885/buy,Rs. 995,women-apparel-new-arrivals,Clothing,Kraus Jeans,http://myntra.myntassets.com/images/style/properties/Shakumbhari-Black-Lace-Fit-&-Flare-Dress_3976aeb9e70892d4af4f08aa87d17e4c_images_1080_1440_mini.jpg,None,None,women,http://www.myntra.com/dresses/shakumbhari/shakumbhari-black-lace-fit-flare-dress/174885/buy,Sold byVector Ecommerce Pvt Ltd,None,None,['S', 'M', 'L', 'XL'],None,<ul class="mk-pdpv1-product-helper mk-cf"><li class="desc-main-title">Product Description</li><li class="desc-sub-title">Style Note</li><li class="desc-sub-text " itemprop="description"><p>Get gorgeous in this pretty dress by Shakumbhari. We love the versatility of this piece and suggest you match it with a pair of stilettos and contemporary metallic jewellery for an evening pool party look.</p></li><li class="desc-sub-title ">Product Details</li><li class="desc-sub-text"><p>Black dress, woven, round neck, long sleeves, lace chest panel with an attached lining, long lace sleeves, slight gathers and flared beneath chest</p></li><li class="desc-sub-title ">Material &amp; Care</li><li class="desc-sub-text "><p>Polyester blend<br/>Dry clean</p></li><li class="desc-sub-title">Size &amp; Fit</li><li class="desc-sub-text"><p>The model (height 5'8", chest 33" and waist 28") is wearing a size S which measures 88 cm from shoulder to hem</p></li></ul>,25:02:2014,None
None,Vishudh Women Pink Printed Kurta,http://www.myntra.com/kurtas/vishudh/vishudh-women-pink-printed-kurta/216068/buy,Rs. 849,women-apparel-new-arrivals,Clothing,Kraus Jeans,http://myntra.myntassets.com/images/style/properties/Vishudh-Women-Pink-Printed-Kurta_6f00a03b5ac8528854c214809d2322e8_images_1080_1440_mini.jpg,None,None,women,http://www.myntra.com/kurtas/vishudh/vishudh-women-pink-printed-kurta/216068/buy,Sold byVector Ecommerce Pvt Ltd,None,None,['S', 'M', 'L', 'XL', 'XXL'],None,<ul class="mk-pdpv1-product-helper mk-cf"><li class="desc-main-title">Product Description</li><li class="desc-sub-title">Style Note</li><li class="desc-sub-text " itemprop="description"><p>This kurta from Vishudh exudes ethnic appeal with an air of sophistication, making it right for any casual setting. Team it with sober toned leggings and thong sandals to make heads turn.</p></li><li class="desc-sub-title ">Product Details</li><li class="desc-sub-text"><p>Pink, white, green and brown printed kurta, woven, has a solid mandarin collar with a slit, solid three quarter sleeves with printed taping at cuffs, taping on seam at front waist, has a flared hem</p></li><li class="desc-sub-title ">Material &amp; Care</li><li class="desc-sub-text "><p>Polyester<br/>Hand wash</p></li><li class="desc-sub-title">Size &amp; Fit</li><li class="desc-sub-text"><p>Regular fit<br/>The model (height 5'8" and chest 33") is wearing a size S</p></li></ul>,25:02:2014,None
None,Kyla F Women Red & Golden Coloured Printed Kurta,http://www.myntra.com/kurtas/kyla-f/kyla-f-women-red-golden-coloured-printed-kurta/210691/buy,Rs. 649,women-apparel-new-arrivals,Clothing,Kraus Jeans,http://myntra.myntassets.com/images/style/properties/Kyla-F-Women-Red-&-Golden-Printed-Kurta_1e179488a68f60c009b60d6b82738483_images_1080_1440_mini.jpg,Rs. 999,None,women,http://www.myntra.com/kurtas/kyla-f/kyla-f-women-red-golden-coloured-printed-kurta/210691/buy,Sold byVector Ecommerce Pvt Ltd,None,None,['S', 'M', 'L', 'XL', 'XXL'],None,<ul class="mk-pdpv1-product-helper mk-cf"><li class="desc-main-title">Product Description</li><li class="desc-sub-title">Style Note</li><li class="desc-sub-text " itemprop="description"><p>Elegant and stylish, we love this kurta from Kyla F which guarantees to spruce up your ethnic wear collection. Pair it with pleated Patiala pants, a sheer stole and jhumkas for a chic desi look.</p></li><li class="desc-sub-title ">Product Details</li><li class="desc-sub-text"><p>Red kurta with golden print detailing, woven, golden cording along stylised V neckline that extends down the chest, three quarter length sleeves with taping along cuffs, taping across waist and along straight vented hem</p></li><li class="desc-sub-title ">Material &amp; Care</li><li class="desc-sub-text "><p>Synthetic<br/>Dry clean</p></li><li class="desc-sub-title">Size &amp; Fit</li><li class="desc-sub-text"><p>The model (height 5'8" and chest 33") is wearing a size S</p></li></ul>,25:02:2014,None
None,Fort Collins Women Coffee Brown Jacket,http://www.myntra.com/jackets/fort-collins/fort-collins-women-coffee-brown-jacket/211840/buy,Rs. 1,454,women-apparel-new-arrivals,Clothing,Kraus Jeans,http://myntra.myntassets.com/images/style/properties/Fort-Collins-Women-Jackets_79d0be6c22962736a161c49ea3991f33_images_1080_1440_mini.jpg,Rs. 1,615,None,women,http://www.myntra.com/jackets/fort-collins/fort-collins-women-coffee-brown-jacket/211840/buy,Sold byVector Ecommerce Pvt Ltd,None,None,['M', 'L', 'XL', 'XXL'],None,<ul class="mk-pdpv1-product-helper mk-cf"><li class="desc-main-title">Product Description</li><li class="desc-sub-title">Style Note</li><li class="desc-sub-text " itemprop="description"><p>With this trendy jacket from Fort Collins, raise your style quotient to maximum. The modern design and comfortable fit keeps you feeling stylish. Team it with jeans and winter boots for a fashionable look.</p></li><li class="desc-sub-title ">Product Details</li><li class="desc-sub-text"><p>Coffee brown jacket, padded and woven, stitched detailing throughout, has a mock collar, detachable padded hood with drawstring fastening, long sleeves with panelled cuffs, has a buttoned tab feature, full zipped closure at the front, panelling with button below the chest, insert pockets on either sides of front waist</p></li><li class="desc-sub-title ">Material &amp; Care</li><li class="desc-sub-text "><p>100% Nylon<br/>Dry clean</p></li><li class="desc-sub-title">Size &amp; Fit</li><li class="desc-sub-text"><p>Regular fit<br/>The model (height 5'8" and chest 33") is wearing a size M</p></li></ul>,25:02:2014,None
None,Desi Vibe Women Purple Embroidered Tunic,http://www.myntra.com/tunics/desi-vibe/desi-vibe-women-purple-embroidered-tunic/191600/buy,Rs. 699,women-apparel-new-arrivals,Clothing,Kraus Jeans,http://myntra.myntassets.com/images/style/properties/Desi-Vibe-Women-Tunics_b3e9863af6da128ee646fda59d0c7170_images_1080_1440_mini.jpg,None,None,women,http://www.myntra.com/tunics/desi-vibe/desi-vibe-women-purple-embroidered-tunic/191600/buy,Sold byVector Ecommerce Pvt Ltd,None,None,['S', 'M', 'L', 'XL'],None,<ul class="mk-pdpv1-product-helper mk-cf"><li class="desc-main-title">Product Description</li><li class="desc-sub-title">Style Note</li><li class="desc-sub-text " itemprop="description"><p>Look smart and chic in ethnic wear everyday with tunics from Desi Vibe. This piece with its contemporary twist will make you stand out from the crowd. Team it with a pair of contrast leggings and ethnic flats.</p></li><li class="desc-sub-title ">Product Details</li><li class="desc-sub-text"><p>Purple woven tunic with red and white accents, has a square neck, contrast embroidery at chest which extends to the waist, stitch detail at chest, short sleeves, tie-up detail at front waist, yoke at back with gathers below, slightly curved hem</p></li><li class="desc-sub-title ">Material &amp; Care</li><li class="desc-sub-text "><p>100% cotton<br/>Hand wash cold</p></li><li class="desc-sub-title">Size &amp; Fit</li><li class="desc-sub-text"><p>Slim fit<br/>The model (height 5'8" and chest 33") is wearing size S</p></li></ul>,25:02:2014,None
None,Fort Collins Women Navy Hooded Sweatshirt,http://www.myntra.com/sweatshirts/fort-collins/fort-collins-women-navy-hooded-sweatshirt/221275/buy,Rs. 1,035,women-apparel-new-arrivals,Clothing,Kraus Jeans,http://myntra.myntassets.com/images/style/properties/Fort-Collins-Women-Navy-Hooded-Sweatshirt_7576166a7380c716780cfd4b8b74dcd4_images_1080_1440_mini.jpg,Rs. 1,150,None,women,http://www.myntra.com/sweatshirts/fort-collins/fort-collins-women-navy-hooded-sweatshirt/221275/buy,Sold byVector Ecommerce Pvt Ltd,None,None,['M', 'L', 'XL', 'XXL'],None,<ul class="mk-pdpv1-product-helper mk-cf"><li class="desc-main-title">Product Description</li><li class="desc-sub-title">Style Note</li><li class="desc-sub-text " itemprop="description"><p>Warm and cosy, this piece from Fort Collins is a must-have in your winter wardrobe. Wear it with casual jeans and sneakers for a casual outing with friends.</p></li><li class="desc-sub-title ">Product Details</li><li class="desc-sub-text"><p>Navy blue sweashirt, knitted, has an attached hood with drawstrings, long sleeves with ribbed cuffs, full zipped closure at front, embroidered branding at chest, kangaroo pockets at front waist, ribbed hem, fleece lining</p></li><li class="desc-sub-title ">Material &amp; Care</li><li class="desc-sub-text "><p>Cotton blend<br/>Wash inside out</p></li><li class="desc-sub-title">Size &amp; Fit</li><li class="desc-sub-text"><p>The model (height 5'8" and chest 33") is wearing a size M</p></li></ul>,25:02:2014,None
None,Fort Collins Women Brown Coat,http://www.myntra.com/coats/fort-collins/fort-collins-women-brown-coat/221303/buy,Rs. 2,867,women-apparel-new-arrivals,Clothing,Kraus Jeans,http://myntra.myntassets.com/images/style/properties/Fort-Collins-Women-Brown-Coat_077bc9c333177ac208204fe23134f5d1_images_1080_1440_mini.jpg,Rs. 3,185,None,women,http://www.myntra.com/coats/fort-collins/fort-collins-women-brown-coat/221303/buy,Sold byVector Ecommerce Pvt Ltd,None,None,['M', 'L', 'XL', 'XXL'],None,<ul class="mk-pdpv1-product-helper mk-cf"><li class="desc-main-title">Product Description</li><li class="desc-sub-title">Style Note</li><li class="desc-sub-text " itemprop="description"><p>Spruce up your dull winter wear with this winter wear coat from Fort  Collins. This latest piece has everything that takes to add spice and  make you look like a zillion bucks even in this chilly weather. We  suggest you team it up with a pair of jeans and funky sneakers to add  zing to this season</p></li><li class="desc-sub-title ">Product Details</li><li class="desc-sub-text"><p>Brown coat, mock collar with press button closure, ribbed inner layer, yoke at front and back, full button placket, long sleeves, belt loops with belt along waist, insert pockets with flap detail, insert pocket with button detail built into lining at the right</p></li><li class="desc-sub-title ">Material &amp; Care</li><li class="desc-sub-text "><p>100% cotton<br/>Hand wash</p></li><li class="desc-sub-title">Size &amp; Fit</li><li class="desc-sub-text"><p>The model (height 5'8" and chest 33") is wearing a size M</p></li></ul>,25:02:2014,None
None,Sepia Women Red Tunic,http://www.myntra.com/tunics/sepia/sepia-women-red-tunic/178260/buy,Rs. 1,499,women-apparel-new-arrivals,Clothing,Kraus Jeans,http://myntra.myntassets.com/images/style/properties/Sepia-Women-Red-Tunic_dddf662f58fcaf3e1e63c0ba9c105045_images_1080_1440_mini.jpg,None,None,women,http://www.myntra.com/tunics/sepia/sepia-women-red-tunic/178260/buy,Sold byVector Ecommerce Pvt Ltd,None,None,['S', 'M', 'L', 'XL'],None,<ul class="mk-pdpv1-product-helper mk-cf"><li class="desc-main-title">Product Description</li><li class="desc-sub-title">Style Note</li><li class="desc-sub-text " itemprop="description"><p>Remain fashion-forward this season, with this stylish tunic by Sepia. We love its super-comfy fit and recommend you match it with a pair of soft leggings and flats for a trendy look.</p></li><li class="desc-sub-title ">Product Details</li><li class="desc-sub-text"><p>Red tunic, has spread collar, panelled at chest with piping, short sleeves, mock placket at front, two insert pockets at side seam, yoke at back with piping, curved hemline</p></li><li class="desc-sub-title ">Material &amp; Care</li><li class="desc-sub-text "><p>100% cotton<br/>Hand wash</p></li><li class="desc-sub-title">Size &amp; Fit</li><li class="desc-sub-text"><p>The model (height 5'8" and chest 33") is wearing a size S</p></li></ul>,25:02:2014,None
