None,Unamia Boys Green Ninja T-shirt,http://www.myntra.com/tshirts/unamia/unamia-boys-green-ninja-t-shirt/180064/buy,Rs. 499,boys-shirts-tshirts,T-shirts & Shirts,Krrish 3,http://myntra.myntassets.com/images/style/properties/Unamia-Boys-Green-Ninja-T-shirt_e93ed54733917e65b0557c083cdeae58_images_1080_1440_mini.jpg,None,None,boys,http://www.myntra.com/tshirts/unamia/unamia-boys-green-ninja-t-shirt/180064/buy,Sold byVector Ecommerce Pvt Ltd,None,None,['2-3Y', '3-4Y', '4-5Y', '5-6Y', '6-7Y', '7-8Y'],None,<ul class="mk-pdpv1-product-helper mk-cf"><li class="desc-main-title">Product Description</li><li class="desc-sub-title">Style Note</li><li class="desc-sub-text " itemprop="description"><p>Unamia's latest collection of kidswear is the perfect mix of comfort and style. We love its super-soft fabric composition and cute detailing. Match this piece with a pair of denims and slip-on shoes for your little one's day out at the park.</p></li><li class="desc-sub-title ">Product Details</li><li class="desc-sub-text"><p>Green printed T-shirt, knit, ribbed and red round neck, short sleeves and graphic print at front</p></li><li class="desc-sub-title ">Material &amp; Care</li><li class="desc-sub-text "><p>100% cotton<br/>Machine wash warm</p></li></ul>,25:02:2014,None
None,U.S. Polo Assn. Kids Boys Blue & White Striped Polo T-shirt,http://www.myntra.com/tshirts/us-polo-assn-kids/us-polo-assn-kids-boys-blue-white-striped-polo-t-s/238323/buy,Rs. 1,299,boys-shirts-tshirts,T-shirts & Shirts,Krrish 3,http://myntra.myntassets.com/images/style/properties/US-Polo-Assn-Kids-Boys-Blue-&-White-Striped-Polo-T-shirt_1b5b8333e3e4027e7f9803f8cf2a694a_images_1080_1440_mini.jpg,None,None,boys,http://www.myntra.com/tshirts/us-polo-assn-kids/us-polo-assn-kids-boys-blue-white-striped-polo-t-s/238323/buy,Sold byVector Ecommerce Pvt Ltd,None,None,['10-11Y', '11-12Y', '13-14Y'],None,<ul class="mk-pdpv1-product-helper mk-cf"><li class="desc-main-title">Product Description</li><li class="desc-sub-title">Style Note</li><li class="desc-sub-text " itemprop="description"><p>U.S. Polo Assn. Kids offers best of the style for your little boy with top notch quality, design and value. Let him wear this tee over denims or shorts with loafers for a casual day.</p></li><li class="desc-sub-title ">Product Details</li><li class="desc-sub-text"><p>Blue and white, striped polo T-shirt, has a polo collar, short sleeves with ribbed cuffs, short buttoned chest placket, embroidered brand patch at left chest, vented hem, back longer than the front</p></li><li class="desc-sub-title ">Material &amp; Care</li><li class="desc-sub-text "><p>100% cotton<br/>Machine wash cold</p></li></ul>,25:02:2014,None
None,Garfield Boys Green Printed Pique Polo T-shirt,http://www.myntra.com/tshirts/garfield/garfield-boys-green-printed-pique-polo-t-shirt/183774/buy,Rs. 499,boys-shirts-tshirts,T-shirts & Shirts,Krrish 3,http://myntra.myntassets.com/images/style/properties/Garfield-Boys-Tshirts_581e6789d5c6d60181eeba1664f5ff2e_images_1080_1440_mini.jpg,None,None,boys,http://www.myntra.com/tshirts/garfield/garfield-boys-green-printed-pique-polo-t-shirt/183774/buy,Sold byVector Ecommerce Pvt Ltd,None,None,['4-5Y', '6-7Y', '8-9Y', '10-11Y'],None,<ul class="mk-pdpv1-product-helper mk-cf"><li class="desc-main-title">Product Description</li><li class="desc-sub-title">Style Note</li><li class="desc-sub-text " itemprop="description"><p>Let your little one flaunt the coolest cat in the world with this Garfield polo tee. Best teamed with denim shorts, canvas shoes and a cute hat for a play date.</p></li><li class="desc-sub-title ">Product Details</li><li class="desc-sub-text"><p>Green pique polo T-shirt with blue accents, ribbed spread collar with tipping, short sleeves with ribbed cuffs, short buttoned chest placket, graphic print at front</p></li><li class="desc-sub-title ">Material &amp; Care</li><li class="desc-sub-text "><p>100% cotton<br/>Machine wash warm</p></li></ul>,25:02:2014,None
None,U.S.Polo Assn. Kids Boys Yellow Printed T-shirt,http://www.myntra.com/tshirts/us-polo-assn-kids/uspolo-assn-kids-boys-yellow-printed-t-shirt/238346/buy,Rs. 799,boys-shirts-tshirts,T-shirts & Shirts,Krrish 3,http://myntra.myntassets.com/images/style/properties/USPolo-Assn-Kids-Boys-Yellow-Printed-T-shirt_6a4b07e49dbf58790cf809b14fb6eb9c_images_1080_1440_mini.jpg,None,None,boys,http://www.myntra.com/tshirts/us-polo-assn-kids/uspolo-assn-kids-boys-yellow-printed-t-shirt/238346/buy,Sold byVector Ecommerce Pvt Ltd,None,None,['4-5Y', '6-7Y', '8-9Y', '9-10Y'],None,<ul class="mk-pdpv1-product-helper mk-cf"><li class="desc-main-title">Product Description</li><li class="desc-sub-title">Style Note</li><li class="desc-sub-text " itemprop="description"><p>This T-shirt from U.S. Polo Assn. Kids is designed to make your little boy look stylish. Ensure that he teams it with a pair of shorts, sneakers and a cap when he is heading outdoors.</p></li><li class="desc-sub-title ">Product Details</li><li class="desc-sub-text"><p>Yellow T-shirt, knit, with navy blue accents, ribbed round neck, stitched detail at the shoulders and back of the neck, short sleeves with stitched detail, printed detail at front, brand label at the side seam and stitched detail near the hemline</p></li><li class="desc-sub-title ">Material &amp; Care</li><li class="desc-sub-text "><p>100% cotton<br/>Machine wash cold</p></li></ul>,25:02:2014,None
None,United Colors of Benetton Boys Black & White Checked Shirt,http://www.myntra.com/shirts/united-colors-of-benetton/united-colors-of-benetton-boys-black-white-checked/232172/buy,Rs. 1,104,boys-shirts-tshirts,T-shirts & Shirts,Krrish 3,http://myntra.myntassets.com/images/style/properties/United-Colors-of-Benetton-Boys-Black-&-White-Checked-Shirt_e66db8d8623213b58302687418b1f7f0_images_1080_1440_mini.jpg,Rs. 1,299,None,boys,http://www.myntra.com/shirts/united-colors-of-benetton/united-colors-of-benetton-boys-black-white-checked/232172/buy,Sold byVector Ecommerce Pvt Ltd,None,None,['0-1Y', '1-2Y', '2-3Y', '3-4Y', '6-7Y', '7-8Y', '8-9Y', '4-5Y', '10-11Y', '11-12Y'],None,<ul class="mk-pdpv1-product-helper mk-cf"><li class="desc-main-title">Product Description</li><li class="desc-sub-title">Style Note</li><li class="desc-sub-text " itemprop="description"><p>Let your young boy look cool and casual in this shirt from United Colors of Benetton. Team it with jeans and casual shoes.</p></li><li class="desc-sub-title ">Product Details</li><li class="desc-sub-text"><p>Black and white checked shirt, spread collar, long sleeves with buttoned cuffs and roll-up tab feature, embroidered branding at left chest, full buttoned placket at front, back yoke, curved hemline</p></li><li class="desc-sub-title ">Material &amp; Care</li><li class="desc-sub-text "><p>100% cotton<br/>Machine wash delicate</p></li></ul>,25:02:2014,None
None,United Colors of Benetton Boys Blue & White Striped Shirt,http://www.myntra.com/shirts/united-colors-of-benetton/united-colors-of-benetton-boys-blue-white-striped-/232170/buy,Rs. 799,boys-shirts-tshirts,T-shirts & Shirts,Krrish 3,http://myntra.myntassets.com/images/style/properties/United-Colors-of-Benetton-Boys-Blue-&-White-Striped-Shirt_53f111904c64f6f58be93f5414fbbe58_images_1080_1440_mini.jpg,Rs. 999,None,boys,http://www.myntra.com/shirts/united-colors-of-benetton/united-colors-of-benetton-boys-blue-white-striped-/232170/buy,Sold byVector Ecommerce Pvt Ltd,None,None,['0-1Y', '1-2Y', '2-3Y', '3-4Y', '6-7Y', '7-8Y', '8-9Y', '4-5Y', '10-11Y', '11-12Y'],None,<ul class="mk-pdpv1-product-helper mk-cf"><li class="desc-main-title">Product Description</li><li class="desc-sub-title">Style Note</li><li class="desc-sub-text " itemprop="description"><p>This cool and trendy shirt from United Colors of Benetton is sure to amplify your little boy's style. Team it with denims or cargos for a perfect casual look.</p></li><li class="desc-sub-title ">Product Details</li><li class="desc-sub-text"><p>Blue and white striped, casual shirt, woven, has spread collar, long sleeves with buttoned cuffs and roll-up tab feature, full buttoned placket at the front, embroidered branding at the left chest, yoke at the back, curved hemline</p></li><li class="desc-sub-title ">Material &amp; Care</li><li class="desc-sub-text "><p>Cotton<br/>Machine wash</p></li></ul>,25:02:2014,None
None,Slub Juniors Boys Green and Blue Striped Polo T-shirt,http://www.myntra.com/tshirts/slub-juniors/slub-juniors-boys-green-and-blue-striped-polo-t-sh/232018/buy,Rs. 449,boys-shirts-tshirts,T-shirts & Shirts,Krrish 3,http://myntra.myntassets.com/images/style/properties/Slub-Juniors-Boys-Green-and-Blue-Striped-Polo-T-shirt_bbb2f1ec1a23e01228356e69694ef9a2_images_1080_1440_mini.jpg,None,None,boys,http://www.myntra.com/tshirts/slub-juniors/slub-juniors-boys-green-and-blue-striped-polo-t-sh/232018/buy,Sold byVector Ecommerce Pvt Ltd,None,None,['7-8Y', '8-9Y', '10-11Y', '11-12Y', '13-14Y'],None,<ul class="mk-pdpv1-product-helper mk-cf"><li class="desc-main-title">Product Description</li><li class="desc-sub-title">Style Note</li><li class="desc-sub-text " itemprop="description"><p>This polo T-shirt from Slub Juniors, is perfect for your little boy.  Team it up with denim shorts and casual shoes when he is heading out to play.</p></li><li class="desc-sub-title ">Product Details</li><li class="desc-sub-text"><p>Green and blue striped polo T-shirt, knit, has spread collar, short buttoned placket at the front, short sleeves with contrast ribbed cuffs, welt pocket on the left chest and embroidered detail on the right chest</p></li><li class="desc-sub-title ">Material &amp; Care</li><li class="desc-sub-text "><p>100% cotton<br/>Hand or machine wash cold</p></li></ul>,25:02:2014,None
None,Cherokee Boys Green Shirt,http://www.myntra.com/shirts/cherokee/cherokee-boys-green-shirt/186289/buy,Rs. 594,boys-shirts-tshirts,T-shirts & Shirts,Krrish 3,http://myntra.myntassets.com/images/style/properties/Cherokee-Boys-Shirts_0c2bae743ab583d3c3a11c57090b5a69_images_1080_1440_mini.jpg,Rs. 849,None,boys,http://www.myntra.com/shirts/cherokee/cherokee-boys-green-shirt/186289/buy,Sold byVector Ecommerce Pvt Ltd,None,None,['8-9Y', '10-11Y', '12-13Y'],None,<ul class="mk-pdpv1-product-helper mk-cf"><li class="desc-main-title">Product Description</li><li class="desc-sub-title">Style Note</li><li class="desc-sub-text " itemprop="description"><p>Watch your little boy's delight as he plays comfortably in this striped shirt from Cherokee. Pair it with beige shorts and sporty sandals for a smart and trendy look.</p></li><li class="desc-sub-title ">Product Details</li><li class="desc-sub-text"><p>Green, striped shirt, has a spread collar, short sleeves with buttoned tabs, two patch pockets at the front with buttons, full buttoned placket in the front, badge applique on the left chest, shoulder yoke at the back, curved hemline with binding at the sides</p></li><li class="desc-sub-title ">Material &amp; Care</li><li class="desc-sub-text "><p>Cotton<br/>Machine wash</p></li></ul>,25:02:2014,None
None,Slub Juniors Boys Blue Stripped T-shirt,http://www.myntra.com/tshirts/slub-juniors/slub-juniors-boys-blue-stripped-t-shirt/232008/buy,Rs. 399,boys-shirts-tshirts,T-shirts & Shirts,Krrish 3,http://myntra.myntassets.com/images/style/properties/Slub-Juniors-Boys-Blue-Stripped-T-shirt_a2e6b96f7bc40a07c3a1d32bcf3df612_images_1080_1440_mini.jpg,None,None,boys,http://www.myntra.com/tshirts/slub-juniors/slub-juniors-boys-blue-stripped-t-shirt/232008/buy,Sold byVector Ecommerce Pvt Ltd,None,None,['7-8Y', '8-9Y', '10-11Y', '11-12Y', '13-14Y'],None,<ul class="mk-pdpv1-product-helper mk-cf"><li class="desc-main-title">Product Description</li><li class="desc-sub-title">Style Note</li><li class="desc-sub-text " itemprop="description"><p>Slub Juniors by Inmark offers a perfect balance of comfort and style with this T-shirt. Team this with a pair of jeans and sandals shoes for a trendy and cool look.</p></li><li class="desc-sub-title ">Product Details</li><li class="desc-sub-text"><p>Blue stripped knit T-shirt, has a ribbed round neck, short sleeves with double hem, print detail at the front, contrast stitched detail</p></li><li class="desc-sub-title ">Material &amp; Care</li><li class="desc-sub-text "><p>100% cotton<br/>Hand or machine wash cold</p></li></ul>,25:02:2014,None
None,United Colors of Benetton Boys Green Shirt,http://www.myntra.com/shirts/united-colors-of-benetton/united-colors-of-benetton-boys-green-shirt/232163/buy,Rs. 1,104,boys-shirts-tshirts,T-shirts & Shirts,Krrish 3,http://myntra.myntassets.com/images/style/properties/United-Colors-of-Benetton-Boys-Green-Shirt_66a1f8b5a470b70d9e189bfe8b9633a1_images_1080_1440_mini.jpg,Rs. 1,299,None,boys,http://www.myntra.com/shirts/united-colors-of-benetton/united-colors-of-benetton-boys-green-shirt/232163/buy,Sold byVector Ecommerce Pvt Ltd,None,None,['0-1Y', '3-4Y', '6-7Y', '7-8Y', '8-9Y', '4-5Y', '10-11Y', '11-12Y'],None,<ul class="mk-pdpv1-product-helper mk-cf"><li class="desc-main-title">Product Description</li><li class="desc-sub-title">Style Note</li><li class="desc-sub-text " itemprop="description"><p>Let your young boy look cool and casual in this shirt from United Colors of Benetton. Team it with jeans and casual shoes.</p></li><li class="desc-sub-title ">Product Details</li><li class="desc-sub-text"><p>Green shirt, spread collar, buttoned tabs at the shoulders, long sleeves with buttoned cuffs, patch detail on the left sleeve, full buttoned placket at front, patch pockets with buttoned flaps at chest, back yoke, curved hemline</p></li><li class="desc-sub-title ">Material &amp; Care</li><li class="desc-sub-text "><p>100% cotton<br/>Machine wash delicate</p></li></ul>,25:02:2014,None
None,Slub Juniors Boys Coral Red Printed T-shirt,http://www.myntra.com/tshirts/slub-juniors/slub-juniors-boys-coral-red-printed-t-shirt/232013/buy,Rs. 349,boys-shirts-tshirts,T-shirts & Shirts,Krrish 3,http://myntra.myntassets.com/images/style/properties/Slub-Juniors-Boys-Coral-Red-Printed-T-shirt_7122d5fb2147d91132aeed6c674e31a3_images_1080_1440_mini.jpg,None,None,boys,http://www.myntra.com/tshirts/slub-juniors/slub-juniors-boys-coral-red-printed-t-shirt/232013/buy,Sold byVector Ecommerce Pvt Ltd,None,None,['7-8Y', '8-9Y', '10-11Y', '11-12Y', '13-14Y'],None,<ul class="mk-pdpv1-product-helper mk-cf"><li class="desc-main-title">Product Description</li><li class="desc-sub-title">Style Note</li><li class="desc-sub-text " itemprop="description"><p>Slub Juniors by Inmark offers a perfect balance of comfort and style with this T-shirt. Team this with a pair of jeans and sandals for a trendy and cool look.</p></li><li class="desc-sub-title ">Product Details</li><li class="desc-sub-text"><p>Coral red knit T-shirt, has a round neck, short sleeves with roll-up detail and patch work on one sleeve<br/>Print detail at the front</p></li><li class="desc-sub-title ">Material &amp; Care</li><li class="desc-sub-text "><p>100% cotton<br/>Hand or machine wash cold</p></li></ul>,25:02:2014,None
None,U.S. Polo Assn. Kids Boys Yellow Polo T-shirt,http://www.myntra.com/tshirts/us-polo-assn-kids/us-polo-assn-kids-boys-yellow-polo-t-shirt/60212/buy,Rs. 899,boys-shirts-tshirts,T-shirts & Shirts,Krrish 3,http://myntra.myntassets.com/images/style/properties/US-Polo-Assn-Kids-Boys-Yellow-Polo-T-shirt_bb6bb4cc793eb2e5e33665eebd190533_images_1080_1440_mini.jpg,None,None,boys,http://www.myntra.com/tshirts/us-polo-assn-kids/us-polo-assn-kids-boys-yellow-polo-t-shirt/60212/buy,Sold byVector Ecommerce Pvt Ltd,None,None,['4-5Y', '6-7Y', '8-9Y', '9-10Y'],None,<ul class="mk-pdpv1-product-helper mk-cf"><li class="desc-main-title">Product Description</li><li class="desc-sub-title">Style Note</li><li class="desc-sub-text " itemprop="description"><p>Give your little one a chance to dress up like an adult with this polo T-shirt from US Polo Assn. You could make him look like an adorable mini golfer by making him wear this T-shirt with a fine pair of chinos, or just let him have fun by pairing it with jeans or shorts.</p></li><li class="desc-sub-title ">Product Details</li><li class="desc-sub-text"><p>Yellow polo T-shirt, has a ribbed cutaway collar, two buttoned placket, branding embroidered on the left chest, short sleeves with ribbed cuffs, appliquéd numeral on the right sleeve and vented hemline with the back hemline longer than the front</p></li><li class="desc-sub-title ">Material &amp; Care</li><li class="desc-sub-text "><p>100% cotton<br/> Machine wash</p></li></ul>,25:02:2014,None
None,Slub Juniors Boys Blue Printed Casual Shirt,http://www.myntra.com/shirts/slub-juniors/slub-juniors-boys-blue-printed-casual-shirt/232000/buy,Rs. 649,boys-shirts-tshirts,T-shirts & Shirts,Krrish 3,http://myntra.myntassets.com/images/style/properties/Slub-Juniors-Boys-Blue-Printed-Casual-Shirt_af7a89cfa1a0a42df9ee6a444613392f_images_1080_1440_mini.jpg,None,None,boys,http://www.myntra.com/shirts/slub-juniors/slub-juniors-boys-blue-printed-casual-shirt/232000/buy,Sold byVector Ecommerce Pvt Ltd,None,None,['7-8Y', '8-9Y', '10-11Y', '11-12Y', '13-14Y'],None,<ul class="mk-pdpv1-product-helper mk-cf"><li class="desc-main-title">Product Description</li><li class="desc-sub-title">Style Note</li><li class="desc-sub-text " itemprop="description"><p>This casual shirt from Slub Juniors is sure to give an  effortlessly stylish look to your little boy. Team it up with a pair of jeans and canvas trainers when he is heading out to a birthday party.</p></li><li class="desc-sub-title ">Product Details</li><li class="desc-sub-text"><p>Blue, printed casual shirt, woven, with black accents, has a spread collar, long sleeves with buttoned cuffs and roll-up tab feature, full buttoned placket at front, buttoned patch pocket on the left chest, yoke at the back, curved hem with stitched detail</p></li><li class="desc-sub-title ">Material &amp; Care</li><li class="desc-sub-text "><p>100% cotton<br/>Hand or machine wash cold</p></li></ul>,25:02:2014,None
None,U.S. Polo Assn. Kids Boys Orange & Navy Striped T-shirt,http://www.myntra.com/tshirts/us-polo-assn-kids/us-polo-assn-kids-boys-orange-navy-striped-t-shirt/238344/buy,Rs. 899,boys-shirts-tshirts,T-shirts & Shirts,Krrish 3,http://myntra.myntassets.com/images/style/properties/US-Polo-Assn-Kids-Boys-Orange-&-Navy-Striped-T-shirt_8fce0dbcea113fc372ea863e6bffb3d0_images_1080_1440_mini.jpg,None,None,boys,http://www.myntra.com/tshirts/us-polo-assn-kids/us-polo-assn-kids-boys-orange-navy-striped-t-shirt/238344/buy,Sold byVector Ecommerce Pvt Ltd,None,None,['4-5Y', '6-7Y', '8-9Y', '9-10Y'],None,<ul class="mk-pdpv1-product-helper mk-cf"><li class="desc-main-title">Product Description</li><li class="desc-sub-title">Style Note</li><li class="desc-sub-text " itemprop="description"><p>This cool and trendy T-shirt from U.S. Polo Assn. Kids is sure to amplify your little boy's style. Team it with denims or cargos for a perfect casual look.</p></li><li class="desc-sub-title ">Product Details</li><li class="desc-sub-text"><p>Orange and navy blue striped T-shirt with white accents, knitted, ribbed V-neck, contrast stitched detail at back neck and shoulders, embroidered branding at the front, short sleeves with stitched detail, straight hem with stitched detail</p></li><li class="desc-sub-title ">Material &amp; Care</li><li class="desc-sub-text "><p>Cotton<br/>Machine wash cold</p></li></ul>,25:02:2014,None
None,Slub Juniors Boys Navy T-shirt,http://www.myntra.com/tshirts/slub-juniors/slub-juniors-boys-navy-t-shirt/232002/buy,Rs. 349,boys-shirts-tshirts,T-shirts & Shirts,Krrish 3,http://myntra.myntassets.com/images/style/properties/Slub-Juniors-Boys-Navy-T-shirt_8aeedc905468d9b522595e71ea61cef6_images_1080_1440_mini.jpg,None,None,boys,http://www.myntra.com/tshirts/slub-juniors/slub-juniors-boys-navy-t-shirt/232002/buy,Sold byVector Ecommerce Pvt Ltd,None,None,['7-8Y', '8-9Y', '10-11Y', '11-12Y', '13-14Y'],None,<ul class="mk-pdpv1-product-helper mk-cf"><li class="desc-main-title">Product Description</li><li class="desc-sub-title">Style Note</li><li class="desc-sub-text " itemprop="description"><p>Slub Juniors presents a cool and lively option for casual wear. Team this T-shirt with jeans and sneakers.</p></li><li class="desc-sub-title ">Product Details</li><li class="desc-sub-text"><p>Navy blue T-shirt with red, white and yellow  accents, has a ribbed round neck, short sleeves, graphic print and embroidered, applique detail at the front, contrast panel at the sides, contrast stitched detail at the shoulders, sleeves, sides and hem</p></li><li class="desc-sub-title ">Material &amp; Care</li><li class="desc-sub-text "><p>100% cotton<br/>Hand or machine wash cold</p></li></ul>,25:02:2014,None
None,Nike Boys Navy & Maroon Striped FCB Football Jersey,http://www.myntra.com/tshirts/nike/nike-boys-navy-maroon-striped-fcb-football-jersey/222283/buy,Rs. 3,295,boys-shirts-tshirts,T-shirts & Shirts,Krrish 3,http://myntra.myntassets.com/images/style/properties/Nike-Boys-Navy-&-Maroon-Striped-FCB-Football-Jersey_a88e312535bf718c49a5806a487b53bf_images_1080_1440_mini.jpg,None,None,boys,http://www.myntra.com/tshirts/nike/nike-boys-navy-maroon-striped-fcb-football-jersey/222283/buy,Sold byVector Ecommerce Pvt Ltd,None,None,['5-6Y', '7-8Y', '9-10Y', '11-12Y'],None,<ul class="mk-pdpv1-product-helper mk-cf"><li class="desc-main-title">Product Description</li><li class="desc-sub-title">Style Note</li><li class="desc-sub-text " itemprop="description"><p>Featuring revolutionary Dri-FIT and Stay-Cool technologies that help you stay cool and sweat-free, this jersey features the Manchester United logo at the chest. For maximized performance we suggest that you team this piece with football shorts and trainers for your little boy.</p></li><li class="desc-sub-title ">Product Details</li><li class="desc-sub-text"><p>Navy and maroon striped jersey, Dri-FIT and Stay Cool technology, has contrast ribbed V cross-over neck with red striped panel at back, short sleeves with applique at right sleeve, embroidered Nike swoosh at right chest, FCB logo applique at left chest, sponsor print at centre chest, UNICEF print at back, embroidered branding above left hem<br/>With an authentication tag stating that the product is designed to the exact specifications of championship athletes<br/>Warranty for manufacturing defects: 6 months (not valid on products with more than 20% discount)</p></li><li class="desc-sub-title ">Material &amp; Care</li><li class="desc-sub-text "><p>100% recycled polyester<br/>Machine wash warm</p></li></ul>,25:02:2014,None
None,United Colors of Benetton Boys Blue & Pink Checked Shirt,http://www.myntra.com/shirts/united-colors-of-benetton/united-colors-of-benetton-boys-blue-pink-checked-s/232173/buy,Rs. 1,104,boys-shirts-tshirts,T-shirts & Shirts,Krrish 3,http://myntra.myntassets.com/images/style/properties/United-Colors-of-Benetton-Boys-Blue-&-Pink-Checked-Shirt_310c60cd6f1f15ca4eaa46e4b09c3507_images_1080_1440_mini.jpg,Rs. 1,299,None,boys,http://www.myntra.com/shirts/united-colors-of-benetton/united-colors-of-benetton-boys-blue-pink-checked-s/232173/buy,Sold byVector Ecommerce Pvt Ltd,None,None,['0-1Y', '1-2Y', '2-3Y', '3-4Y', '6-7Y', '7-8Y', '8-9Y', '4-5Y', '10-11Y', '11-12Y'],None,<ul class="mk-pdpv1-product-helper mk-cf"><li class="desc-main-title">Product Description</li><li class="desc-sub-title">Style Note</li><li class="desc-sub-text " itemprop="description"><p>Let your young boy look cool and casual in this shirt from United Colors of Benetton. Team it with jeans and casual shoes.</p></li><li class="desc-sub-title ">Product Details</li><li class="desc-sub-text"><p>Pink and grey checked shirt, spread collar, long sleeves with buttoned cuffs and roll-up tab feature, embroidered branding at left chest, full buttoned placket at front, back yoke, curved hemline</p></li><li class="desc-sub-title ">Material &amp; Care</li><li class="desc-sub-text "><p>100% cotton<br/>Machine wash delicate</p></li></ul>,25:02:2014,None
None,Slub Juniors Boys Red and Blue Checked Casual Shirt,http://www.myntra.com/shirts/slub-juniors/slub-juniors-boys-red-and-blue-checked-casual-shir/231999/buy,Rs. 699,boys-shirts-tshirts,T-shirts & Shirts,Krrish 3,http://myntra.myntassets.com/images/style/properties/Slub-Juniors-Boys-Red-and-Blue-Checked-Casual-Shirt_88803a12bf41f7c9153ef91ab85ad0ba_images_1080_1440_mini.jpg,None,None,boys,http://www.myntra.com/shirts/slub-juniors/slub-juniors-boys-red-and-blue-checked-casual-shir/231999/buy,Sold byVector Ecommerce Pvt Ltd,None,None,['7-8Y', '8-9Y', '10-11Y', '11-12Y', '13-14Y'],None,<ul class="mk-pdpv1-product-helper mk-cf"><li class="desc-main-title">Product Description</li><li class="desc-sub-title">Style Note</li><li class="desc-sub-text " itemprop="description"><p>This casual shirt from Slub Juniors is sure to give an  effortlessly stylish look to your little boy. Team it up with a pair of jeans and canvas trainers when he is heading out to a birthday party.</p></li><li class="desc-sub-title ">Product Details</li><li class="desc-sub-text"><p>Red and blue, checked casual shirt, woven, with white accents, has a spread collar, long sleeves with buttoned cuffs and roll-up tab feature, short buttoned placket at the front, panelled detail at the front sides, patch detail on the right chest, slip pockets at the front waist, yoke and printed detail at the back, curved hem with white stitched detail</p></li><li class="desc-sub-title ">Material &amp; Care</li><li class="desc-sub-text "><p>100% cotton<br/>Hand or machine wash cold</p></li></ul>,25:02:2014,None
None,U.S. Polo Assn. Kids Unisex Purple T-shirt,http://www.myntra.com/tshirts/us-polo-assn-kids/us-polo-assn-kids-unisex-purple-t-shirt/60197/buy,Rs. 999,boys-shirts-tshirts,T-shirts & Shirts,Krrish 3,http://myntra.myntassets.com/images/style/properties/US-Polo-Assn-Kids-Unisex-Purple-T-shirt_06a3cbaad864d099e9074c1c35dc7758_images_1080_1440_mini.jpg,None,None,boys,http://www.myntra.com/tshirts/us-polo-assn-kids/us-polo-assn-kids-unisex-purple-t-shirt/60197/buy,Sold byVector Ecommerce Pvt Ltd,None,None,['M', 'L', 'EL'],None,<ul class="mk-pdpv1-product-helper mk-cf"><li class="desc-main-title">Product Description</li><li class="desc-sub-title">Style Note</li><li class="desc-sub-text " itemprop="description"><p>Update your kid's summer wardrobe with this purple polo T-shirt from US Polo Assn. We think the sporty look and the preppy style are just the thing for growing girls and boys!</p></li><li class="desc-sub-title ">Product Details</li><li class="desc-sub-text"><p>Purple polo T-shirt has a spread collar, half buttoned placket, branding embroidered on left chest, appliqué   on the right arm, short sleeves, ribbed cuffs and vented hem</p></li><li class="desc-sub-title ">Material &amp; Care</li><li class="desc-sub-text "><p>100% cotton <br/> Machine wash cold</p></li></ul>,25:02:2014,None
None,Slub Juniors Boys Yellow Printed T-shirt,http://www.myntra.com/tshirts/slub-juniors/slub-juniors-boys-yellow-printed-t-shirt/232017/buy,Rs. 349,boys-shirts-tshirts,T-shirts & Shirts,Krrish 3,http://myntra.myntassets.com/images/style/properties/Slub-Juniors-Boys-Green-Printed-T-shirt_3079e50b48feba445aecb727e96b3079_images_1080_1440_mini.jpg,None,None,boys,http://www.myntra.com/tshirts/slub-juniors/slub-juniors-boys-yellow-printed-t-shirt/232017/buy,Sold byVector Ecommerce Pvt Ltd,None,None,['7-8Y', '8-9Y', '10-11Y', '11-12Y', '13-14Y'],None,<ul class="mk-pdpv1-product-helper mk-cf"><li class="desc-main-title">Product Description</li><li class="desc-sub-title">Style Note</li><li class="desc-sub-text " itemprop="description"><p>Designed to provide comfort and style, this T-shirt from Slub Juniors, is sure to bring about the best in your little boy.  Team it up with a pair of jeans and canvas shoes when he is heading out.</p></li><li class="desc-sub-title ">Product Details</li><li class="desc-sub-text"><p>Yellow printed T-shirt, knit, has contrast ribbed round neck, short sleeves with patch detail on the right sleeve, graphic print at the front, white stitched detail at the shoulder and sides</p></li><li class="desc-sub-title ">Material &amp; Care</li><li class="desc-sub-text "><p>100% cotton<br/>Machine wash</p></li></ul>,25:02:2014,None
None,United Colors of Benetton Boys White & Black Striped Shirt,http://www.myntra.com/shirts/united-colors-of-benetton/united-colors-of-benetton-boys-white-black-striped/232171/buy,Rs. 849,boys-shirts-tshirts,T-shirts & Shirts,Krrish 3,http://myntra.myntassets.com/images/style/properties/United-Colors-of-Benetton-Boys-White-&-Black-Striped-Shirt_62cbb555c21ac1ff2fe8c17e3727b7a9_images_1080_1440_mini.jpg,Rs. 999,None,boys,http://www.myntra.com/shirts/united-colors-of-benetton/united-colors-of-benetton-boys-white-black-striped/232171/buy,Sold byVector Ecommerce Pvt Ltd,None,None,['0-1Y', '1-2Y', '2-3Y', '3-4Y', '6-7Y', '7-8Y', '8-9Y', '4-5Y', '10-11Y', '11-12Y'],None,<ul class="mk-pdpv1-product-helper mk-cf"><li class="desc-main-title">Product Description</li><li class="desc-sub-title">Style Note</li><li class="desc-sub-text " itemprop="description"><p>Your little man will look smart without compromising on comfort when he is wearing this shirt by UCB. Style it with dark jeans and canvas shoes for a family affair.</p></li><li class="desc-sub-title ">Product Details</li><li class="desc-sub-text"><p>Black and white, striped shirt, spread collar, long sleeves with buttoned cuffs and roll-up tab feature, full buttoned placket at front, embroidered branding on the left chest, back yoke, curved hemline, stitched detail throughout</p></li><li class="desc-sub-title ">Material &amp; Care</li><li class="desc-sub-text "><p>100% cotton<br/>Machine wash cold</p></li></ul>,25:02:2014,None
None,U.S. Polo Assn. Kids Boys Dark Blue Polo T-shirt,http://www.myntra.com/tshirts/us-polo-assn-kids/us-polo-assn-kids-boys-dark-blue-polo-t-shirt/238311/buy,Rs. 999,boys-shirts-tshirts,T-shirts & Shirts,Krrish 3,http://myntra.myntassets.com/images/style/properties/US-Polo-Assn-Kids-Boys-Navy-Polo-T-shirt_90d0c1455715e61954091171afcf67be_images_1080_1440_mini.jpg,None,None,boys,http://www.myntra.com/tshirts/us-polo-assn-kids/us-polo-assn-kids-boys-dark-blue-polo-t-shirt/238311/buy,Sold byVector Ecommerce Pvt Ltd,None,None,['10-11Y', '11-12Y', '13-14Y'],None,<ul class="mk-pdpv1-product-helper mk-cf"><li class="desc-main-title">Product Description</li><li class="desc-sub-title">Style Note</li><li class="desc-sub-text " itemprop="description"><p>U.S. Polo Assn. Kids offers best of the style for your little boy with top notch quality, design and value. Let him wear this tee over denims or shorts with loafers for a casual day.</p></li><li class="desc-sub-title ">Product Details</li><li class="desc-sub-text"><p>Dark blue, polo T-shirt, knitted, ribbed polo collar, short sleeves with ribbed cuff, half buttoned chest placket, embroidery branding at the left chest, embroidery detail on the right sleeve, back longer than the front</p></li><li class="desc-sub-title ">Material &amp; Care</li><li class="desc-sub-text "><p>100% cotton<br/>Machine wash cold</p></li></ul>,25:02:2014,None
