http://www.myntra.com/men-tees-polos?nav_id=16&src=tn,/men-tees-polos,T-shirts & Collared Tees,http://www.myntra.com/slub?src=lnb,Slub [26]
,http://www.myntra.com/jeans/slub/slub-men-navy-slim-fit-jeans/215145/buy
http://www.myntra.com/men-tees-polos?nav_id=16&src=tn,/men-tees-polos,T-shirts & Collared Tees,http://www.myntra.com/slub?src=lnb,Slub [26]
,http://www.myntra.com/sweaters/slub/slub-men-maroon-sweater/215118/buy
http://www.myntra.com/men-tees-polos?nav_id=16&src=tn,/men-tees-polos,T-shirts & Collared Tees,http://www.myntra.com/slub?src=lnb,Slub [26]
,http://www.myntra.com/shirts/slub/slub-men-white-bicycle-print-casual-shirt/204097/buy
http://www.myntra.com/men-tees-polos?nav_id=16&src=tn,/men-tees-polos,T-shirts & Collared Tees,http://www.myntra.com/slub?src=lnb,Slub [26]
,http://www.myntra.com/shirts/slub/slub-men-blue-printed-slim-fit-casual-shirt/229639/buy
http://www.myntra.com/men-tees-polos?nav_id=16&src=tn,/men-tees-polos,T-shirts & Collared Tees,http://www.myntra.com/slub?src=lnb,Slub [26]
,http://www.myntra.com/trousers/slub/slub-men-black-slim-fit-cargo-trousers/204124/buy
http://www.myntra.com/men-tees-polos?nav_id=16&src=tn,/men-tees-polos,T-shirts & Collared Tees,http://www.myntra.com/slub?src=lnb,Slub [26]
,http://www.myntra.com/trousers/slub/slub-men-black-printed-slim-fit-chinos/229641/buy
http://www.myntra.com/men-tees-polos?nav_id=16&src=tn,/men-tees-polos,T-shirts & Collared Tees,http://www.myntra.com/slub?src=lnb,Slub [26]
,http://www.myntra.com/tshirts/slub/nautica-men-brown-printed-t-shirt/229646/buy
http://www.myntra.com/men-tees-polos?nav_id=16&src=tn,/men-tees-polos,T-shirts & Collared Tees,http://www.myntra.com/slub?src=lnb,Slub [26]
,http://www.myntra.com/shirts/slub/slub-men-grey-black-striped-slim-fit-casual-shirt/204102/buy
http://www.myntra.com/men-tees-polos?nav_id=16&src=tn,/men-tees-polos,T-shirts & Collared Tees,http://www.myntra.com/slub?src=lnb,Slub [26]
,http://www.myntra.com/trousers/slub/slub-men-black-slim-fit-chinos/229643/buy
http://www.myntra.com/men-tees-polos?nav_id=16&src=tn,/men-tees-polos,T-shirts & Collared Tees,http://www.myntra.com/slub?src=lnb,Slub [26]
,http://www.myntra.com/shirts/slub/slub-men-grey-printed-slim-fit-casual-shirt/229640/buy
http://www.myntra.com/men-tees-polos?nav_id=16&src=tn,/men-tees-polos,T-shirts & Collared Tees,http://www.myntra.com/slub?src=lnb,Slub [26]
,http://www.myntra.com/trousers/slub/slub-men-teal-blue-slim-fit-cargo-trousers/204117/buy
http://www.myntra.com/men-tees-polos?nav_id=16&src=tn,/men-tees-polos,T-shirts & Collared Tees,http://www.myntra.com/slub?src=lnb,Slub [26]
,http://www.myntra.com/jeans/slub/slub-men-blue-regular-fit-jeans/229635/buy
http://www.myntra.com/men-tees-polos?nav_id=16&src=tn,/men-tees-polos,T-shirts & Collared Tees,http://www.myntra.com/slub?src=lnb,Slub [26]
,http://www.myntra.com/tshirts/slub/slub-men-white-printed-t-shirt/185946/buy
http://www.myntra.com/men-tees-polos?nav_id=16&src=tn,/men-tees-polos,T-shirts & Collared Tees,http://www.myntra.com/slub?src=lnb,Slub [26]
,http://www.myntra.com/tshirts/slub/slub-men-charcoal-grey-printed-t-shirt/229647/buy
http://www.myntra.com/men-tees-polos?nav_id=16&src=tn,/men-tees-polos,T-shirts & Collared Tees,http://www.myntra.com/slub?src=lnb,Slub [26]
,http://www.myntra.com/trousers/slub/slub-men-brown-printed-slim-fit-chinos/229642/buy
http://www.myntra.com/men-tees-polos?nav_id=16&src=tn,/men-tees-polos,T-shirts & Collared Tees,http://www.myntra.com/slub?src=lnb,Slub [26]
,http://www.myntra.com/trousers/slub/slub-men-brown-sim-fit-cargo-trousers/204123/buy
http://www.myntra.com/men-tees-polos?nav_id=16&src=tn,/men-tees-polos,T-shirts & Collared Tees,http://www.myntra.com/slub?src=lnb,Slub [26]
,http://www.myntra.com/shirts/slub/slub-men-black-printed-slim-fit-casual-shirt/204099/buy
http://www.myntra.com/men-tees-polos?nav_id=16&src=tn,/men-tees-polos,T-shirts & Collared Tees,http://www.myntra.com/slub?src=lnb,Slub [26]
,http://www.myntra.com/trousers/slub/slub-men-beige-slim-fit-cargo-trousers/204110/buy
http://www.myntra.com/men-tees-polos?nav_id=16&src=tn,/men-tees-polos,T-shirts & Collared Tees,http://www.myntra.com/slub?src=lnb,Slub [26]
,http://www.myntra.com/tshirts/slub/slub-men-white-blue-printed-polo-t-shirt/215129/buy
http://www.myntra.com/men-tees-polos?nav_id=16&src=tn,/men-tees-polos,T-shirts & Collared Tees,http://www.myntra.com/slub?src=lnb,Slub [26]
,http://www.myntra.com/sweaters/slub/slub-men-maroon-sweater/215113/buy
http://www.myntra.com/men-tees-polos?nav_id=16&src=tn,/men-tees-polos,T-shirts & Collared Tees,http://www.myntra.com/slub?src=lnb,Slub [26]
,http://www.myntra.com/sweaters/slub/slub-men-black-off-white-sweater/215114/buy
http://www.myntra.com/men-tees-polos?nav_id=16&src=tn,/men-tees-polos,T-shirts & Collared Tees,http://www.myntra.com/slub?src=lnb,Slub [26]
,http://www.myntra.com/sweaters/slub/slub-men-multi-coloured-striped-sweater/215122/buy
http://www.myntra.com/men-tees-polos?nav_id=16&src=tn,/men-tees-polos,T-shirts & Collared Tees,http://www.myntra.com/slub?src=lnb,Slub [26]
,http://www.myntra.com/trousers/slub/slub-men-maroon-slim-fit-trousers/229644/buy
http://www.myntra.com/men-tees-polos?nav_id=16&src=tn,/men-tees-polos,T-shirts & Collared Tees,http://www.myntra.com/slub?src=lnb,Slub [26]
,http://www.myntra.com/shirts/slub/slub-men-grey-checked-slim-fit-casual-shirt/163381/buy
http://www.myntra.com/men-tees-polos?nav_id=16&src=tn,/men-tees-polos,T-shirts & Collared Tees,http://www.myntra.com/slub?src=lnb,Slub [26]
,http://www.myntra.com/Shirts/Slub/Slub-Men-Blue-Checked-Slim-Fit-Casual-Shirt/163376/buy
http://www.myntra.com/men-tees-polos?nav_id=16&src=tn,/men-tees-polos,T-shirts & Collared Tees,http://www.myntra.com/slub?src=lnb,Slub [26]
,http://www.myntra.com/Tshirts/Slub/Slub-Men-Yellow-Printed-T-shirt/215144/buy
http://www.myntra.com/men-tees-polos?nav_id=16&src=tn,/men-tees-polos,T-shirts & Collared Tees,http://www.myntra.com/slub?src=lnb,Slub [26]
,http://www.myntra.com/Tshirts/Slub/Slub-Men-Charcoal-Grey-Polo-T-shirt/215128/buy
http://www.myntra.com/men-tees-polos?nav_id=16&src=tn,/men-tees-polos,T-shirts & Collared Tees,http://www.myntra.com/slub?src=lnb,Slub [26]
,http://www.myntra.com/Tshirts/Slub/Slub-Men-Purple-Polo-T-shirt/215137/buy
http://www.myntra.com/men-tees-polos?nav_id=16&src=tn,/men-tees-polos,T-shirts & Collared Tees,http://www.myntra.com/slub?src=lnb,Slub [26]
,http://www.myntra.com/Tshirts/Slub/Slub-Men-Black-Printed-T-shirt/204131/buy
http://www.myntra.com/men-tees-polos?nav_id=16&src=tn,/men-tees-polos,T-shirts & Collared Tees,http://www.myntra.com/slub?src=lnb,Slub [26]
,http://www.myntra.com/Tshirts/Slub/Slub-Men-White-Pique-Polo-T-shirt/204128/buy
http://www.myntra.com/men-tees-polos?nav_id=16&src=tn,/men-tees-polos,T-shirts & Collared Tees,http://www.myntra.com/slub?src=lnb,Slub [26]
,http://www.myntra.com/Shirts/Slub/Slub-Men-Blue-&-Red-Checked-Slim-Fit-Casual-Shirt/171843/buy
http://www.myntra.com/men-tees-polos?nav_id=16&src=tn,/men-tees-polos,T-shirts & Collared Tees,http://www.myntra.com/slub?src=lnb,Slub [26]
,http://www.myntra.com/Tshirts/Slub/Slub-Men-Red-Printed-T-shirt/204130/buy
http://www.myntra.com/men-tees-polos?nav_id=16&src=tn,/men-tees-polos,T-shirts & Collared Tees,http://www.myntra.com/slub?src=lnb,Slub [26]
,http://www.myntra.com/Tshirts/Slub/Slub-Men-Off-White-Printed-T-shirt/204133/buy
http://www.myntra.com/men-tees-polos?nav_id=16&src=tn,/men-tees-polos,T-shirts & Collared Tees,http://www.myntra.com/slub?src=lnb,Slub [26]
,http://www.myntra.com/Sweaters/Slub/Slub-Men-Black-Sweater/215120/buy
http://www.myntra.com/men-tees-polos?nav_id=16&src=tn,/men-tees-polos,T-shirts & Collared Tees,http://www.myntra.com/slub?src=lnb,Slub [26]
,http://www.myntra.com/Trousers/Slub/Slub-Men-Olive-Green-Slim-Fit-Chinos/229645/buy
http://www.myntra.com/men-tees-polos?nav_id=16&src=tn,/men-tees-polos,T-shirts & Collared Tees,http://www.myntra.com/slub?src=lnb,Slub [26]
,http://www.myntra.com/Sweaters/Slub/Slub-Men-Off-White-&-Beige-Striped-Sweater/215123/buy
http://www.myntra.com/men-tees-polos?nav_id=16&src=tn,/men-tees-polos,T-shirts & Collared Tees,http://www.myntra.com/slub?src=lnb,Slub [26]
,http://www.myntra.com/Sweaters/Slub/Slub-Men-Grey-Sweater/215111/buy
http://www.myntra.com/men-tees-polos?nav_id=16&src=tn,/men-tees-polos,T-shirts & Collared Tees,http://www.myntra.com/slub?src=lnb,Slub [26]
,http://www.myntra.com/Shirts/Slub/Slub-Men-Grey-Slim-Fit-Denim-Casual-Shirt/204093/buy
http://www.myntra.com/men-tees-polos?nav_id=16&src=tn,/men-tees-polos,T-shirts & Collared Tees,http://www.myntra.com/slub?src=lnb,Slub [26]
,http://www.myntra.com/Shirts/Slub/Slub-Men-Charcoal-Grey-Slim-Fit-Casual-Shirt/171855/buy
http://www.myntra.com/men-tees-polos?nav_id=16&src=tn,/men-tees-polos,T-shirts & Collared Tees,http://www.myntra.com/slub?src=lnb,Slub [26]
,http://www.myntra.com/Shirts/Slub/Slub-Men-Blue-&-Navy-Striped-Slim-Fit-Casual-Shirt/204103/buy
http://www.myntra.com/men-tees-polos?nav_id=16&src=tn,/men-tees-polos,T-shirts & Collared Tees,http://www.myntra.com/slub?src=lnb,Slub [26]
,http://www.myntra.com/Shirts/Slub/Slub-Men-Grey-Printed-Slim-Fit-Casual-Shirt/204098/buy
http://www.myntra.com/men-tees-polos?nav_id=16&src=tn,/men-tees-polos,T-shirts & Collared Tees,http://www.myntra.com/slub?src=lnb,Slub [26]
,http://www.myntra.com/Shirts/Slub/Slub-Men-Red-&-White-Checked-Slim-Fit-Casual-Shirt/171842/buy
http://www.myntra.com/men-tees-polos?nav_id=16&src=tn,/men-tees-polos,T-shirts & Collared Tees,http://www.myntra.com/slub?src=lnb,Slub [26]
,http://www.myntra.com/Shirts/Slub/Slub-Men-Charcoal-Grey-Slim-Fit-Casual-Shirt/171852/buy
http://www.myntra.com/men-tees-polos?nav_id=16&src=tn,/men-tees-polos,T-shirts & Collared Tees,http://www.myntra.com/slub?src=lnb,Slub [26]
,http://www.myntra.com/Shirts/Slub/Slub-Men-Navy-&-Pink-Checked-Slim-Fit-Casual-Shirt/171844/buy
http://www.myntra.com/men-tees-polos?nav_id=16&src=tn,/men-tees-polos,T-shirts & Collared Tees,http://www.myntra.com/slub?src=lnb,Slub [26]
,http://www.myntra.com/Shirts/Slub/Slub-Men-Blue-&-White-Striped-Slim-Fit-Casual-Shirt/229636/buy
http://www.myntra.com/men-tees-polos?nav_id=16&src=tn,/men-tees-polos,T-shirts & Collared Tees,http://www.myntra.com/slub?src=lnb,Slub [26]
,http://www.myntra.com/Trousers/Slub/Slub-Men-Yellow-Slim-Fit-Chino-Trousers/185942/buy
http://www.myntra.com/men-tees-polos?nav_id=16&src=tn,/men-tees-polos,T-shirts & Collared Tees,http://www.myntra.com/slub?src=lnb,Slub [26]
,http://www.myntra.com/Sweaters/Slub/Slub-Men-Multi-Coloured-Striped-Sweater/215124/buy
http://www.myntra.com/men-tees-polos?nav_id=16&src=tn,/men-tees-polos,T-shirts & Collared Tees,http://www.myntra.com/slub?src=lnb,Slub [26]
,http://www.myntra.com/Tshirts/Slub/Slub-Men-Purple-Printed-T-shirt/204132/buy
http://www.myntra.com/men-tees-polos?nav_id=16&src=tn,/men-tees-polos,T-shirts & Collared Tees,http://www.myntra.com/slub?src=lnb,Slub [26]
,http://www.myntra.com/Tshirts/Slub/Slub-Men-Blue-Printed-T-shirt/204127/buy
http://www.myntra.com/men-tees-polos?nav_id=16&src=tn,/men-tees-polos,T-shirts & Collared Tees,http://www.myntra.com/slub?src=lnb,Slub [26]
,http://www.myntra.com/Trousers/Slub/Slub-Men-Blue-Slim-Fit-Chino-Trousers/185943/buy
http://www.myntra.com/men-tees-polos?nav_id=16&src=tn,/men-tees-polos,T-shirts & Collared Tees,http://www.myntra.com/slub?src=lnb,Slub [26]
,http://www.myntra.com/Trousers/Slub/Slub-Men-Red-Twill-Slim-Fit-Chino-Trousers/163386/buy
http://www.myntra.com/men-tees-polos?nav_id=16&src=tn,/men-tees-polos,T-shirts & Collared Tees,http://www.myntra.com/slub?src=lnb,Slub [26]
,http://www.myntra.com/Shirts/Slub/Slub-Men-Green-&-Brown-Checked-Slim-Fit-Casual-Shirt/163354/buy
http://www.myntra.com/men-tees-polos?nav_id=16&src=tn,/men-tees-polos,T-shirts & Collared Tees,http://www.myntra.com/slub?src=lnb,Slub [26]
,http://www.myntra.com/Tshirts/Slub/Slub-Men-White-Printed-T-shirt/204137/buy
http://www.myntra.com/men-tees-polos?nav_id=16&src=tn,/men-tees-polos,T-shirts & Collared Tees,http://www.myntra.com/slub?src=lnb,Slub [26]
,http://www.myntra.com/Shirts/Slub/Slub-Men-Charcoal-Grey-&-White-Striped-Slim-Fit-Casual-Shirt/229637/buy
http://www.myntra.com/men-tees-polos?nav_id=16&src=tn,/men-tees-polos,T-shirts & Collared Tees,http://www.myntra.com/slub?src=lnb,Slub [26]
,http://www.myntra.com/Shirts/Slub/Slub-Men-Olive-&-Brown-Checked-Slim-Fit-Casual-Shirt/163382/buy
http://www.myntra.com/men-tees-polos?nav_id=16&src=tn,/men-tees-polos,T-shirts & Collared Tees,http://www.myntra.com/slub?src=lnb,Slub [26]
,http://www.myntra.com/Tshirts/Slub/Slub-Men-White-Printed-T-shirt/204129/buy
http://www.myntra.com/men-tees-polos?nav_id=16&src=tn,/men-tees-polos,T-shirts & Collared Tees,http://www.myntra.com/slub?src=lnb,Slub [26]
,http://www.myntra.com/Tshirts/Slub/Slub-Men-White-Printed-T-shirt/204126/buy
http://www.myntra.com/men-tees-polos?nav_id=16&src=tn,/men-tees-polos,T-shirts & Collared Tees,http://www.myntra.com/slub?src=lnb,Slub [26]
,http://www.myntra.com/Tshirts/Slub/Slub-Men-White-Printed-T-shirt/204134/buy
http://www.myntra.com/men-tees-polos?nav_id=16&src=tn,/men-tees-polos,T-shirts & Collared Tees,http://www.myntra.com/slub?src=lnb,Slub [26]
,http://www.myntra.com/Jeans/Slub/Slub-Men-Light-Blue-Regular-Fit-Jeans/229634/buy
http://www.myntra.com/men-tees-polos?nav_id=16&src=tn,/men-tees-polos,T-shirts & Collared Tees,http://www.myntra.com/slub?src=lnb,Slub [26]
,http://www.myntra.com/Shirts/Slub/Slub-Men-Pink-Printed-Slim-Fit-Casual-Shirt/229638/buy
http://www.myntra.com/men-tees-polos?nav_id=16&src=tn,/men-tees-polos,T-shirts & Collared Tees,http://www.myntra.com/slub?src=lnb,Slub [26]
,http://www.myntra.com/Tshirts/Slub/Slub-Men-Green-Printed-T-shirt/215135/buy
http://www.myntra.com/men-tees-polos?nav_id=16&src=tn,/men-tees-polos,T-shirts & Collared Tees,http://www.myntra.com/slub?src=lnb,Slub [26]
,http://www.myntra.com/Shirts/Slub/Slub-Men-Navy-&-White-Bicycle-Print-Casual-Shirt/204096/buy
http://www.myntra.com/men-tees-polos?nav_id=16&src=tn,/men-tees-polos,T-shirts & Collared Tees,http://www.myntra.com/slub?src=lnb,Slub [26]
,http://www.myntra.com/Jeans/Slub/Slub-Men-Blue-Slim-Fit-Jeans/204090/buy
http://www.myntra.com/men-tees-polos?nav_id=16&src=tn,/men-tees-polos,T-shirts & Collared Tees,http://www.myntra.com/slub?src=lnb,Slub [26]
,http://www.myntra.com/Shirts/Slub/Slub-Men-Grey-&-Green-Striped-Slim-Fit-Casual-Shirt/171839/buy
http://www.myntra.com/men-tees-polos?nav_id=16&src=tn,/men-tees-polos,T-shirts & Collared Tees,http://www.myntra.com/slub?src=lnb,Slub [26]
,http://www.myntra.com/Tshirts/Slub/Slub-Men-Multi-Coloured-Striped-T-shirt/204135/buy
http://www.myntra.com/men-tees-polos?nav_id=16&src=tn,/men-tees-polos,T-shirts & Collared Tees,http://www.myntra.com/slub?src=lnb,Slub [26]
,http://www.myntra.com/Shirts/Slub/Slub-Men-Navy-&-Grey-Slim-Fit-Casual-Shirt/204101/buy
http://www.myntra.com/men-tees-polos?nav_id=16&src=tn,/men-tees-polos,T-shirts & Collared Tees,http://www.myntra.com/slub?src=lnb,Slub [26]
,http://www.myntra.com/Trousers/Slub/Slub-Men-Navy-Slim-Fit-Linen-Chino-Trousers/171857/buy
http://www.myntra.com/men-tees-polos?nav_id=16&src=tn,/men-tees-polos,T-shirts & Collared Tees,http://www.myntra.com/slub?src=lnb,Slub [26]
,http://www.myntra.com/Shirts/Slub/Slub-Men-Grey-&-Red-Striped-Slim-Fit-Casual-Shirt/171840/buy
http://www.myntra.com/men-tees-polos?nav_id=16&src=tn,/men-tees-polos,T-shirts & Collared Tees,http://www.myntra.com/slub?src=lnb,Slub [26]
,http://www.myntra.com/Sweaters/Slub/Slub-Men-Off-White-&-Navy-Striped-Sweater/215121/buy
http://www.myntra.com/men-tees-polos?nav_id=16&src=tn,/men-tees-polos,T-shirts & Collared Tees,http://www.myntra.com/slub?src=lnb,Slub [26]
,http://www.myntra.com/Shirts/Slub/Slub-Men-Pink-&-Navy-Checked-Slim-Fit-Casual-Shirt/163372/buy
http://www.myntra.com/men-tees-polos?nav_id=16&src=tn,/men-tees-polos,T-shirts & Collared Tees,http://www.myntra.com/slub?src=lnb,Slub [26]
,http://www.myntra.com/Sweaters/Slub/Slub-Men-Multi-Coloured-Sweater/215116/buy
http://www.myntra.com/men-tees-polos?nav_id=16&src=tn,/men-tees-polos,T-shirts & Collared Tees,http://www.myntra.com/slub?src=lnb,Slub [26]
,http://www.myntra.com/Shirts/Slub/Slub-Men-Brown-Checked-Slim-Fit-Casual-Shirt/163353/buy
http://www.myntra.com/men-tees-polos?nav_id=16&src=tn,/men-tees-polos,T-shirts & Collared Tees,http://www.myntra.com/slub?src=lnb,Slub [26]
,http://www.myntra.com/Shirts/Slub/Slub-Men-Burgundy-&-Blue-Checked-Slim-Fit-Casual-Shirt/163380/buy
http://www.myntra.com/men-tees-polos?nav_id=16&src=tn,/men-tees-polos,T-shirts & Collared Tees,http://www.myntra.com/slub?src=lnb,Slub [26]
,http://www.myntra.com/Shirts/Slub/Slub-Men-Grey-&-Blue-Checked-Slim-Fit-Casual-Shirt/171846/buy
http://www.myntra.com/men-tees-polos?nav_id=16&src=tn,/men-tees-polos,T-shirts & Collared Tees,http://www.myntra.com/slub?src=lnb,Slub [26]
,http://www.myntra.com/Shirts/Slub/Slub-Men-Green-Slim-Fit-Casual-Shirt/171850/buy
http://www.myntra.com/men-tees-polos?nav_id=16&src=tn,/men-tees-polos,T-shirts & Collared Tees,http://www.myntra.com/slub?src=lnb,Slub [26]
,http://www.myntra.com/Sweaters/Slub/Slub-Men-Grey-Melange-Sweater/178461/buy
http://www.myntra.com/men-tees-polos?nav_id=16&src=tn,/men-tees-polos,T-shirts & Collared Tees,http://www.myntra.com/slub?src=lnb,Slub [26]
,http://www.myntra.com/Shirts/Slub/Slub-Men-Grey-&-White-Checked-Slim-Fit-Casual-Shirt/163379/buy
http://www.myntra.com/men-tees-polos?nav_id=16&src=tn,/men-tees-polos,T-shirts & Collared Tees,http://www.myntra.com/slub?src=lnb,Slub [26]
,http://www.myntra.com/Shirts/Slub/Slub-Men-Green-&-Blue-Checked-Slim-Fit-Casual-Shirt/163352/buy
http://www.myntra.com/men-tees-polos?nav_id=16&src=tn,/men-tees-polos,T-shirts & Collared Tees,http://www.myntra.com/slub?src=lnb,Slub [26]
,http://www.myntra.com/Shirts/Slub/Slub-Men-Blue-Slim-Fit-Denim-Casual-Shirt/204094/buy
http://www.myntra.com/men-tees-polos?nav_id=16&src=tn,/men-tees-polos,T-shirts & Collared Tees,http://www.myntra.com/slub?src=lnb,Slub [26]
,http://www.myntra.com/Sweaters/Slub/Slub-Men-Brown-Knit-Cardigan/178468/buy
http://www.myntra.com/men-tees-polos?nav_id=16&src=tn,/men-tees-polos,T-shirts & Collared Tees,http://www.myntra.com/slub?src=lnb,Slub [26]
,http://www.myntra.com/Jeans/Slub/Slub-Men-Red-Slight-Twisted-Fit-Jeans/171862/buy
http://www.myntra.com/men-tees-polos?nav_id=16&src=tn,/men-tees-polos,T-shirts & Collared Tees,http://www.myntra.com/slub?src=lnb,Slub [26]
,http://www.myntra.com/Tshirts/Slub/Slub-Men-Brown-Polo-T-shirt/215134/buy
http://www.myntra.com/men-tees-polos?nav_id=16&src=tn,/men-tees-polos,T-shirts & Collared Tees,http://www.myntra.com/slub?src=lnb,Slub [26]
,http://www.myntra.com/Sweaters/Slub/Slub-Men-Grey-Sweater/215119/buy
http://www.myntra.com/men-tees-polos?nav_id=16&src=tn,/men-tees-polos,T-shirts & Collared Tees,http://www.myntra.com/slub?src=lnb,Slub [26]
,http://www.myntra.com/Shirts/Slub/Slub-Men-Red-&-Navy-Checked-Casual-Shirt/204092/buy
http://www.myntra.com/men-tees-polos?nav_id=16&src=tn,/men-tees-polos,T-shirts & Collared Tees,http://www.myntra.com/slub?src=lnb,Slub [26]
,http://www.myntra.com/Shirts/Slub/Slub-Men-Grey-Slim-Fit-Casual-Shirt/204100/buy
http://www.myntra.com/men-tees-polos?nav_id=16&src=tn,/men-tees-polos,T-shirts & Collared Tees,http://www.myntra.com/slub?src=lnb,Slub [26]
,http://www.myntra.com/Sweaters/Slub/Slub-Men-Navy-Sweater/215117/buy
http://www.myntra.com/men-tees-polos?nav_id=16&src=tn,/men-tees-polos,T-shirts & Collared Tees,http://www.myntra.com/slub?src=lnb,Slub [26]
,http://www.myntra.com/Tshirts/Slub/Slub-Men-Blue-Printed-T-shirt/215130/buy
http://www.myntra.com/men-tees-polos?nav_id=16&src=tn,/men-tees-polos,T-shirts & Collared Tees,http://www.myntra.com/slub?src=lnb,Slub [26]
,http://www.myntra.com/Sweaters/Slub/Slub-Men-Blue-Sweater/215112/buy
http://www.myntra.com/men-tees-polos?nav_id=16&src=tn,/men-tees-polos,T-shirts & Collared Tees,http://www.myntra.com/slub?src=lnb,Slub [26]
,http://www.myntra.com/Shirts/Slub/Slub-Men-Green-Slim-Fit-Casual-Shirt/171854/buy
http://www.myntra.com/men-tees-polos?nav_id=16&src=tn,/men-tees-polos,T-shirts & Collared Tees,http://www.myntra.com/slub?src=lnb,Slub [26]
,http://www.myntra.com/Shirts/Slub/Slub-Men-Navy-Slim-Fit-Casual-Shirt/171851/buy
http://www.myntra.com/men-tees-polos?nav_id=16&src=tn,/men-tees-polos,T-shirts & Collared Tees,http://www.myntra.com/slub?src=lnb,Slub [26]
,http://www.myntra.com/Shirts/Slub/Slub-Men-White-&-Brown-Checked-Slim-Fit-Casual-Shirt/163375/buy
http://www.myntra.com/men-tees-polos?nav_id=16&src=tn,/men-tees-polos,T-shirts & Collared Tees,http://www.myntra.com/slub?src=lnb,Slub [26]
,http://www.myntra.com/Shirts/Slub/Slub-Men-Blue-&-Green-Checked-Slim-Fit-Casual-Shirt/163377/buy
http://www.myntra.com/men-tees-polos?nav_id=16&src=tn,/men-tees-polos,T-shirts & Collared Tees,http://www.myntra.com/slub?src=lnb,Slub [26]
,http://www.myntra.com/Shirts/Slub/Slub-Men-Blue-&-Green-Checked-Slim-Fit-Casual-Shirt/171845/buy
http://www.myntra.com/men-tees-polos?nav_id=16&src=tn,/men-tees-polos,T-shirts & Collared Tees,http://www.myntra.com/slub?src=lnb,Slub [26]
,http://www.myntra.com/Tshirts/Slub/Slub-Men-Grey-Printed-T-shirt/204125/buy
http://www.myntra.com/men-tees-polos?nav_id=16&src=tn,/men-tees-polos,T-shirts & Collared Tees,http://www.myntra.com/slub?src=lnb,Slub [26]
,http://www.myntra.com/Shirts/Slub/Slub-Men-Pink-&-Blue-Checked-Slim-Fit-Casual-Shirt/163350/buy
http://www.myntra.com/men-tees-polos?nav_id=16&src=tn,/men-tees-polos,T-shirts & Collared Tees,http://www.myntra.com/slub?src=lnb,Slub [26]
,http://www.myntra.com/Tshirts/Slub/Slub-Men-Orange-Striped-Polo-T-Shirt/163362/buy
http://www.myntra.com/men-tees-polos?nav_id=16&src=tn,/men-tees-polos,T-shirts & Collared Tees,http://www.myntra.com/slub?src=lnb,Slub [26]
,http://www.myntra.com/Shirts/Slub/Slub-Men-Red-Checked-Slim-Fit-Casual-Shirt/163371/buy
http://www.myntra.com/men-tees-polos?nav_id=16&src=tn,/men-tees-polos,T-shirts & Collared Tees,http://www.myntra.com/slub?src=lnb,Slub [26]
,http://www.myntra.com/Shirts/Slub/Slub-Men-Blue-Slim-Fit-Denim-Shirt/204095/buy
http://www.myntra.com/men-tees-polos?nav_id=16&src=tn,/men-tees-polos,T-shirts & Collared Tees,http://www.myntra.com/slub?src=lnb,Slub [26]
,http://www.myntra.com/Shirts/Slub/Slub-Men-Olive-Green-Slim-Fit-Casual-Shirt/171849/buy
http://www.myntra.com/men-tees-polos?nav_id=16&src=tn,/men-tees-polos,T-shirts & Collared Tees,http://www.myntra.com/slub?src=lnb,Slub [26]
,http://www.myntra.com/Shirts/Slub/Slub-Men-Blue-Casual-Shirt/163348/buy
http://www.myntra.com/men-tees-polos?nav_id=16&src=tn,/men-tees-polos,T-shirts & Collared Tees,http://www.myntra.com/slub?src=lnb,Slub [26]
,http://www.myntra.com/Shirts/Slub/Slub-Men-Navy-&-Burgundy-Checked-Slim-Fit-Casual-Shirt/171847/buy
http://www.myntra.com/men-tees-polos?nav_id=16&src=tn,/men-tees-polos,T-shirts & Collared Tees,http://www.myntra.com/slub?src=lnb,Slub [26]
,http://www.myntra.com/Sweaters/Slub/Slub-Men-Grey-&-Charcoal-Grey-Striped-Sweater/215115/buy
http://www.myntra.com/men-tees-polos?nav_id=16&src=tn,/men-tees-polos,T-shirts & Collared Tees,http://www.myntra.com/slub?src=lnb,Slub [26]
,http://www.myntra.com/Jeans/Slub/Slub-Men-Blue-Slim-Fit-Jeans/171864/buy
http://www.myntra.com/men-tees-polos?nav_id=16&src=tn,/men-tees-polos,T-shirts & Collared Tees,http://www.myntra.com/slub?src=lnb,Slub [26]
,http://www.myntra.com/Shirts/Slub/Slub-Men-Green-Slim-Fit-Casual-Shirt/163374/buy
http://www.myntra.com/men-tees-polos?nav_id=16&src=tn,/men-tees-polos,T-shirts & Collared Tees,http://www.myntra.com/slub?src=lnb,Slub [26]
,http://www.myntra.com/Shirts/Slub/Slub-Men-Navy-Slim-Fit-Casual-Shirt/171853/buy
http://www.myntra.com/men-tees-polos?nav_id=16&src=tn,/men-tees-polos,T-shirts & Collared Tees,http://www.myntra.com/slub?src=lnb,Slub [26]
,http://www.myntra.com/Tshirts/Slub/Slub-Men-Orange-&-Blue-Printed-Polo-T-Shirt/163366/buy
http://www.myntra.com/men-tees-polos?nav_id=16&src=tn,/men-tees-polos,T-shirts & Collared Tees,http://www.myntra.com/slub?src=lnb,Slub [26]
,http://www.myntra.com/Shirts/Slub/Slub-Men-Red-Slim-Fit-Casual-Shirt/163373/buy
http://www.myntra.com/men-tees-polos?nav_id=16&src=tn,/men-tees-polos,T-shirts & Collared Tees,http://www.myntra.com/slub?src=lnb,Slub [26]
,http://www.myntra.com/Shirts/Slub/Slub-Men-Black-&-White-Checked-Slim-Fit-Casual-Shirt/171841/buy
