http://www.myntra.com/men-jeans?nav_id=400&src=tn,/men-jeans,Jeans,http://www.myntra.com/hrx?src=lnb,HRX [12]
,http://www.myntra.com/jeans/hrx/hrx-men-blue-jeans/223681/buy
http://www.myntra.com/men-jeans?nav_id=400&src=tn,/men-jeans,Jeans,http://www.myntra.com/hrx?src=lnb,HRX [12]
,http://www.myntra.com/shirts/hrx/hrx-men-blue-black-slim-fit-casual-shirt/171798/buy
http://www.myntra.com/men-jeans?nav_id=400&src=tn,/men-jeans,Jeans,http://www.myntra.com/hrx?src=lnb,HRX [12]
,http://www.myntra.com/trousers/hrx/hrx-men-navy-stretch-twill-trousers/164192/buy
http://www.myntra.com/men-jeans?nav_id=400&src=tn,/men-jeans,Jeans,http://www.myntra.com/hrx?src=lnb,HRX [12]
,http://www.myntra.com/shirts/hrx/hrx-men-white-navy-slim-fit-casual-shirt/171775/buy
http://www.myntra.com/men-jeans?nav_id=400&src=tn,/men-jeans,Jeans,http://www.myntra.com/hrx?src=lnb,HRX [12]
,http://www.myntra.com/sports-shoes/hrx/hrx-men-black-blue-sports-shoes/196936/buy
http://www.myntra.com/men-jeans?nav_id=400&src=tn,/men-jeans,Jeans,http://www.myntra.com/hrx?src=lnb,HRX [12]
,http://www.myntra.com/tshirts/hrx/hrx-men-grey-green-striped-polo-t-shirt/189266/buy
http://www.myntra.com/men-jeans?nav_id=400&src=tn,/men-jeans,Jeans,http://www.myntra.com/hrx?src=lnb,HRX [12]
,http://www.myntra.com/track-pants/hrx/hrx-men-black-easy-striker-track-pants/212791/buy
http://www.myntra.com/men-jeans?nav_id=400&src=tn,/men-jeans,Jeans,http://www.myntra.com/hrx?src=lnb,HRX [12]
,http://www.myntra.com/jeans/hrx/hrx-men-blue-jeans/212840/buy
http://www.myntra.com/men-jeans?nav_id=400&src=tn,/men-jeans,Jeans,http://www.myntra.com/hrx?src=lnb,HRX [12]
,http://www.myntra.com/sports-shoes/hrx/hrx-men-black-red-sports-shoes/196941/buy
http://www.myntra.com/men-jeans?nav_id=400&src=tn,/men-jeans,Jeans,http://www.myntra.com/hrx?src=lnb,HRX [12]
,http://www.myntra.com/jeans/hrx/hrx-men-blue-jeans/223682/buy
http://www.myntra.com/men-jeans?nav_id=400&src=tn,/men-jeans,Jeans,http://www.myntra.com/hrx?src=lnb,HRX [12]
,http://www.myntra.com/sports-shoes/hrx/hrx-men-black-and-grey-sports-shoes/246163/buy
http://www.myntra.com/men-jeans?nav_id=400&src=tn,/men-jeans,Jeans,http://www.myntra.com/hrx?src=lnb,HRX [12]
,http://www.myntra.com/jeans/hrx/hrx-men-blue-jeans/210352/buy
http://www.myntra.com/men-jeans?nav_id=400&src=tn,/men-jeans,Jeans,http://www.myntra.com/hrx?src=lnb,HRX [12]
,http://www.myntra.com/trousers/hrx/hrx-men-khaki-overdyed-trousers/171537/buy
http://www.myntra.com/men-jeans?nav_id=400&src=tn,/men-jeans,Jeans,http://www.myntra.com/hrx?src=lnb,HRX [12]
,http://www.myntra.com/shirts/hrx/hrx-men-navy-slim-fit-casual-shirt/198324/buy
http://www.myntra.com/men-jeans?nav_id=400&src=tn,/men-jeans,Jeans,http://www.myntra.com/hrx?src=lnb,HRX [12]
,http://www.myntra.com/sports-shoes/hrx/hrx-men-navy-sports-shoes/246166/buy
http://www.myntra.com/men-jeans?nav_id=400&src=tn,/men-jeans,Jeans,http://www.myntra.com/hrx?src=lnb,HRX [12]
,http://www.myntra.com/jeans/hrx/hrx-men-black-jeans/210350/buy
http://www.myntra.com/men-jeans?nav_id=400&src=tn,/men-jeans,Jeans,http://www.myntra.com/hrx?src=lnb,HRX [12]
,http://www.myntra.com/jeans/hrx/hrx-men-blue-jeans/223683/buy
http://www.myntra.com/men-jeans?nav_id=400&src=tn,/men-jeans,Jeans,http://www.myntra.com/hrx?src=lnb,HRX [12]
,http://www.myntra.com/casual-shoes/hrx/hrx-men-black-green-casual-shoes/196948/buy
http://www.myntra.com/men-jeans?nav_id=400&src=tn,/men-jeans,Jeans,http://www.myntra.com/hrx?src=lnb,HRX [12]
,http://www.myntra.com/trousers/hrx/hrx-men-beige-overdyed-trousers/168770/buy
http://www.myntra.com/men-jeans?nav_id=400&src=tn,/men-jeans,Jeans,http://www.myntra.com/hrx?src=lnb,HRX [12]
,http://www.myntra.com/trousers/hrx/hrx-men-golden-yellow-slim-fit-chino-trousers/164185/buy
http://www.myntra.com/men-jeans?nav_id=400&src=tn,/men-jeans,Jeans,http://www.myntra.com/hrx?src=lnb,HRX [12]
,http://www.myntra.com/trousers/hrx/hrx-men-khaki-overdyed-trousers/168762/buy
http://www.myntra.com/men-jeans?nav_id=400&src=tn,/men-jeans,Jeans,http://www.myntra.com/hrx?src=lnb,HRX [12]
,http://www.myntra.com/tshirts/hrx/hrx-men-black-t-shirt/210706/buy
http://www.myntra.com/men-jeans?nav_id=400&src=tn,/men-jeans,Jeans,http://www.myntra.com/hrx?src=lnb,HRX [12]
,http://www.myntra.com/shirts/hrx/hrx-men-charcoal-grey-slim-fit-casual-shirt/171774/buy
http://www.myntra.com/men-jeans?nav_id=400&src=tn,/men-jeans,Jeans,http://www.myntra.com/hrx?src=lnb,HRX [12]
,http://www.myntra.com/shirts/hrx/hrx-men-green-blue-checked-slim-fit-casual-shirt/196101/buy
http://www.myntra.com/men-jeans?nav_id=400&src=tn,/men-jeans,Jeans,http://www.myntra.com/hrx?src=lnb,HRX [12]
,http://www.myntra.com/Track-Pants/HRX/HRX-Men-Grey-Melange-Easy-Striker-Track-Pants/212792/buy
http://www.myntra.com/men-jeans?nav_id=400&src=tn,/men-jeans,Jeans,http://www.myntra.com/hrx?src=lnb,HRX [12]
,http://www.myntra.com/Shirts/HRX/HRX-Men-Black-Slim-Fit-Casual-Shirt/196098/buy
http://www.myntra.com/men-jeans?nav_id=400&src=tn,/men-jeans,Jeans,http://www.myntra.com/hrx?src=lnb,HRX [12]
,http://www.myntra.com/Jeans/HRX/HRX-Men-Black-Jeans/210351/buy
http://www.myntra.com/men-jeans?nav_id=400&src=tn,/men-jeans,Jeans,http://www.myntra.com/hrx?src=lnb,HRX [12]
,http://www.myntra.com/Sports-Shoes/HRX/HRX-Men-Navy-Sports-Shoes/247436/buy
http://www.myntra.com/men-jeans?nav_id=400&src=tn,/men-jeans,Jeans,http://www.myntra.com/hrx?src=lnb,HRX [12]
,http://www.myntra.com/Tshirts/HRX/HRX-Men-Black-Printed-T-shirt/190459/buy
http://www.myntra.com/men-jeans?nav_id=400&src=tn,/men-jeans,Jeans,http://www.myntra.com/hrx?src=lnb,HRX [12]
,http://www.myntra.com/Sweatshirts/HRX/HRX-Men-Black-&-Yellow-Striped-Hooded-Sweatshirt/187606/buy
http://www.myntra.com/men-jeans?nav_id=400&src=tn,/men-jeans,Jeans,http://www.myntra.com/hrx?src=lnb,HRX [12]
,http://www.myntra.com/Socks/HRX/HRX-Men-Black-Socks/215412/buy
http://www.myntra.com/men-jeans?nav_id=400&src=tn,/men-jeans,Jeans,http://www.myntra.com/hrx?src=lnb,HRX [12]
,http://www.myntra.com/Sports-Shoes/HRX/HRX-Men-Black-Sports-Shoes/248716/buy
http://www.myntra.com/men-jeans?nav_id=400&src=tn,/men-jeans,Jeans,http://www.myntra.com/hrx?src=lnb,HRX [12]
,http://www.myntra.com/Tshirts/HRX/HRX-Men-Red-Printed-T-shirt/188200/buy
http://www.myntra.com/men-jeans?nav_id=400&src=tn,/men-jeans,Jeans,http://www.myntra.com/hrx?src=lnb,HRX [12]
,http://www.myntra.com/Shirts/HRX/HRX-Men-Green-Slim-Fit-Casual-Shirt/198323/buy
http://www.myntra.com/men-jeans?nav_id=400&src=tn,/men-jeans,Jeans,http://www.myntra.com/hrx?src=lnb,HRX [12]
,http://www.myntra.com/Shirts/HRX/HRX-Men-Olive-Green-&-Navy-Slim-Fit-Casual-Shirt/216913/buy
http://www.myntra.com/men-jeans?nav_id=400&src=tn,/men-jeans,Jeans,http://www.myntra.com/hrx?src=lnb,HRX [12]
,http://www.myntra.com/Tshirts/HRX/HRX-Men-Off-White-T-shirt/190471/buy
http://www.myntra.com/men-jeans?nav_id=400&src=tn,/men-jeans,Jeans,http://www.myntra.com/hrx?src=lnb,HRX [12]
,http://www.myntra.com/Sweatshirts/HRX/HRX-Men-Green-&-White-Striped-Hooded-Sweatshirt/187608/buy
http://www.myntra.com/men-jeans?nav_id=400&src=tn,/men-jeans,Jeans,http://www.myntra.com/hrx?src=lnb,HRX [12]
,http://www.myntra.com/Tshirts/HRX/HRX-Men-Blue-Printed-T-shirt/190461/buy
http://www.myntra.com/men-jeans?nav_id=400&src=tn,/men-jeans,Jeans,http://www.myntra.com/hrx?src=lnb,HRX [12]
,http://www.myntra.com/Tshirts/HRX/HRX-Men-Blue-T-shirt/190466/buy
http://www.myntra.com/men-jeans?nav_id=400&src=tn,/men-jeans,Jeans,http://www.myntra.com/hrx?src=lnb,HRX [12]
,http://www.myntra.com/Sports-Shoes/HRX/HRX-Men-Navy-and-White-Sports-Shoes/246161/buy
http://www.myntra.com/men-jeans?nav_id=400&src=tn,/men-jeans,Jeans,http://www.myntra.com/hrx?src=lnb,HRX [12]
,http://www.myntra.com/Tshirts/HRX/HRX-Men-White-Printed-T-shirt/188202/buy
http://www.myntra.com/men-jeans?nav_id=400&src=tn,/men-jeans,Jeans,http://www.myntra.com/hrx?src=lnb,HRX [12]
,http://www.myntra.com/Shirts/HRX/HRX-Men-Blue-Checked-Slim-Fit-Casual-Shirt/171787/buy
http://www.myntra.com/men-jeans?nav_id=400&src=tn,/men-jeans,Jeans,http://www.myntra.com/hrx?src=lnb,HRX [12]
,http://www.myntra.com/Shirts/HRX/HRX-Men-Orange-&-Navy-Checked-Casual-Shirt/221313/buy
http://www.myntra.com/men-jeans?nav_id=400&src=tn,/men-jeans,Jeans,http://www.myntra.com/hrx?src=lnb,HRX [12]
,http://www.myntra.com/Trousers/HRX/HRX-Men-Light-Grey-Overdyed-Trousers/171536/buy
http://www.myntra.com/men-jeans?nav_id=400&src=tn,/men-jeans,Jeans,http://www.myntra.com/hrx?src=lnb,HRX [12]
,http://www.myntra.com/Sports-Shoes/HRX/HRX-Men-Black-Sports-Shoes/246168/buy
http://www.myntra.com/men-jeans?nav_id=400&src=tn,/men-jeans,Jeans,http://www.myntra.com/hrx?src=lnb,HRX [12]
,http://www.myntra.com/Tshirts/HRX/HRX-Men-Green-Printed-T-shirt/190462/buy
http://www.myntra.com/men-jeans?nav_id=400&src=tn,/men-jeans,Jeans,http://www.myntra.com/hrx?src=lnb,HRX [12]
,http://www.myntra.com/Shirts/HRX/HRX-Men-White-Printed-Slim-Fit-Casual-Shirt/198329/buy
http://www.myntra.com/men-jeans?nav_id=400&src=tn,/men-jeans,Jeans,http://www.myntra.com/hrx?src=lnb,HRX [12]
,http://www.myntra.com/Shirts/HRX/HRX-Men-White-Slim-Fit-Casual-Shirt/198337/buy
http://www.myntra.com/men-jeans?nav_id=400&src=tn,/men-jeans,Jeans,http://www.myntra.com/hrx?src=lnb,HRX [12]
,http://www.myntra.com/Tshirts/HRX/HRX-Men-Lime-Green-Radio-T-shirt/188197/buy
http://www.myntra.com/men-jeans?nav_id=400&src=tn,/men-jeans,Jeans,http://www.myntra.com/hrx?src=lnb,HRX [12]
,http://www.myntra.com/Trousers/HRX/HRX-Men-Beige-Trousers/168764/buy
http://www.myntra.com/men-jeans?nav_id=400&src=tn,/men-jeans,Jeans,http://www.myntra.com/hrx?src=lnb,HRX [12]
,http://www.myntra.com/Sports-Shoes/HRX/HRX-Men-Black-&-White-Sports-Shoes/196957/buy
http://www.myntra.com/men-jeans?nav_id=400&src=tn,/men-jeans,Jeans,http://www.myntra.com/hrx?src=lnb,HRX [12]
,http://www.myntra.com/Shirts/HRX/HRX-Men-Blue-&-Navy-Checked-Slim-Fit-Casual-Shirt/171777/buy
http://www.myntra.com/men-jeans?nav_id=400&src=tn,/men-jeans,Jeans,http://www.myntra.com/hrx?src=lnb,HRX [12]
,http://www.myntra.com/Sports-Shoes/HRX/HRX-Men-Black-&-Grey-Sports-Shoes/196940/buy
http://www.myntra.com/men-jeans?nav_id=400&src=tn,/men-jeans,Jeans,http://www.myntra.com/hrx?src=lnb,HRX [12]
,http://www.myntra.com/Shirts/HRX/HRX-Men-White-Slim-Fit-Casual-Shirt/196095/buy
http://www.myntra.com/men-jeans?nav_id=400&src=tn,/men-jeans,Jeans,http://www.myntra.com/hrx?src=lnb,HRX [12]
,http://www.myntra.com/Trousers/HRX/HRX-Men-Teal-Green-Slim-Fit-Chino-Trousers/164184/buy
http://www.myntra.com/men-jeans?nav_id=400&src=tn,/men-jeans,Jeans,http://www.myntra.com/hrx?src=lnb,HRX [12]
,http://www.myntra.com/Shorts/HRX/HRX-Men-Grey-Active-Jogger-Shorts/212796/buy
http://www.myntra.com/men-jeans?nav_id=400&src=tn,/men-jeans,Jeans,http://www.myntra.com/hrx?src=lnb,HRX [12]
,http://www.myntra.com/Shirts/HRX/HRX-Men-Blue-&-Navy-Checked-Slim-Fit-Casual-Shirt/196105/buy
http://www.myntra.com/men-jeans?nav_id=400&src=tn,/men-jeans,Jeans,http://www.myntra.com/hrx?src=lnb,HRX [12]
,http://www.myntra.com/Trousers/HRX/HRX-Men-Burgundy-Overdyed-Trousers/168771/buy
http://www.myntra.com/men-jeans?nav_id=400&src=tn,/men-jeans,Jeans,http://www.myntra.com/hrx?src=lnb,HRX [12]
,http://www.myntra.com/Shirts/HRX/HRX-Men-Navy-Printed-Slim-Fit-Casual-Shirt/198330/buy
http://www.myntra.com/men-jeans?nav_id=400&src=tn,/men-jeans,Jeans,http://www.myntra.com/hrx?src=lnb,HRX [12]
,http://www.myntra.com/Tshirts/HRX/HRX-Men-White-T-shirt/190468/buy
http://www.myntra.com/men-jeans?nav_id=400&src=tn,/men-jeans,Jeans,http://www.myntra.com/hrx?src=lnb,HRX [12]
,http://www.myntra.com/Sports-Shoes/HRX/HRX-Men-Black-&-Grey-Sports-Shoes/196938/buy
http://www.myntra.com/men-jeans?nav_id=400&src=tn,/men-jeans,Jeans,http://www.myntra.com/hrx?src=lnb,HRX [12]
,http://www.myntra.com/Shirts/HRX/HRX-Men-Black-Slim-Fit-Casual-Shirt/198332/buy
http://www.myntra.com/men-jeans?nav_id=400&src=tn,/men-jeans,Jeans,http://www.myntra.com/hrx?src=lnb,HRX [12]
,http://www.myntra.com/Tshirts/HRX/HRX-Men-Orange-Printed-T-shirt/188196/buy
http://www.myntra.com/men-jeans?nav_id=400&src=tn,/men-jeans,Jeans,http://www.myntra.com/hrx?src=lnb,HRX [12]
,http://www.myntra.com/Tshirts/HRX/HRX-Men-White-&-Red-Polo-T-shirt/189264/buy
http://www.myntra.com/men-jeans?nav_id=400&src=tn,/men-jeans,Jeans,http://www.myntra.com/hrx?src=lnb,HRX [12]
,http://www.myntra.com/Shirts/HRX/HRX-Men-Red-&-Navy-Checked-Slim-Fit-Casual-Shirt/171796/buy
http://www.myntra.com/men-jeans?nav_id=400&src=tn,/men-jeans,Jeans,http://www.myntra.com/hrx?src=lnb,HRX [12]
,http://www.myntra.com/Shorts/HRX/HRX-Men-Black-Active-Shorts/212794/buy
http://www.myntra.com/men-jeans?nav_id=400&src=tn,/men-jeans,Jeans,http://www.myntra.com/hrx?src=lnb,HRX [12]
,http://www.myntra.com/Trousers/HRX/HRX-Men-Green-Overdyed-Trousers/168769/buy
http://www.myntra.com/men-jeans?nav_id=400&src=tn,/men-jeans,Jeans,http://www.myntra.com/hrx?src=lnb,HRX [12]
,http://www.myntra.com/Tshirts/HRX/HRX-Men-Grey-Melange-T-shirt/210703/buy
http://www.myntra.com/men-jeans?nav_id=400&src=tn,/men-jeans,Jeans,http://www.myntra.com/hrx?src=lnb,HRX [12]
,http://www.myntra.com/Casual-Shoes/HRX/HRX-Men-White-Casual-Shoes/196949/buy
http://www.myntra.com/men-jeans?nav_id=400&src=tn,/men-jeans,Jeans,http://www.myntra.com/hrx?src=lnb,HRX [12]
,http://www.myntra.com/Tshirts/HRX/HRX-Men-White-Cat-T-shirt/188207/buy
http://www.myntra.com/men-jeans?nav_id=400&src=tn,/men-jeans,Jeans,http://www.myntra.com/hrx?src=lnb,HRX [12]
,http://www.myntra.com/Tshirts/HRX/HRX-Men-Black-&-Coral-Red-T-shirt/190473/buy
http://www.myntra.com/men-jeans?nav_id=400&src=tn,/men-jeans,Jeans,http://www.myntra.com/hrx?src=lnb,HRX [12]
,http://www.myntra.com/Sports-Shoes/HRX/HRX-Men-Black-&-Blue-Sports-Shoes/196956/buy
http://www.myntra.com/men-jeans?nav_id=400&src=tn,/men-jeans,Jeans,http://www.myntra.com/hrx?src=lnb,HRX [12]
,http://www.myntra.com/Shirts/HRX/HRX-Men-Navy-&-White-Checked-Slim-Fit-Casual-Shirt/171792/buy
http://www.myntra.com/men-jeans?nav_id=400&src=tn,/men-jeans,Jeans,http://www.myntra.com/hrx?src=lnb,HRX [12]
,http://www.myntra.com/Jeans/HRX/HRX-Men-Black-Jeans/210349/buy
http://www.myntra.com/men-jeans?nav_id=400&src=tn,/men-jeans,Jeans,http://www.myntra.com/hrx?src=lnb,HRX [12]
,http://www.myntra.com/Tshirts/HRX/HRX-Men-Purple-Pique-Polo-T-shirt/188252/buy
http://www.myntra.com/men-jeans?nav_id=400&src=tn,/men-jeans,Jeans,http://www.myntra.com/hrx?src=lnb,HRX [12]
,http://www.myntra.com/Socks/HRX/HRX-Men-Grey-Melange-Socks/215413/buy
http://www.myntra.com/men-jeans?nav_id=400&src=tn,/men-jeans,Jeans,http://www.myntra.com/hrx?src=lnb,HRX [12]
,http://www.myntra.com/Tshirts/HRX/HRX-Men-Blue-T-shirt/190470/buy
http://www.myntra.com/men-jeans?nav_id=400&src=tn,/men-jeans,Jeans,http://www.myntra.com/hrx?src=lnb,HRX [12]
,http://www.myntra.com/Casual-Shoes/HRX/HRX-Men-White-&-Black-Casual-Shoes/196953/buy
http://www.myntra.com/men-jeans?nav_id=400&src=tn,/men-jeans,Jeans,http://www.myntra.com/hrx?src=lnb,HRX [12]
,http://www.myntra.com/Tshirts/HRX/HRX-Men-Charcoal-Grey-Printed-T-shirt/203837/buy
http://www.myntra.com/men-jeans?nav_id=400&src=tn,/men-jeans,Jeans,http://www.myntra.com/hrx?src=lnb,HRX [12]
,http://www.myntra.com/Trousers/HRX/HRX-Men-Military-Green-Overdyed-Trousers/168763/buy
http://www.myntra.com/men-jeans?nav_id=400&src=tn,/men-jeans,Jeans,http://www.myntra.com/hrx?src=lnb,HRX [12]
,http://www.myntra.com/Shorts/HRX/HRX-Men-Navy-Active-Jogger-Shorts/212795/buy
http://www.myntra.com/men-jeans?nav_id=400&src=tn,/men-jeans,Jeans,http://www.myntra.com/hrx?src=lnb,HRX [12]
,http://www.myntra.com/Casual-Shoes/HRX/HRX-Men-Brown-Casual-Shoes/246156/buy
http://www.myntra.com/men-jeans?nav_id=400&src=tn,/men-jeans,Jeans,http://www.myntra.com/hrx?src=lnb,HRX [12]
,http://www.myntra.com/Tshirts/HRX/HRX-Men-Green-Pique-Polo-T-shirt/188246/buy
http://www.myntra.com/men-jeans?nav_id=400&src=tn,/men-jeans,Jeans,http://www.myntra.com/hrx?src=lnb,HRX [12]
,http://www.myntra.com/Shirts/HRX/HRX-Men-Maroon-Checked-Slim-Fit-Casual-Shirt/171785/buy
http://www.myntra.com/men-jeans?nav_id=400&src=tn,/men-jeans,Jeans,http://www.myntra.com/hrx?src=lnb,HRX [12]
,http://www.myntra.com/Trousers/HRX/HRX-Men-Green-Slim-Fit-Chino-Trousers/164188/buy
http://www.myntra.com/men-jeans?nav_id=400&src=tn,/men-jeans,Jeans,http://www.myntra.com/hrx?src=lnb,HRX [12]
,http://www.myntra.com/Shirts/HRX/HRX-Men-Khaki-Slim-Fit-Casual-Shirt/198333/buy
http://www.myntra.com/men-jeans?nav_id=400&src=tn,/men-jeans,Jeans,http://www.myntra.com/hrx?src=lnb,HRX [12]
,http://www.myntra.com/Tshirts/HRX/HRX-Men-White-Printed-T-shirt/188199/buy
http://www.myntra.com/men-jeans?nav_id=400&src=tn,/men-jeans,Jeans,http://www.myntra.com/hrx?src=lnb,HRX [12]
,http://www.myntra.com/Casual-Shoes/HRX/HRX-Men-White-&-Grey-Casual-Shoes/245797/buy
http://www.myntra.com/men-jeans?nav_id=400&src=tn,/men-jeans,Jeans,http://www.myntra.com/hrx?src=lnb,HRX [12]
,http://www.myntra.com/Tshirts/HRX/HRX-Men-White-Breathe-T-shirt/188209/buy
http://www.myntra.com/men-jeans?nav_id=400&src=tn,/men-jeans,Jeans,http://www.myntra.com/hrx?src=lnb,HRX [12]
,http://www.myntra.com/Tshirts/HRX/HRX-Men-Black-T-shirt/190469/buy
http://www.myntra.com/men-jeans?nav_id=400&src=tn,/men-jeans,Jeans,http://www.myntra.com/hrx?src=lnb,HRX [12]
,http://www.myntra.com/Sports-Shoes/HRX/HRX-Men-Black-Sports-Shoes/245815/buy
http://www.myntra.com/men-jeans?nav_id=400&src=tn,/men-jeans,Jeans,http://www.myntra.com/hrx?src=lnb,HRX [12]
,http://www.myntra.com/Sports-Shoes/HRX/HRX-Men-Grey-Sports-Shoes/248723/buy
http://www.myntra.com/men-jeans?nav_id=400&src=tn,/men-jeans,Jeans,http://www.myntra.com/hrx?src=lnb,HRX [12]
,http://www.myntra.com/Sports-Shoes/HRX/HRX-Men-Navy-Sports-Shoes/248722/buy
http://www.myntra.com/men-jeans?nav_id=400&src=tn,/men-jeans,Jeans,http://www.myntra.com/hrx?src=lnb,HRX [12]
,http://www.myntra.com/Tshirts/HRX/HRX-Men-Black-T-shirt/190475/buy
http://www.myntra.com/men-jeans?nav_id=400&src=tn,/men-jeans,Jeans,http://www.myntra.com/hrx?src=lnb,HRX [12]
,http://www.myntra.com/Sports-Shoes/HRX/HRX-Men-Blue-Sports-Shoes/246165/buy
http://www.myntra.com/men-jeans?nav_id=400&src=tn,/men-jeans,Jeans,http://www.myntra.com/hrx?src=lnb,HRX [12]
,http://www.myntra.com/Tshirts/HRX/HRX-Men-White-Printed-T-shirt/188205/buy
http://www.myntra.com/men-jeans?nav_id=400&src=tn,/men-jeans,Jeans,http://www.myntra.com/hrx?src=lnb,HRX [12]
,http://www.myntra.com/Sports-Shoes/HRX/HRX-Men-Grey-Sports-Shoes/247437/buy
http://www.myntra.com/men-jeans?nav_id=400&src=tn,/men-jeans,Jeans,http://www.myntra.com/hrx?src=lnb,HRX [12]
,http://www.myntra.com/Shirts/HRX/HRX-Men-Black-Printed-Slim-Fit-Casual-Shirt/198331/buy
http://www.myntra.com/men-jeans?nav_id=400&src=tn,/men-jeans,Jeans,http://www.myntra.com/hrx?src=lnb,HRX [12]
,http://www.myntra.com/Sports-Shoes/HRX/HRX-Men-Grey-Sports-Shoes/246164/buy
http://www.myntra.com/men-jeans?nav_id=400&src=tn,/men-jeans,Jeans,http://www.myntra.com/hrx?src=lnb,HRX [12]
,http://www.myntra.com/Socks/HRX/HRX-Men-Blue-&-Black-Striped-Socks/215416/buy
http://www.myntra.com/men-jeans?nav_id=400&src=tn,/men-jeans,Jeans,http://www.myntra.com/hrx?src=lnb,HRX [12]
,http://www.myntra.com/Tshirts/HRX/HRX-Men-Grey-Printed-T-shirt/188198/buy
http://www.myntra.com/men-jeans?nav_id=400&src=tn,/men-jeans,Jeans,http://www.myntra.com/hrx?src=lnb,HRX [12]
,http://www.myntra.com/Jeans/HRX/HRX-Men-Navy-Jeans/210353/buy
http://www.myntra.com/men-jeans?nav_id=400&src=tn,/men-jeans,Jeans,http://www.myntra.com/hrx?src=lnb,HRX [12]
,http://www.myntra.com/Tshirts/HRX/HRX-Men-Red-Printed-T-shirt/203826/buy
http://www.myntra.com/men-jeans?nav_id=400&src=tn,/men-jeans,Jeans,http://www.myntra.com/hrx?src=lnb,HRX [12]
,http://www.myntra.com/Casual-Shoes/HRX/HRX-Men-Black-Casual-Shoes/247424/buy
http://www.myntra.com/men-jeans?nav_id=400&src=tn,/men-jeans,Jeans,http://www.myntra.com/hrx?src=lnb,HRX [12]
,http://www.myntra.com/Shorts/HRX/HRX-Men-Navy-Active-Workout-Shorts/212797/buy
http://www.myntra.com/men-jeans?nav_id=400&src=tn,/men-jeans,Jeans,http://www.myntra.com/hrx?src=lnb,HRX [12]
,http://www.myntra.com/Sports-Shoes/HRX/HRX-Men-Black-&-Grey-Sports-Shoes/196951/buy
http://www.myntra.com/men-jeans?nav_id=400&src=tn,/men-jeans,Jeans,http://www.myntra.com/hrx?src=lnb,HRX [12]
,http://www.myntra.com/Tshirts/HRX/HRX-Men-Grey-T-shirt/190476/buy
http://www.myntra.com/men-jeans?nav_id=400&src=tn,/men-jeans,Jeans,http://www.myntra.com/hrx?src=lnb,HRX [12]
,http://www.myntra.com/Tshirts/HRX/HRX-Men-Red-T-shirt/190467/buy
http://www.myntra.com/men-jeans?nav_id=400&src=tn,/men-jeans,Jeans,http://www.myntra.com/hrx?src=lnb,HRX [12]
,http://www.myntra.com/Trousers/HRX/HRX-Men-Brown-Overdyed-Trousers/168768/buy
http://www.myntra.com/men-jeans?nav_id=400&src=tn,/men-jeans,Jeans,http://www.myntra.com/hrx?src=lnb,HRX [12]
,http://www.myntra.com/Shirts/HRX/HRX-Men-Green-Slim-Fit-Casual-Shirt/196096/buy
http://www.myntra.com/men-jeans?nav_id=400&src=tn,/men-jeans,Jeans,http://www.myntra.com/hrx?src=lnb,HRX [12]
,http://www.myntra.com/Tshirts/HRX/HRX-Men-Purple-Printed-T-shirt/188204/buy
http://www.myntra.com/men-jeans?nav_id=400&src=tn,/men-jeans,Jeans,http://www.myntra.com/hrx?src=lnb,HRX [12]
,http://www.myntra.com/Trousers/HRX/HRX-Men-Olive-Overdyed-Trousers/171538/buy
http://www.myntra.com/men-jeans?nav_id=400&src=tn,/men-jeans,Jeans,http://www.myntra.com/hrx?src=lnb,HRX [12]
,http://www.myntra.com/Casual-Shoes/HRX/HRX-Men-Brown-&-Orange-Casual-Shoes/196950/buy
http://www.myntra.com/men-jeans?nav_id=400&src=tn,/men-jeans,Jeans,http://www.myntra.com/hrx?src=lnb,HRX [12]
,http://www.myntra.com/Tshirts/HRX/HRX-Men-Blue-T-shirt/210704/buy
http://www.myntra.com/men-jeans?nav_id=400&src=tn,/men-jeans,Jeans,http://www.myntra.com/hrx?src=lnb,HRX [12]
,http://www.myntra.com/Tshirts/HRX/HRX-Men-Red-Pique-Polo-T-shirt/188253/buy
http://www.myntra.com/men-jeans?nav_id=400&src=tn,/men-jeans,Jeans,http://www.myntra.com/hrx?src=lnb,HRX [12]
,http://www.myntra.com/Tshirts/HRX/HRX-Men-Multi-Coloured-Striped-Polo-T-shirt/189261/buy
http://www.myntra.com/men-jeans?nav_id=400&src=tn,/men-jeans,Jeans,http://www.myntra.com/hrx?src=lnb,HRX [12]
,http://www.myntra.com/Shirts/HRX/HRX-Men-Blue-&-White-Checked-Slim-Fit-Casual-Shirt/171779/buy
http://www.myntra.com/men-jeans?nav_id=400&src=tn,/men-jeans,Jeans,http://www.myntra.com/hrx?src=lnb,HRX [12]
,http://www.myntra.com/Casual-Shoes/HRX/HRX-Men-Grey-Casual-Shoes/246157/buy
http://www.myntra.com/men-jeans?nav_id=400&src=tn,/men-jeans,Jeans,http://www.myntra.com/hrx?src=lnb,HRX [12]
,http://www.myntra.com/Shirts/HRX/HRX-Men-Pink-&-Navy-Checked-Slim-Fit-Casual-Shirt/196093/buy
http://www.myntra.com/men-jeans?nav_id=400&src=tn,/men-jeans,Jeans,http://www.myntra.com/hrx?src=lnb,HRX [12]
,http://www.myntra.com/Trousers/HRX/HRX-Men-Blue-Trousers/168765/buy
