http://www.myntra.com/women-sandals?nav_id=147&src=tn,/women-sandals,Sandals,http://www.myntra.com/mossimo?src=lnb,Mossimo [11]
,http://www.myntra.com/shirts/mossimo/mossimo-men-green-slim-fit-casual-shirt/218064/buy
http://www.myntra.com/women-sandals?nav_id=147&src=tn,/women-sandals,Sandals,http://www.myntra.com/mossimo?src=lnb,Mossimo [11]
,http://www.myntra.com/shirts/mossimo/mossimo-men-yellow-purple-checked-slim-casual-shir/168447/buy
http://www.myntra.com/women-sandals?nav_id=147&src=tn,/women-sandals,Sandals,http://www.myntra.com/mossimo?src=lnb,Mossimo [11]
,http://www.myntra.com/shirts/mossimo/mossimo-men-blue-striped-slim-fit-casual-shirt/168443/buy
http://www.myntra.com/women-sandals?nav_id=147&src=tn,/women-sandals,Sandals,http://www.myntra.com/mossimo?src=lnb,Mossimo [11]
,http://www.myntra.com/shirts/mossimo/mossimo-men-purple-colt-slim-casual-shirt/168435/buy
http://www.myntra.com/women-sandals?nav_id=147&src=tn,/women-sandals,Sandals,http://www.myntra.com/mossimo?src=lnb,Mossimo [11]
,http://www.myntra.com/shirts/mossimo/mossimo-men-pink-colt-slim-casual-shirt/168436/buy
http://www.myntra.com/women-sandals?nav_id=147&src=tn,/women-sandals,Sandals,http://www.myntra.com/mossimo?src=lnb,Mossimo [11]
,http://www.myntra.com/tunics/mossimo/mossimo-pink-green-checked-tunic/181737/buy
http://www.myntra.com/women-sandals?nav_id=147&src=tn,/women-sandals,Sandals,http://www.myntra.com/mossimo?src=lnb,Mossimo [11]
,http://www.myntra.com/tunics/mossimo/mossimo-women-pink-animal-print-tunic/190870/buy
http://www.myntra.com/women-sandals?nav_id=147&src=tn,/women-sandals,Sandals,http://www.myntra.com/mossimo?src=lnb,Mossimo [11]
,http://www.myntra.com/tops/mossimo/mossimo-women-yellow-top/181732/buy
http://www.myntra.com/women-sandals?nav_id=147&src=tn,/women-sandals,Sandals,http://www.myntra.com/mossimo?src=lnb,Mossimo [11]
,http://www.myntra.com/shirts/mossimo/mossimo-men-blue-striped-slim-fit-casual-shirt/168450/buy
http://www.myntra.com/women-sandals?nav_id=147&src=tn,/women-sandals,Sandals,http://www.myntra.com/mossimo?src=lnb,Mossimo [11]
,http://www.myntra.com/shirts/mossimo/mossimo-men-black-striped-slim-fit-casual-shirt/168449/buy
http://www.myntra.com/women-sandals?nav_id=147&src=tn,/women-sandals,Sandals,http://www.myntra.com/mossimo?src=lnb,Mossimo [11]
,http://www.myntra.com/tshirts/mossimo/mossimo-men-beige-slim-fit-t-shirt/218067/buy
http://www.myntra.com/women-sandals?nav_id=147&src=tn,/women-sandals,Sandals,http://www.myntra.com/mossimo?src=lnb,Mossimo [11]
,http://www.myntra.com/shirts/mossimo/mossimo-men-brown-slim-fit-casual-shirt/218062/buy
http://www.myntra.com/women-sandals?nav_id=147&src=tn,/women-sandals,Sandals,http://www.myntra.com/mossimo?src=lnb,Mossimo [11]
,http://www.myntra.com/shirts/mossimo/mossimo-men-purple-striped-slim-casual-shirt/168445/buy
http://www.myntra.com/women-sandals?nav_id=147&src=tn,/women-sandals,Sandals,http://www.myntra.com/mossimo?src=lnb,Mossimo [11]
,http://www.myntra.com/shirts/mossimo/mossimo-men-green-navy-checked-slim-casual-shirt/168446/buy
http://www.myntra.com/women-sandals?nav_id=147&src=tn,/women-sandals,Sandals,http://www.myntra.com/mossimo?src=lnb,Mossimo [11]
,http://www.myntra.com/tops/mossimo/mossimo-women-off-white-floral-print-top/190883/buy
http://www.myntra.com/women-sandals?nav_id=147&src=tn,/women-sandals,Sandals,http://www.myntra.com/mossimo?src=lnb,Mossimo [11]
,http://www.myntra.com/tops/mossimo/mossimo-women-white-printed-top/190885/buy
http://www.myntra.com/women-sandals?nav_id=147&src=tn,/women-sandals,Sandals,http://www.myntra.com/mossimo?src=lnb,Mossimo [11]
,http://www.myntra.com/shirts/mossimo/mossimo-men-grey-checked-slim-fit-casual-shirt/168439/buy
http://www.myntra.com/women-sandals?nav_id=147&src=tn,/women-sandals,Sandals,http://www.myntra.com/mossimo?src=lnb,Mossimo [11]
,http://www.myntra.com/shirts/mossimo/mossimo-men-green-striped-slim-fit-casual-shirt/168444/buy
http://www.myntra.com/women-sandals?nav_id=147&src=tn,/women-sandals,Sandals,http://www.myntra.com/mossimo?src=lnb,Mossimo [11]
,http://www.myntra.com/shirts/mossimo/mossimo-men-blue-checked-slim-fit-shirt/168440/buy
http://www.myntra.com/women-sandals?nav_id=147&src=tn,/women-sandals,Sandals,http://www.myntra.com/mossimo?src=lnb,Mossimo [11]
,http://www.myntra.com/shirts/mossimo/mossimo-men-orange-navy-checked-slim-casual-shirt/168448/buy
http://www.myntra.com/women-sandals?nav_id=147&src=tn,/women-sandals,Sandals,http://www.myntra.com/mossimo?src=lnb,Mossimo [11]
,http://www.myntra.com/tshirts/mossimo/mossimo-men-black-printed-t-shirt/218069/buy
http://www.myntra.com/women-sandals?nav_id=147&src=tn,/women-sandals,Sandals,http://www.myntra.com/mossimo?src=lnb,Mossimo [11]
,http://www.myntra.com/flats/mossimo/mossimo-women-yellow-sandals/187533/buy
http://www.myntra.com/women-sandals?nav_id=147&src=tn,/women-sandals,Sandals,http://www.myntra.com/mossimo?src=lnb,Mossimo [11]
,http://www.myntra.com/flats/mossimo/mossimo-women-green-sandals/187536/buy
http://www.myntra.com/women-sandals?nav_id=147&src=tn,/women-sandals,Sandals,http://www.myntra.com/mossimo?src=lnb,Mossimo [11]
,http://www.myntra.com/tunics/mossimo/mossimo-women-blue-tunic/181735/buy
http://www.myntra.com/women-sandals?nav_id=147&src=tn,/women-sandals,Sandals,http://www.myntra.com/mossimo?src=lnb,Mossimo [11]
,http://www.myntra.com/Tunics/Mossimo/Mossimo-Women-Pink-Tunic/181736/buy
http://www.myntra.com/women-sandals?nav_id=147&src=tn,/women-sandals,Sandals,http://www.myntra.com/mossimo?src=lnb,Mossimo [11]
,http://www.myntra.com/Tshirts/Mossimo/Mossimo-Women-Pink-T-shirt/190860/buy
http://www.myntra.com/women-sandals?nav_id=147&src=tn,/women-sandals,Sandals,http://www.myntra.com/mossimo?src=lnb,Mossimo [11]
,http://www.myntra.com/Tops/Mossimo/Mossimo-Women-White-Printed-Top/190886/buy
http://www.myntra.com/women-sandals?nav_id=147&src=tn,/women-sandals,Sandals,http://www.myntra.com/mossimo?src=lnb,Mossimo [11]
,http://www.myntra.com/Shirts/Mossimo/Mossimo-Men-Blue-Slim-Fit-Casual-Shirt/168434/buy
http://www.myntra.com/women-sandals?nav_id=147&src=tn,/women-sandals,Sandals,http://www.myntra.com/mossimo?src=lnb,Mossimo [11]
,http://www.myntra.com/Tops/Mossimo/Mossimo-Women-Burgundy-T-shirt/181741/buy
http://www.myntra.com/women-sandals?nav_id=147&src=tn,/women-sandals,Sandals,http://www.myntra.com/mossimo?src=lnb,Mossimo [11]
,http://www.myntra.com/Tshirts/Mossimo/Mossimo-Women-Off-White-Pink-T-shirt/190862/buy
http://www.myntra.com/women-sandals?nav_id=147&src=tn,/women-sandals,Sandals,http://www.myntra.com/mossimo?src=lnb,Mossimo [11]
,http://www.myntra.com/Tops/Mossimo/Mossimo-Women-Green-Top/181731/buy
http://www.myntra.com/women-sandals?nav_id=147&src=tn,/women-sandals,Sandals,http://www.myntra.com/mossimo?src=lnb,Mossimo [11]
,http://www.myntra.com/Shirts/Mossimo/Mossimo-Men-Purple-Checked-Slim-Fit-Casual-Shirt/168441/buy
http://www.myntra.com/women-sandals?nav_id=147&src=tn,/women-sandals,Sandals,http://www.myntra.com/mossimo?src=lnb,Mossimo [11]
,http://www.myntra.com/Tshirts/Mossimo/Mossimo-Men-Orange-Polo-T-shirt/168514/buy
http://www.myntra.com/women-sandals?nav_id=147&src=tn,/women-sandals,Sandals,http://www.myntra.com/mossimo?src=lnb,Mossimo [11]
,http://www.myntra.com/Tshirts/Mossimo/Mossimo-Men-White-Printed-T-shirt/218070/buy
http://www.myntra.com/women-sandals?nav_id=147&src=tn,/women-sandals,Sandals,http://www.myntra.com/mossimo?src=lnb,Mossimo [11]
,http://www.myntra.com/Tshirts/Mossimo/Mossimo-Women-Grey-Printed-T-shirt/181746/buy
http://www.myntra.com/women-sandals?nav_id=147&src=tn,/women-sandals,Sandals,http://www.myntra.com/mossimo?src=lnb,Mossimo [11]
,http://www.myntra.com/Tshirts/Mossimo/Mossimo-Women-White-Printed-T-shirt/181747/buy
http://www.myntra.com/women-sandals?nav_id=147&src=tn,/women-sandals,Sandals,http://www.myntra.com/mossimo?src=lnb,Mossimo [11]
,http://www.myntra.com/Tops/Mossimo/Mossimo-Women-Pink-Checked-Top/181738/buy
http://www.myntra.com/women-sandals?nav_id=147&src=tn,/women-sandals,Sandals,http://www.myntra.com/mossimo?src=lnb,Mossimo [11]
,http://www.myntra.com/Jackets/Mossimo/Mossimo-Men-Black-Self-Checked-Jacket/213729/buy
http://www.myntra.com/women-sandals?nav_id=147&src=tn,/women-sandals,Sandals,http://www.myntra.com/mossimo?src=lnb,Mossimo [11]
,http://www.myntra.com/Tunics/Mossimo/Mossimo-Women-Grey-&-Black-Printed-Tunic/190869/buy
http://www.myntra.com/women-sandals?nav_id=147&src=tn,/women-sandals,Sandals,http://www.myntra.com/mossimo?src=lnb,Mossimo [11]
,http://www.myntra.com/Tshirts/Mossimo/Mossimo-Black-Printed-T-shirt/190863/buy
http://www.myntra.com/women-sandals?nav_id=147&src=tn,/women-sandals,Sandals,http://www.myntra.com/mossimo?src=lnb,Mossimo [11]
,http://www.myntra.com/Tshirts/Mossimo/Mossimo-Men-Blue-Polo-T-shirt/168512/buy
http://www.myntra.com/women-sandals?nav_id=147&src=tn,/women-sandals,Sandals,http://www.myntra.com/mossimo?src=lnb,Mossimo [11]
,http://www.myntra.com/Tops/Mossimo/Mossimo-Women-White-Top/168103/buy
http://www.myntra.com/women-sandals?nav_id=147&src=tn,/women-sandals,Sandals,http://www.myntra.com/mossimo?src=lnb,Mossimo [11]
,http://www.myntra.com/Shirts/Mossimo/Mossimo-Men-Navy-Slim-Fit-Casual-Shirt/218063/buy
http://www.myntra.com/women-sandals?nav_id=147&src=tn,/women-sandals,Sandals,http://www.myntra.com/mossimo?src=lnb,Mossimo [11]
,http://www.myntra.com/Shirts/Mossimo/Mossimo-Men-Grey-&-Navy-Checked-Slim-Casual-Shirt/168442/buy
http://www.myntra.com/women-sandals?nav_id=147&src=tn,/women-sandals,Sandals,http://www.myntra.com/mossimo?src=lnb,Mossimo [11]
,http://www.myntra.com/Shirts/Mossimo/Mossimo-Men-Navy-Colt-Slim-Casual-Shirt/168437/buy
http://www.myntra.com/women-sandals?nav_id=147&src=tn,/women-sandals,Sandals,http://www.myntra.com/mossimo?src=lnb,Mossimo [11]
,http://www.myntra.com/Shirts/Mossimo/Mossimo-Men-Green-Slim-Fit-Casual-Shirt/168438/buy
http://www.myntra.com/women-sandals?nav_id=147&src=tn,/women-sandals,Sandals,http://www.myntra.com/mossimo?src=lnb,Mossimo [11]
,http://www.myntra.com/Jackets/Mossimo/Mossimo-Men-Black-Houndstooth-Print-Jacket/213727/buy
http://www.myntra.com/women-sandals?nav_id=147&src=tn,/women-sandals,Sandals,http://www.myntra.com/mossimo?src=lnb,Mossimo [11]
,http://www.myntra.com/Flats/Mossimo/Mossimo-Women-Green-&-White-Sandals/187535/buy
http://www.myntra.com/women-sandals?nav_id=147&src=tn,/women-sandals,Sandals,http://www.myntra.com/mossimo?src=lnb,Mossimo [11]
,http://www.myntra.com/Tshirts/Mossimo/Mossimo-Women-Pink-Printed-T-shirt/181745/buy
http://www.myntra.com/women-sandals?nav_id=147&src=tn,/women-sandals,Sandals,http://www.myntra.com/mossimo?src=lnb,Mossimo [11]
,http://www.myntra.com/Flats/Mossimo/Mossimo-Women-Purple-Sandals/187531/buy
http://www.myntra.com/women-sandals?nav_id=147&src=tn,/women-sandals,Sandals,http://www.myntra.com/mossimo?src=lnb,Mossimo [11]
,http://www.myntra.com/Tshirts/Mossimo/Mossimo-Women-Black-T-shirt/181743/buy
http://www.myntra.com/women-sandals?nav_id=147&src=tn,/women-sandals,Sandals,http://www.myntra.com/mossimo?src=lnb,Mossimo [11]
,http://www.myntra.com/Flats/Mossimo/Mossimo-Women-Red-Sandals/187532/buy
http://www.myntra.com/women-sandals?nav_id=147&src=tn,/women-sandals,Sandals,http://www.myntra.com/mossimo?src=lnb,Mossimo [11]
,http://www.myntra.com/Flats/Mossimo/Mossimo-Women-Purple-Sandals/187537/buy
http://www.myntra.com/women-sandals?nav_id=147&src=tn,/women-sandals,Sandals,http://www.myntra.com/mossimo?src=lnb,Mossimo [11]
,http://www.myntra.com/Flats/Mossimo/Mossimo-Women-Red-Sandals/187534/buy
http://www.myntra.com/women-sandals?nav_id=147&src=tn,/women-sandals,Sandals,http://www.myntra.com/mossimo?src=lnb,Mossimo [11]
,http://www.myntra.com/Jeans/Mossimo/Mossimo-Men-Blue-Straw-Slim-Fit-Jeans/168393/buy
http://www.myntra.com/women-sandals?nav_id=147&src=tn,/women-sandals,Sandals,http://www.myntra.com/mossimo?src=lnb,Mossimo [11]
,http://www.myntra.com/Tshirts/Mossimo/Mossimo-Men-Green-T-shirt/168517/buy
http://www.myntra.com/women-sandals?nav_id=147&src=tn,/women-sandals,Sandals,http://www.myntra.com/mossimo?src=lnb,Mossimo [11]
,http://www.myntra.com/Tops/Mossimo/Mossimo-Women-Green-Top/181733/buy
http://www.myntra.com/women-sandals?nav_id=147&src=tn,/women-sandals,Sandals,http://www.myntra.com/mossimo?src=lnb,Mossimo [11]
,http://www.myntra.com/Tshirts/Mossimo/Mossimo-Men-Blue-Printed-T-shirt/168505/buy
http://www.myntra.com/women-sandals?nav_id=147&src=tn,/women-sandals,Sandals,http://www.myntra.com/mossimo?src=lnb,Mossimo [11]
,http://www.myntra.com/Shirts/Mossimo/Mossimo-Men-Navy-Slim-Fit-Casual-Shirt/218065/buy
http://www.myntra.com/women-sandals?nav_id=147&src=tn,/women-sandals,Sandals,http://www.myntra.com/mossimo?src=lnb,Mossimo [11]
,http://www.myntra.com/Tops/Mossimo/Mossimo-Women-Pink-&-Black-Top/190882/buy
http://www.myntra.com/women-sandals?nav_id=147&src=tn,/women-sandals,Sandals,http://www.myntra.com/mossimo?src=lnb,Mossimo [11]
,http://www.myntra.com/Shirts/Mossimo/Mossimo-Men-Red-Striped-Slim-Casual-Shirt/168451/buy
http://www.myntra.com/women-sandals?nav_id=147&src=tn,/women-sandals,Sandals,http://www.myntra.com/mossimo?src=lnb,Mossimo [11]
,http://www.myntra.com/Tops/Mossimo/Mossimo-Women-Blue-Embellished-Top/190865/buy
http://www.myntra.com/women-sandals?nav_id=147&src=tn,/women-sandals,Sandals,http://www.myntra.com/mossimo?src=lnb,Mossimo [11]
,http://www.myntra.com/Tshirts/Mossimo/Mossimo-Women-Light-Pink-T-shirt/190861/buy
http://www.myntra.com/women-sandals?nav_id=147&src=tn,/women-sandals,Sandals,http://www.myntra.com/mossimo?src=lnb,Mossimo [11]
,http://www.myntra.com/Leggings/Mossimo/Mossimo-Women-Green-Viscose-Stretch-Leggings/190850/buy
http://www.myntra.com/women-sandals?nav_id=147&src=tn,/women-sandals,Sandals,http://www.myntra.com/mossimo?src=lnb,Mossimo [11]
,http://www.myntra.com/Tops/Mossimo/Mossimo-Women-White-&-Black-Top/181734/buy
http://www.myntra.com/women-sandals?nav_id=147&src=tn,/women-sandals,Sandals,http://www.myntra.com/mossimo?src=lnb,Mossimo [11]
,http://www.myntra.com/Tops/Mossimo/Mossimo-Women-Purple-Stone-Studded-Top/148730/buy
http://www.myntra.com/women-sandals?nav_id=147&src=tn,/women-sandals,Sandals,http://www.myntra.com/mossimo?src=lnb,Mossimo [11]
,http://www.myntra.com/Tops/Mossimo/Mossimo-Women-Black-Top/190864/buy
http://www.myntra.com/women-sandals?nav_id=147&src=tn,/women-sandals,Sandals,http://www.myntra.com/mossimo?src=lnb,Mossimo [11]
,http://www.myntra.com/Flats/Mossimo/Mossimo-Women-Multi-coloured-Sandals/150257/buy
http://www.myntra.com/women-sandals?nav_id=147&src=tn,/women-sandals,Sandals,http://www.myntra.com/mossimo?src=lnb,Mossimo [11]
,http://www.myntra.com/Flats/Mossimo/Mossimo-Women-Multi-Coloured-Sandals/150225/buy
http://www.myntra.com/women-sandals?nav_id=147&src=tn,/women-sandals,Sandals,http://www.myntra.com/mossimo?src=lnb,Mossimo [11]
,http://www.myntra.com/Flats/Mossimo/Mossimo-Women-Pink-&-Yellow-Sandals/187539/buy
http://www.myntra.com/women-sandals?nav_id=147&src=tn,/women-sandals,Sandals,http://www.myntra.com/mossimo?src=lnb,Mossimo [11]
,http://www.myntra.com/Leggings/Mossimo/Mossimo-Women-Black-Viscose-Stretch-Leggings/190848/buy
http://www.myntra.com/women-sandals?nav_id=147&src=tn,/women-sandals,Sandals,http://www.myntra.com/mossimo?src=lnb,Mossimo [11]
,http://www.myntra.com/Tops/Mossimo/Mossimo-Women-Green-Printed-Top/190871/buy
http://www.myntra.com/women-sandals?nav_id=147&src=tn,/women-sandals,Sandals,http://www.myntra.com/mossimo?src=lnb,Mossimo [11]
,http://www.myntra.com/Flats/Mossimo/Mossimo-Women-Yellow-&-Green-Sandals/187538/buy
http://www.myntra.com/women-sandals?nav_id=147&src=tn,/women-sandals,Sandals,http://www.myntra.com/mossimo?src=lnb,Mossimo [11]
,http://www.myntra.com/Shirts/Mossimo/Mossimo-Men-Maroon-&-Black-Checked-Slim-Fit-Shirt/137565/buy
