http://www.myntra.com/sale-women-accessories?nav_id=633&src=tn,/sale-women-accessories,Accessories,http://www.myntra.com/anouk?src=lnb,Anouk [37]
,http://www.myntra.com/kurtas/anouk/anouk-women-black-embroidered-jacquard-kurta/212278/buy
http://www.myntra.com/sale-women-accessories?nav_id=633&src=tn,/sale-women-accessories,Accessories,http://www.myntra.com/anouk?src=lnb,Anouk [37]
,http://www.myntra.com/kurtas/anouk/anouk-women-orange-striped-kurta/229919/buy
http://www.myntra.com/sale-women-accessories?nav_id=633&src=tn,/sale-women-accessories,Accessories,http://www.myntra.com/anouk?src=lnb,Anouk [37]
,http://www.myntra.com/kurtas/anouk/anouk-women-black-khadi-printed-kurta/210133/buy
http://www.myntra.com/sale-women-accessories?nav_id=633&src=tn,/sale-women-accessories,Accessories,http://www.myntra.com/anouk?src=lnb,Anouk [37]
,http://www.myntra.com/kurtas/anouk/anouk-women-pink-blue-kurta/224368/buy
http://www.myntra.com/sale-women-accessories?nav_id=633&src=tn,/sale-women-accessories,Accessories,http://www.myntra.com/anouk?src=lnb,Anouk [37]
,http://www.myntra.com/kurtis/anouk/anouk-women-red-black-printed-kurti/214059/buy
http://www.myntra.com/sale-women-accessories?nav_id=633&src=tn,/sale-women-accessories,Accessories,http://www.myntra.com/anouk?src=lnb,Anouk [37]
,http://www.myntra.com/kurtas/anouk/anouk-women-indigo-blue-white-printed-kurta/224360/buy
http://www.myntra.com/sale-women-accessories?nav_id=633&src=tn,/sale-women-accessories,Accessories,http://www.myntra.com/anouk?src=lnb,Anouk [37]
,http://www.myntra.com/kurtas/anouk/anouk-women-green-printed-kurta/212974/buy
http://www.myntra.com/sale-women-accessories?nav_id=633&src=tn,/sale-women-accessories,Accessories,http://www.myntra.com/anouk?src=lnb,Anouk [37]
,http://www.myntra.com/kurtas/anouk/anouk-women-maroon-khadi-printed-kurta/229922/buy
http://www.myntra.com/sale-women-accessories?nav_id=633&src=tn,/sale-women-accessories,Accessories,http://www.myntra.com/anouk?src=lnb,Anouk [37]
,http://www.myntra.com/kurtis/anouk/anouk-women-pink-white-floral-print-kurti/211795/buy
http://www.myntra.com/sale-women-accessories?nav_id=633&src=tn,/sale-women-accessories,Accessories,http://www.myntra.com/anouk?src=lnb,Anouk [37]
,http://www.myntra.com/kurtas/anouk/anouk-women-pink-floral-printed-kurta/212305/buy
http://www.myntra.com/sale-women-accessories?nav_id=633&src=tn,/sale-women-accessories,Accessories,http://www.myntra.com/anouk?src=lnb,Anouk [37]
,http://www.myntra.com/churidar-kurta/anouk/anouk-women-white-printed-churidar-kurta-dupatta/207992/buy
http://www.myntra.com/sale-women-accessories?nav_id=633&src=tn,/sale-women-accessories,Accessories,http://www.myntra.com/anouk?src=lnb,Anouk [37]
,http://www.myntra.com/kurtas/anouk/anouk-women-blue-printed-kurta/209574/buy
http://www.myntra.com/sale-women-accessories?nav_id=633&src=tn,/sale-women-accessories,Accessories,http://www.myntra.com/anouk?src=lnb,Anouk [37]
,http://www.myntra.com/kurtas/anouk/anouk-women-red-printed-kurta/214548/buy
http://www.myntra.com/sale-women-accessories?nav_id=633&src=tn,/sale-women-accessories,Accessories,http://www.myntra.com/anouk?src=lnb,Anouk [37]
,http://www.myntra.com/kurtas/anouk/anouk-women-red-kurta/212975/buy
http://www.myntra.com/sale-women-accessories?nav_id=633&src=tn,/sale-women-accessories,Accessories,http://www.myntra.com/anouk?src=lnb,Anouk [37]
,http://www.myntra.com/kurtas/anouk/anouk-women-green-embroidered-kurta/221507/buy
http://www.myntra.com/sale-women-accessories?nav_id=633&src=tn,/sale-women-accessories,Accessories,http://www.myntra.com/anouk?src=lnb,Anouk [37]
,http://www.myntra.com/kurtas/anouk/anouk-women-blue-printed-kurta/212973/buy
http://www.myntra.com/sale-women-accessories?nav_id=633&src=tn,/sale-women-accessories,Accessories,http://www.myntra.com/anouk?src=lnb,Anouk [37]
,http://www.myntra.com/kurtas/anouk/anouk-women-yellow-kurta/210134/buy
http://www.myntra.com/sale-women-accessories?nav_id=633&src=tn,/sale-women-accessories,Accessories,http://www.myntra.com/anouk?src=lnb,Anouk [37]
,http://www.myntra.com/kurtas/anouk/anouk-women-maroon-dobby-kurta/221503/buy
http://www.myntra.com/sale-women-accessories?nav_id=633&src=tn,/sale-women-accessories,Accessories,http://www.myntra.com/anouk?src=lnb,Anouk [37]
,http://www.myntra.com/kurtas/anouk/anouk-women-dark-pink-printed-kurta/209577/buy
http://www.myntra.com/sale-women-accessories?nav_id=633&src=tn,/sale-women-accessories,Accessories,http://www.myntra.com/anouk?src=lnb,Anouk [37]
,http://www.myntra.com/kurtas/anouk/anouk-women-blue-dobby-striped-kurta/203168/buy
http://www.myntra.com/sale-women-accessories?nav_id=633&src=tn,/sale-women-accessories,Accessories,http://www.myntra.com/anouk?src=lnb,Anouk [37]
,http://www.myntra.com/kurtas/anouk/anouk-women-black-kurta/214544/buy
http://www.myntra.com/sale-women-accessories?nav_id=633&src=tn,/sale-women-accessories,Accessories,http://www.myntra.com/anouk?src=lnb,Anouk [37]
,http://www.myntra.com/kurtas/anouk/anouk-women-red-striped-kurta/221499/buy
http://www.myntra.com/sale-women-accessories?nav_id=633&src=tn,/sale-women-accessories,Accessories,http://www.myntra.com/anouk?src=lnb,Anouk [37]
,http://www.myntra.com/kurtas/anouk/anouk-women-purple-green-printed-kurta/203086/buy
http://www.myntra.com/sale-women-accessories?nav_id=633&src=tn,/sale-women-accessories,Accessories,http://www.myntra.com/anouk?src=lnb,Anouk [37]
,http://www.myntra.com/kurtas/anouk/anouk-women-red-printed-kurta/211762/buy
http://www.myntra.com/sale-women-accessories?nav_id=633&src=tn,/sale-women-accessories,Accessories,http://www.myntra.com/anouk?src=lnb,Anouk [37]
,http://www.myntra.com/Kurtas/Anouk/Anouk-Women-Lime-Green-Striped-Kurta/229918/buy
http://www.myntra.com/sale-women-accessories?nav_id=633&src=tn,/sale-women-accessories,Accessories,http://www.myntra.com/anouk?src=lnb,Anouk [37]
,http://www.myntra.com/Kurtas/Anouk/Anouk-Women-Green-Printed-Kurta/214055/buy
http://www.myntra.com/sale-women-accessories?nav_id=633&src=tn,/sale-women-accessories,Accessories,http://www.myntra.com/anouk?src=lnb,Anouk [37]
,http://www.myntra.com/Kurtas/Anouk/Anouk-Women-Red-Kurta/219763/buy
http://www.myntra.com/sale-women-accessories?nav_id=633&src=tn,/sale-women-accessories,Accessories,http://www.myntra.com/anouk?src=lnb,Anouk [37]
,http://www.myntra.com/Kurtas/Anouk/Anouk-Women-Black-Printed-Kurta/214547/buy
http://www.myntra.com/sale-women-accessories?nav_id=633&src=tn,/sale-women-accessories,Accessories,http://www.myntra.com/anouk?src=lnb,Anouk [37]
,http://www.myntra.com/Clutches/Anouk/Anouk-Multi-Coloured-Potli-Bag/241496/buy
http://www.myntra.com/sale-women-accessories?nav_id=633&src=tn,/sale-women-accessories,Accessories,http://www.myntra.com/anouk?src=lnb,Anouk [37]
,http://www.myntra.com/Kurtas/Anouk/Anouk-Women-Black-Dobby-Striped-Kurta/203159/buy
http://www.myntra.com/sale-women-accessories?nav_id=633&src=tn,/sale-women-accessories,Accessories,http://www.myntra.com/anouk?src=lnb,Anouk [37]
,http://www.myntra.com/Kurtas/Anouk/Anouk-Women-Pink-Kurta/210135/buy
http://www.myntra.com/sale-women-accessories?nav_id=633&src=tn,/sale-women-accessories,Accessories,http://www.myntra.com/anouk?src=lnb,Anouk [37]
,http://www.myntra.com/Kurtas/Anouk-Rustic/Anouk-Rustic-Women-Black-&-Pink-Ikat-Print-Kurta/224146/buy
http://www.myntra.com/sale-women-accessories?nav_id=633&src=tn,/sale-women-accessories,Accessories,http://www.myntra.com/anouk?src=lnb,Anouk [37]
,http://www.myntra.com/Kurtas/Anouk/Anouk-Women-Lime-Green-Floral-Printed-Kurta/212306/buy
http://www.myntra.com/sale-women-accessories?nav_id=633&src=tn,/sale-women-accessories,Accessories,http://www.myntra.com/anouk?src=lnb,Anouk [37]
,http://www.myntra.com/Kurtas/Anouk/Anouk-Women-Blue-Jacquard-Kurta/203149/buy
http://www.myntra.com/sale-women-accessories?nav_id=633&src=tn,/sale-women-accessories,Accessories,http://www.myntra.com/anouk?src=lnb,Anouk [37]
,http://www.myntra.com/Kurtas/Anouk/Anouk-Women-Pink-&-Red-Printed-Kurta/211763/buy
http://www.myntra.com/sale-women-accessories?nav_id=633&src=tn,/sale-women-accessories,Accessories,http://www.myntra.com/anouk?src=lnb,Anouk [37]
,http://www.myntra.com/Kurtas/Anouk/Anouk-Women-Red-Kurta/221508/buy
http://www.myntra.com/sale-women-accessories?nav_id=633&src=tn,/sale-women-accessories,Accessories,http://www.myntra.com/anouk?src=lnb,Anouk [37]
,http://www.myntra.com/Salwar-Suit/Anouk/Anouk-Women-Off-White-&-Burgundy-Printed-Churidar-Kurta-Set/207990/buy
http://www.myntra.com/sale-women-accessories?nav_id=633&src=tn,/sale-women-accessories,Accessories,http://www.myntra.com/anouk?src=lnb,Anouk [37]
,http://www.myntra.com/Kurtas/Anouk/Anouk-Women-Blue-&-White-Printed-Kurta/210412/buy
http://www.myntra.com/sale-women-accessories?nav_id=633&src=tn,/sale-women-accessories,Accessories,http://www.myntra.com/anouk?src=lnb,Anouk [37]
,http://www.myntra.com/Harem-Pants/Mirage/Mirage-Women-Turquoise-Blue-Sharara-Pants/207611/buy
http://www.myntra.com/sale-women-accessories?nav_id=633&src=tn,/sale-women-accessories,Accessories,http://www.myntra.com/anouk?src=lnb,Anouk [37]
,http://www.myntra.com/Kurtas/Anouk/Anouk-Women-Pink-Printed-Kurta/214056/buy
http://www.myntra.com/sale-women-accessories?nav_id=633&src=tn,/sale-women-accessories,Accessories,http://www.myntra.com/anouk?src=lnb,Anouk [37]
,http://www.myntra.com/Kurtas/Anouk/Anouk-Women-Pink-Kurta/210136/buy
http://www.myntra.com/sale-women-accessories?nav_id=633&src=tn,/sale-women-accessories,Accessories,http://www.myntra.com/anouk?src=lnb,Anouk [37]
,http://www.myntra.com/Kurtas/Anouk/Anouk-Women-Black-Kurta/213335/buy
http://www.myntra.com/sale-women-accessories?nav_id=633&src=tn,/sale-women-accessories,Accessories,http://www.myntra.com/anouk?src=lnb,Anouk [37]
,http://www.myntra.com/Kurtas/Anouk/Anouk-Women-Yellow-Floral-Printed-Kurta/212304/buy
http://www.myntra.com/sale-women-accessories?nav_id=633&src=tn,/sale-women-accessories,Accessories,http://www.myntra.com/anouk?src=lnb,Anouk [37]
,http://www.myntra.com/Kurtas/Anouk/Anouk-Women-Red-Jacquard-Kurta/203152/buy
http://www.myntra.com/sale-women-accessories?nav_id=633&src=tn,/sale-women-accessories,Accessories,http://www.myntra.com/anouk?src=lnb,Anouk [37]
,http://www.myntra.com/Kurtas/Anouk/Anouk-Women-Red-Printed-Kurta/214054/buy
http://www.myntra.com/sale-women-accessories?nav_id=633&src=tn,/sale-women-accessories,Accessories,http://www.myntra.com/anouk?src=lnb,Anouk [37]
,http://www.myntra.com/Kurtas/Anouk/Anouk-Women-Pink-Jacquard-Kurta/203157/buy
http://www.myntra.com/sale-women-accessories?nav_id=633&src=tn,/sale-women-accessories,Accessories,http://www.myntra.com/anouk?src=lnb,Anouk [37]
,http://www.myntra.com/Churidar-Kurta/Anouk/Anouk-Women-White-&-Blue-Printed-Churidar-Kurta-Set/207989/buy
http://www.myntra.com/sale-women-accessories?nav_id=633&src=tn,/sale-women-accessories,Accessories,http://www.myntra.com/anouk?src=lnb,Anouk [37]
,http://www.myntra.com/Tops/Anouk/Anouk-Women-Pink-&-Purple-Printed-Yoke-Top/229005/buy
http://www.myntra.com/sale-women-accessories?nav_id=633&src=tn,/sale-women-accessories,Accessories,http://www.myntra.com/anouk?src=lnb,Anouk [37]
,http://www.myntra.com/Kurtas/Anouk/Anouk-Women-Grey-Striped-Kurta/221514/buy
http://www.myntra.com/sale-women-accessories?nav_id=633&src=tn,/sale-women-accessories,Accessories,http://www.myntra.com/anouk?src=lnb,Anouk [37]
,http://www.myntra.com/Kurtis/Anouk/Anouk-Women-Yellow-Printed-Kurti/193591/buy
http://www.myntra.com/sale-women-accessories?nav_id=633&src=tn,/sale-women-accessories,Accessories,http://www.myntra.com/anouk?src=lnb,Anouk [37]
,http://www.myntra.com/Kurtas/Anouk/Anouk-Women-Green-Embroidered-Kurta/203314/buy
http://www.myntra.com/sale-women-accessories?nav_id=633&src=tn,/sale-women-accessories,Accessories,http://www.myntra.com/anouk?src=lnb,Anouk [37]
,http://www.myntra.com/Kurtas/Anouk/Anouk-Women-Off-White-Embroidered-Jacquard-Kurta/212279/buy
http://www.myntra.com/sale-women-accessories?nav_id=633&src=tn,/sale-women-accessories,Accessories,http://www.myntra.com/anouk?src=lnb,Anouk [37]
,http://www.myntra.com/Kurtas/Anouk/Anouk-Women-Pink-Kurta/224362/buy
http://www.myntra.com/sale-women-accessories?nav_id=633&src=tn,/sale-women-accessories,Accessories,http://www.myntra.com/anouk?src=lnb,Anouk [37]
,http://www.myntra.com/Kurtas/Anouk/Anouk-Women-Purple-Embroidered-Kurta/221497/buy
http://www.myntra.com/sale-women-accessories?nav_id=633&src=tn,/sale-women-accessories,Accessories,http://www.myntra.com/anouk?src=lnb,Anouk [37]
,http://www.myntra.com/Kurtis/Anouk/Anouk-Women-Pink--Paisley-Jacquard-Printed-Kurti/212294/buy
http://www.myntra.com/sale-women-accessories?nav_id=633&src=tn,/sale-women-accessories,Accessories,http://www.myntra.com/anouk?src=lnb,Anouk [37]
,http://www.myntra.com/Kurtas/Anouk/Anouk-Women-Orange-Printed-Kurta/212621/buy
http://www.myntra.com/sale-women-accessories?nav_id=633&src=tn,/sale-women-accessories,Accessories,http://www.myntra.com/anouk?src=lnb,Anouk [37]
,http://www.myntra.com/Tops/Anouk/Anouk-Women-Pink-Printed-Top/228092/buy
http://www.myntra.com/sale-women-accessories?nav_id=633&src=tn,/sale-women-accessories,Accessories,http://www.myntra.com/anouk?src=lnb,Anouk [37]
,http://www.myntra.com/Kurtas/Anouk/Anouk-Women-White-Printed-Kurta/225938/buy
http://www.myntra.com/sale-women-accessories?nav_id=633&src=tn,/sale-women-accessories,Accessories,http://www.myntra.com/anouk?src=lnb,Anouk [37]
,http://www.myntra.com/Kurtas/Anouk/Anouk-Women-Pink-Kurta/221510/buy
http://www.myntra.com/sale-women-accessories?nav_id=633&src=tn,/sale-women-accessories,Accessories,http://www.myntra.com/anouk?src=lnb,Anouk [37]
,http://www.myntra.com/Churidar-Kurta/Anouk/Anouk-Women-Navy-&-White-Printed-Churidar-Kurta-Set/218563/buy
http://www.myntra.com/sale-women-accessories?nav_id=633&src=tn,/sale-women-accessories,Accessories,http://www.myntra.com/anouk?src=lnb,Anouk [37]
,http://www.myntra.com/Kurtas/Anouk/Anouk-Women-White-Kurta/219766/buy
http://www.myntra.com/sale-women-accessories?nav_id=633&src=tn,/sale-women-accessories,Accessories,http://www.myntra.com/anouk?src=lnb,Anouk [37]
,http://www.myntra.com/Kurtas/Anouk/Anouk-Women-Black-&-White-Printed-Kurta/209572/buy
http://www.myntra.com/sale-women-accessories?nav_id=633&src=tn,/sale-women-accessories,Accessories,http://www.myntra.com/anouk?src=lnb,Anouk [37]
,http://www.myntra.com/Kurtas/Anouk/Anouk-Women-Purple-Khadi-Printed-Kurta/229920/buy
http://www.myntra.com/sale-women-accessories?nav_id=633&src=tn,/sale-women-accessories,Accessories,http://www.myntra.com/anouk?src=lnb,Anouk [37]
,http://www.myntra.com/Kurtis/Anouk/Anouk-Women-Black-Dobby-Striped-Kurti/203169/buy
http://www.myntra.com/sale-women-accessories?nav_id=633&src=tn,/sale-women-accessories,Accessories,http://www.myntra.com/anouk?src=lnb,Anouk [37]
,http://www.myntra.com/Kurtas/Anouk/Anouk-Women-Blue-Kurta/219767/buy
http://www.myntra.com/sale-women-accessories?nav_id=633&src=tn,/sale-women-accessories,Accessories,http://www.myntra.com/anouk?src=lnb,Anouk [37]
,http://www.myntra.com/Kurtas/Anouk/Anouk-Women-Black-Kurta/219761/buy
http://www.myntra.com/sale-women-accessories?nav_id=633&src=tn,/sale-women-accessories,Accessories,http://www.myntra.com/anouk?src=lnb,Anouk [37]
,http://www.myntra.com/Kurtas/Anouk/Anouk-Women-Red-Khadi-Printed-Kurta/210131/buy
http://www.myntra.com/sale-women-accessories?nav_id=633&src=tn,/sale-women-accessories,Accessories,http://www.myntra.com/anouk?src=lnb,Anouk [37]
,http://www.myntra.com/Kurtas/Anouk/Anouk-Women-Maroon-Embroidered-Yoke-Kurta/229915/buy
http://www.myntra.com/sale-women-accessories?nav_id=633&src=tn,/sale-women-accessories,Accessories,http://www.myntra.com/anouk?src=lnb,Anouk [37]
,http://www.myntra.com/Salwar-Suit/Anouk/Anouk-Women-Off-White-&-Red-Printed-Churidar-Kurta-Set/207991/buy
http://www.myntra.com/sale-women-accessories?nav_id=633&src=tn,/sale-women-accessories,Accessories,http://www.myntra.com/anouk?src=lnb,Anouk [37]
,http://www.myntra.com/Kurtas/Anouk/Anouk-Women-Orange-Printed-Trim-Kurta/220866/buy
http://www.myntra.com/sale-women-accessories?nav_id=633&src=tn,/sale-women-accessories,Accessories,http://www.myntra.com/anouk?src=lnb,Anouk [37]
,http://www.myntra.com/Churidar-Kurta/Anouk/Anouk-Women-White-&-Blue-Churidar-Kurta-Set/207993/buy
http://www.myntra.com/sale-women-accessories?nav_id=633&src=tn,/sale-women-accessories,Accessories,http://www.myntra.com/anouk?src=lnb,Anouk [37]
,http://www.myntra.com/Kurtas/Anouk/Anouk-Women-Purple-Printed-Kurta/209575/buy
http://www.myntra.com/sale-women-accessories?nav_id=633&src=tn,/sale-women-accessories,Accessories,http://www.myntra.com/anouk?src=lnb,Anouk [37]
,http://www.myntra.com/Kurtas/Anouk/Anouk-Women-Yellow-Printed-Sleeve-Kurta/220865/buy
http://www.myntra.com/sale-women-accessories?nav_id=633&src=tn,/sale-women-accessories,Accessories,http://www.myntra.com/anouk?src=lnb,Anouk [37]
,http://www.myntra.com/Kurtas/Anouk/Anouk-Women-Teal-Blue-Dobby-Kurta/203161/buy
http://www.myntra.com/sale-women-accessories?nav_id=633&src=tn,/sale-women-accessories,Accessories,http://www.myntra.com/anouk?src=lnb,Anouk [37]
,http://www.myntra.com/Kurtas/Anouk/Anouk-Women-Rust-Orange-Kurta/203313/buy
http://www.myntra.com/sale-women-accessories?nav_id=633&src=tn,/sale-women-accessories,Accessories,http://www.myntra.com/anouk?src=lnb,Anouk [37]
,http://www.myntra.com/Kurtas/Anouk/Anouk-Women-Red-Embroidered-Jacquard-Kurta/212283/buy
http://www.myntra.com/sale-women-accessories?nav_id=633&src=tn,/sale-women-accessories,Accessories,http://www.myntra.com/anouk?src=lnb,Anouk [37]
,http://www.myntra.com/Kurtas/Anouk/Anouk-Women-Green-Kurta/214550/buy
http://www.myntra.com/sale-women-accessories?nav_id=633&src=tn,/sale-women-accessories,Accessories,http://www.myntra.com/anouk?src=lnb,Anouk [37]
,http://www.myntra.com/Kurtas/Anouk/Anouk-Women-Neon-Green-Kurta/219757/buy
http://www.myntra.com/sale-women-accessories?nav_id=633&src=tn,/sale-women-accessories,Accessories,http://www.myntra.com/anouk?src=lnb,Anouk [37]
,http://www.myntra.com/Kurtas/Anouk/Anouk-Women-Turquoise-Blue-Floral-Print-Kurta/214051/buy
http://www.myntra.com/sale-women-accessories?nav_id=633&src=tn,/sale-women-accessories,Accessories,http://www.myntra.com/anouk?src=lnb,Anouk [37]
,http://www.myntra.com/Kurtas/Anouk/Anouk-Women-Yellow-Printed-Kurta/212307/buy
http://www.myntra.com/sale-women-accessories?nav_id=633&src=tn,/sale-women-accessories,Accessories,http://www.myntra.com/anouk?src=lnb,Anouk [37]
,http://www.myntra.com/Kurtas/Anouk/Anouk-Women-Green-Printed-Kurta/210933/buy
http://www.myntra.com/sale-women-accessories?nav_id=633&src=tn,/sale-women-accessories,Accessories,http://www.myntra.com/anouk?src=lnb,Anouk [37]
,http://www.myntra.com/Kurtis/Anouk/Anouk-Women-Green-&-Blue-Printed-Kurti/224373/buy
http://www.myntra.com/sale-women-accessories?nav_id=633&src=tn,/sale-women-accessories,Accessories,http://www.myntra.com/anouk?src=lnb,Anouk [37]
,http://www.myntra.com/Kurtas/Anouk/Anouk-Women-Blue-Khadi-Printed-Kurta/210132/buy
http://www.myntra.com/sale-women-accessories?nav_id=633&src=tn,/sale-women-accessories,Accessories,http://www.myntra.com/anouk?src=lnb,Anouk [37]
,http://www.myntra.com/Kurtas/Anouk/Anouk-Women-Turquoise-Blue-Printed-Kurta/204887/buy
http://www.myntra.com/sale-women-accessories?nav_id=633&src=tn,/sale-women-accessories,Accessories,http://www.myntra.com/anouk?src=lnb,Anouk [37]
,http://www.myntra.com/Kurtas/Anouk/Anouk-Women-Coral-Red-Printed-Kurta/212309/buy
http://www.myntra.com/sale-women-accessories?nav_id=633&src=tn,/sale-women-accessories,Accessories,http://www.myntra.com/anouk?src=lnb,Anouk [37]
,http://www.myntra.com/Kurtas/Anouk/Anouk-Women-Red-&-White-Printed-Kurta/209573/buy
http://www.myntra.com/sale-women-accessories?nav_id=633&src=tn,/sale-women-accessories,Accessories,http://www.myntra.com/anouk?src=lnb,Anouk [37]
,http://www.myntra.com/Kurtis/Anouk/Anouk-Women-Blue-&-White-Printed-Kurti/210415/buy
http://www.myntra.com/sale-women-accessories?nav_id=633&src=tn,/sale-women-accessories,Accessories,http://www.myntra.com/anouk?src=lnb,Anouk [37]
,http://www.myntra.com/Kurtas/Anouk/Anouk-Women-Mustard-Yellow-Embroidered-Jacquard-Kurta/212282/buy
http://www.myntra.com/sale-women-accessories?nav_id=633&src=tn,/sale-women-accessories,Accessories,http://www.myntra.com/anouk?src=lnb,Anouk [37]
,http://www.myntra.com/Kurtas/Anouk/Anouk-Women-Navy-Handloom-Embroidered-Checked-Kurta/218792/buy
http://www.myntra.com/sale-women-accessories?nav_id=633&src=tn,/sale-women-accessories,Accessories,http://www.myntra.com/anouk?src=lnb,Anouk [37]
,http://www.myntra.com/Kurtas/Anouk/Anouk-Women-Maroon-Jacquard-Kurta/203158/buy
http://www.myntra.com/sale-women-accessories?nav_id=633&src=tn,/sale-women-accessories,Accessories,http://www.myntra.com/anouk?src=lnb,Anouk [37]
,http://www.myntra.com/Kurtas/Anouk/Anouk-Women-Blue-Hi-Low-Flared-Printed-Kurta/228089/buy
http://www.myntra.com/sale-women-accessories?nav_id=633&src=tn,/sale-women-accessories,Accessories,http://www.myntra.com/anouk?src=lnb,Anouk [37]
,http://www.myntra.com/Kurtas/Anouk/Anouk-Women-White-&-Yellow-Printed-Kurta/225939/buy
http://www.myntra.com/sale-women-accessories?nav_id=633&src=tn,/sale-women-accessories,Accessories,http://www.myntra.com/anouk?src=lnb,Anouk [37]
,http://www.myntra.com/Kurtas/Anouk/Anouk-Women-Blue-Printed-Kurta/212310/buy
http://www.myntra.com/sale-women-accessories?nav_id=633&src=tn,/sale-women-accessories,Accessories,http://www.myntra.com/anouk?src=lnb,Anouk [37]
,http://www.myntra.com/Kurtis/Anouk/Anouk-Women-Blue-&-Green-Printed-Kurti/224374/buy
http://www.myntra.com/sale-women-accessories?nav_id=633&src=tn,/sale-women-accessories,Accessories,http://www.myntra.com/anouk?src=lnb,Anouk [37]
,http://www.myntra.com/Kurtas/Anouk/Anouk-Women-Orange-Printed-Anarkali-Kurta/189139/buy
http://www.myntra.com/sale-women-accessories?nav_id=633&src=tn,/sale-women-accessories,Accessories,http://www.myntra.com/anouk?src=lnb,Anouk [37]
,http://www.myntra.com/Kurtas/Anouk/Anouk-Women-Black-Printed-Anarkali-Kurta/228091/buy
http://www.myntra.com/sale-women-accessories?nav_id=633&src=tn,/sale-women-accessories,Accessories,http://www.myntra.com/anouk?src=lnb,Anouk [37]
,http://www.myntra.com/Kurtas/Anouk/Anouk-Women-Pink-&-White-Printed-Kurta/203050/buy
http://www.myntra.com/sale-women-accessories?nav_id=633&src=tn,/sale-women-accessories,Accessories,http://www.myntra.com/anouk?src=lnb,Anouk [37]
,http://www.myntra.com/Kurtas/Anouk/Anouk-Women-Yellow-Kurta/212976/buy
http://www.myntra.com/sale-women-accessories?nav_id=633&src=tn,/sale-women-accessories,Accessories,http://www.myntra.com/anouk?src=lnb,Anouk [37]
,http://www.myntra.com/Kurtas/Anouk/Anouk-Women-Navy-Kurta/214546/buy
http://www.myntra.com/sale-women-accessories?nav_id=633&src=tn,/sale-women-accessories,Accessories,http://www.myntra.com/anouk?src=lnb,Anouk [37]
,http://www.myntra.com/Kurtas/Anouk/Anouk-Women-Purple-&-White-Printed-Kurta/209571/buy
http://www.myntra.com/sale-women-accessories?nav_id=633&src=tn,/sale-women-accessories,Accessories,http://www.myntra.com/anouk?src=lnb,Anouk [37]
,http://www.myntra.com/Leggings/Anouk/Anouk-Women-Green-Printed-Leggings/207985/buy
http://www.myntra.com/sale-women-accessories?nav_id=633&src=tn,/sale-women-accessories,Accessories,http://www.myntra.com/anouk?src=lnb,Anouk [37]
,http://www.myntra.com/Kurtas/Anouk/Anouk-Women-Pink-Kurta/219794/buy
http://www.myntra.com/sale-women-accessories?nav_id=633&src=tn,/sale-women-accessories,Accessories,http://www.myntra.com/anouk?src=lnb,Anouk [37]
,http://www.myntra.com/Tunics/Anouk/Anouk-Women-Yellow-Embroidered-Linen-Blend-Tunic/159314/buy
http://www.myntra.com/sale-women-accessories?nav_id=633&src=tn,/sale-women-accessories,Accessories,http://www.myntra.com/anouk?src=lnb,Anouk [37]
,http://www.myntra.com/Kurtas/Anouk/Anouk-Women-Pink-Printed-Kurta/210931/buy
http://www.myntra.com/sale-women-accessories?nav_id=633&src=tn,/sale-women-accessories,Accessories,http://www.myntra.com/anouk?src=lnb,Anouk [37]
,http://www.myntra.com/Kurtis/Anouk/Anouk-Women-Red-Printed-Sequin-Work-Kurti/211794/buy
http://www.myntra.com/sale-women-accessories?nav_id=633&src=tn,/sale-women-accessories,Accessories,http://www.myntra.com/anouk?src=lnb,Anouk [37]
,http://www.myntra.com/Kurtas/Anouk/Anouk-Women-Blue-Striped-Kurta/221500/buy
http://www.myntra.com/sale-women-accessories?nav_id=633&src=tn,/sale-women-accessories,Accessories,http://www.myntra.com/anouk?src=lnb,Anouk [37]
,http://www.myntra.com/Kurtas/Anouk/Anouk-Women-Indigo-Blue-&-White-Printed-Kurta/224359/buy
http://www.myntra.com/sale-women-accessories?nav_id=633&src=tn,/sale-women-accessories,Accessories,http://www.myntra.com/anouk?src=lnb,Anouk [37]
,http://www.myntra.com/Kurtas/Anouk/Anouk-Women-Blue-&-Pink-Printed-Kurta/203085/buy
http://www.myntra.com/sale-women-accessories?nav_id=633&src=tn,/sale-women-accessories,Accessories,http://www.myntra.com/anouk?src=lnb,Anouk [37]
,http://www.myntra.com/Leggings/Anouk/Anouk-Women-Red-&-Maroon-Printed-Leggings/207984/buy
http://www.myntra.com/sale-women-accessories?nav_id=633&src=tn,/sale-women-accessories,Accessories,http://www.myntra.com/anouk?src=lnb,Anouk [37]
,http://www.myntra.com/Kurtis/Anouk/Anouk-Women-Black-Paisley-Jacquard-Printed-Kurti/212293/buy
http://www.myntra.com/sale-women-accessories?nav_id=633&src=tn,/sale-women-accessories,Accessories,http://www.myntra.com/anouk?src=lnb,Anouk [37]
,http://www.myntra.com/Kurtas/Anouk/Anouk-Women-Yellow-Printed-Trim-Kurta/220867/buy
http://www.myntra.com/sale-women-accessories?nav_id=633&src=tn,/sale-women-accessories,Accessories,http://www.myntra.com/anouk?src=lnb,Anouk [37]
,http://www.myntra.com/Churidar-Kurta/Anouk/Anouk-Women-White-Printed-Churidar-Kurta-&-Dupatta/207994/buy
http://www.myntra.com/sale-women-accessories?nav_id=633&src=tn,/sale-women-accessories,Accessories,http://www.myntra.com/anouk?src=lnb,Anouk [37]
,http://www.myntra.com/Kurtis/Anouk/Anouk-Women-Red-&-Maroon-Printed-Kurti/214057/buy
http://www.myntra.com/sale-women-accessories?nav_id=633&src=tn,/sale-women-accessories,Accessories,http://www.myntra.com/anouk?src=lnb,Anouk [37]
,http://www.myntra.com/Kurtas/Anouk/Anouk-Women-Red-Printed-Kurta/212970/buy
http://www.myntra.com/sale-women-accessories?nav_id=633&src=tn,/sale-women-accessories,Accessories,http://www.myntra.com/anouk?src=lnb,Anouk [37]
,http://www.myntra.com/Kurtis/Anouk/Anouk-Women-Green-Dobby-Stripe-Kurti/203170/buy
http://www.myntra.com/sale-women-accessories?nav_id=633&src=tn,/sale-women-accessories,Accessories,http://www.myntra.com/anouk?src=lnb,Anouk [37]
,http://www.myntra.com/Kurtas/Anouk/Anouk-Women-Blue-Kurta/219785/buy
http://www.myntra.com/sale-women-accessories?nav_id=633&src=tn,/sale-women-accessories,Accessories,http://www.myntra.com/anouk?src=lnb,Anouk [37]
,http://www.myntra.com/Kurtas/Anouk/Anouk-Women-Pink-Kurta/219746/buy
http://www.myntra.com/sale-women-accessories?nav_id=633&src=tn,/sale-women-accessories,Accessories,http://www.myntra.com/anouk?src=lnb,Anouk [37]
,http://www.myntra.com/Kurtas/Anouk/Anouk-Women-Green-Printed-Kurta/209576/buy
http://www.myntra.com/sale-women-accessories?nav_id=633&src=tn,/sale-women-accessories,Accessories,http://www.myntra.com/anouk?src=lnb,Anouk [37]
,http://www.myntra.com/Kurtas/Anouk/Anouk-Women-Teal-Blue-Jacquard-with-Embroidered-Yoke-Kurta/212291/buy
http://www.myntra.com/sale-women-accessories?nav_id=633&src=tn,/sale-women-accessories,Accessories,http://www.myntra.com/anouk?src=lnb,Anouk [37]
,http://www.myntra.com/Tunics/Anouk-Rustic/Anouk-Rustic-Women-Turquoise-Blue-Chikankari-Tunic/170563/buy
http://www.myntra.com/sale-women-accessories?nav_id=633&src=tn,/sale-women-accessories,Accessories,http://www.myntra.com/anouk?src=lnb,Anouk [37]
,http://www.myntra.com/Kurtas/Anouk/Anouk-Women-Purple-Kurta/219764/buy
http://www.myntra.com/sale-women-accessories?nav_id=633&src=tn,/sale-women-accessories,Accessories,http://www.myntra.com/anouk?src=lnb,Anouk [37]
,http://www.myntra.com/Kurtis/Anouk/Anouk-Women-Yellow-Printed-Kurti/214058/buy
http://www.myntra.com/sale-women-accessories?nav_id=633&src=tn,/sale-women-accessories,Accessories,http://www.myntra.com/anouk?src=lnb,Anouk [37]
,http://www.myntra.com/Kurtas/Anouk/Anouk-Women-Olive-Green-Kurta/219784/buy
http://www.myntra.com/sale-women-accessories?nav_id=633&src=tn,/sale-women-accessories,Accessories,http://www.myntra.com/anouk?src=lnb,Anouk [37]
,http://www.myntra.com/Kurtas/Anouk/Anouk-Women-Green-Handloom-Embroidered-Striped-Kurta/218796/buy
http://www.myntra.com/sale-women-accessories?nav_id=633&src=tn,/sale-women-accessories,Accessories,http://www.myntra.com/anouk?src=lnb,Anouk [37]
,http://www.myntra.com/Kurtas/Anouk/Anouk-Women-Pink-Printed-Kurta/224364/buy
http://www.myntra.com/sale-women-accessories?nav_id=633&src=tn,/sale-women-accessories,Accessories,http://www.myntra.com/anouk?src=lnb,Anouk [37]
,http://www.myntra.com/Kurtas/Anouk/Anouk-Women-Purple-Embroidered-Jacquard-Kurta/212286/buy
http://www.myntra.com/sale-women-accessories?nav_id=633&src=tn,/sale-women-accessories,Accessories,http://www.myntra.com/anouk?src=lnb,Anouk [37]
,http://www.myntra.com/Kurtas/Anouk/Anouk-Women-Red-Handloom-Embroidered-Self-Striped-Kurta/218791/buy
http://www.myntra.com/sale-women-accessories?nav_id=633&src=tn,/sale-women-accessories,Accessories,http://www.myntra.com/anouk?src=lnb,Anouk [37]
,http://www.myntra.com/Kurtas/Anouk/Anouk-Women-Green-Khadi-Printed-Kurta/229921/buy
http://www.myntra.com/sale-women-accessories?nav_id=633&src=tn,/sale-women-accessories,Accessories,http://www.myntra.com/anouk?src=lnb,Anouk [37]
,http://www.myntra.com/Kurtas/Anouk/Anouk-Women-Orange-Kurta/219733/buy
http://www.myntra.com/sale-women-accessories?nav_id=633&src=tn,/sale-women-accessories,Accessories,http://www.myntra.com/anouk?src=lnb,Anouk [37]
,http://www.myntra.com/Kurtas/Anouk/Anouk-Women-Yellow-Kurta/203164/buy
http://www.myntra.com/sale-women-accessories?nav_id=633&src=tn,/sale-women-accessories,Accessories,http://www.myntra.com/anouk?src=lnb,Anouk [37]
,http://www.myntra.com/Kurtas/Anouk/Anouk-Women-Coral-Orange-Dobby-Striped-Kurta/203162/buy
http://www.myntra.com/sale-women-accessories?nav_id=633&src=tn,/sale-women-accessories,Accessories,http://www.myntra.com/anouk?src=lnb,Anouk [37]
,http://www.myntra.com/Kurtas/Anouk/Anouk-Women-Beige-Jacquard-Embroidered-Anarkali-Kurta/218560/buy
http://www.myntra.com/sale-women-accessories?nav_id=633&src=tn,/sale-women-accessories,Accessories,http://www.myntra.com/anouk?src=lnb,Anouk [37]
,http://www.myntra.com/Kurtas/Anouk/Anouk-Women-Pink-&-Orange-Printed-Sequinned-Neck-Kurta/224366/buy
http://www.myntra.com/sale-women-accessories?nav_id=633&src=tn,/sale-women-accessories,Accessories,http://www.myntra.com/anouk?src=lnb,Anouk [37]
,http://www.myntra.com/Kurtas/Anouk/Anouk-Women-Blue-Kurta/219760/buy
http://www.myntra.com/sale-women-accessories?nav_id=633&src=tn,/sale-women-accessories,Accessories,http://www.myntra.com/anouk?src=lnb,Anouk [37]
,http://www.myntra.com/Dresses/Mirage/Mirage-Pink-&-Green-Printed-A-Line-Dress/153891/buy
http://www.myntra.com/sale-women-accessories?nav_id=633&src=tn,/sale-women-accessories,Accessories,http://www.myntra.com/anouk?src=lnb,Anouk [37]
,http://www.myntra.com/Kurtas/Anouk/Anouk-Women-White-Kurta/219783/buy
http://www.myntra.com/sale-women-accessories?nav_id=633&src=tn,/sale-women-accessories,Accessories,http://www.myntra.com/anouk?src=lnb,Anouk [37]
,http://www.myntra.com/Kurtas/Anouk/Anouk-Women-Maroon-Handloom-Embroidered-Striped-Kurta/218795/buy
http://www.myntra.com/sale-women-accessories?nav_id=633&src=tn,/sale-women-accessories,Accessories,http://www.myntra.com/anouk?src=lnb,Anouk [37]
,http://www.myntra.com/Dresses/Mirage/Mirage-Turquoise-Blue-A-Line-Dress/207606/buy
http://www.myntra.com/sale-women-accessories?nav_id=633&src=tn,/sale-women-accessories,Accessories,http://www.myntra.com/anouk?src=lnb,Anouk [37]
,http://www.myntra.com/Kurtas/Anouk/Anouk-Women-Off-White-&-Orange-Printed-Kurta/211790/buy
http://www.myntra.com/sale-women-accessories?nav_id=633&src=tn,/sale-women-accessories,Accessories,http://www.myntra.com/anouk?src=lnb,Anouk [37]
,http://www.myntra.com/Kurtas/Anouk/Anouk-Women-Green-Dobby-Kurta/221505/buy
http://www.myntra.com/sale-women-accessories?nav_id=633&src=tn,/sale-women-accessories,Accessories,http://www.myntra.com/anouk?src=lnb,Anouk [37]
,http://www.myntra.com/Kurtas/Anouk/Anouk-Women-Purple-Striped-Kurta/221513/buy
http://www.myntra.com/sale-women-accessories?nav_id=633&src=tn,/sale-women-accessories,Accessories,http://www.myntra.com/anouk?src=lnb,Anouk [37]
,http://www.myntra.com/Kurtis/Anouk/Anouk-Women-Blue-Kurti/205538/buy
http://www.myntra.com/sale-women-accessories?nav_id=633&src=tn,/sale-women-accessories,Accessories,http://www.myntra.com/anouk?src=lnb,Anouk [37]
,http://www.myntra.com/Kurtas/Anouk/Anouk-Women-Charcoal-Grey-Kurta/219779/buy
http://www.myntra.com/sale-women-accessories?nav_id=633&src=tn,/sale-women-accessories,Accessories,http://www.myntra.com/anouk?src=lnb,Anouk [37]
,http://www.myntra.com/Kurtis/Anouk/Anouk-Women-Pink-Dobby-Striped-Kurti/203172/buy
http://www.myntra.com/sale-women-accessories?nav_id=633&src=tn,/sale-women-accessories,Accessories,http://www.myntra.com/anouk?src=lnb,Anouk [37]
,http://www.myntra.com/Handbags/Anouk/Anouk-Gold-Toned-&-Blue-Slouchy-Jute-Shoulder-Bag/241457/buy
http://www.myntra.com/sale-women-accessories?nav_id=633&src=tn,/sale-women-accessories,Accessories,http://www.myntra.com/anouk?src=lnb,Anouk [37]
,http://www.myntra.com/Kurtas/Anouk/Anouk-Women-Blue-Printed-Kurta/219771/buy
http://www.myntra.com/sale-women-accessories?nav_id=633&src=tn,/sale-women-accessories,Accessories,http://www.myntra.com/anouk?src=lnb,Anouk [37]
,http://www.myntra.com/Skirts/Anouk/Anouk-Blue-&-White-Printed-Flared-Skirt/210416/buy
http://www.myntra.com/sale-women-accessories?nav_id=633&src=tn,/sale-women-accessories,Accessories,http://www.myntra.com/anouk?src=lnb,Anouk [37]
,http://www.myntra.com/Earrings/Anouk/Anouk-Gold-Toned-Earrings/243000/buy
http://www.myntra.com/sale-women-accessories?nav_id=633&src=tn,/sale-women-accessories,Accessories,http://www.myntra.com/anouk?src=lnb,Anouk [37]
,http://www.myntra.com/Kurtas/Anouk/Anouk-Women-Pink-&-Orange-Printed-Kurta/203084/buy
http://www.myntra.com/sale-women-accessories?nav_id=633&src=tn,/sale-women-accessories,Accessories,http://www.myntra.com/anouk?src=lnb,Anouk [37]
,http://www.myntra.com/Kurtis/Anouk/Anouk-Women-Pink-Printed-Kurti/224375/buy
http://www.myntra.com/sale-women-accessories?nav_id=633&src=tn,/sale-women-accessories,Accessories,http://www.myntra.com/anouk?src=lnb,Anouk [37]
,http://www.myntra.com/Kurtas/Anouk/Anouk-Women-Purple-Printed-Kurta/193167/buy
http://www.myntra.com/sale-women-accessories?nav_id=633&src=tn,/sale-women-accessories,Accessories,http://www.myntra.com/anouk?src=lnb,Anouk [37]
,http://www.myntra.com/Bangle/Anouk/Anouk-Set-of-2-Gold-Toned-Bangles/227647/buy
http://www.myntra.com/sale-women-accessories?nav_id=633&src=tn,/sale-women-accessories,Accessories,http://www.myntra.com/anouk?src=lnb,Anouk [37]
,http://www.myntra.com/Skirts/Anouk/Anouk-Black-&-White-Printed-Flared-Skirt/210418/buy
http://www.myntra.com/sale-women-accessories?nav_id=633&src=tn,/sale-women-accessories,Accessories,http://www.myntra.com/anouk?src=lnb,Anouk [37]
,http://www.myntra.com/Kurtis/Anouk/Anouk-Women-Red-Paisley-Jacquard-Printed-Kurti/212295/buy
http://www.myntra.com/sale-women-accessories?nav_id=633&src=tn,/sale-women-accessories,Accessories,http://www.myntra.com/anouk?src=lnb,Anouk [37]
,http://www.myntra.com/Kurtas/Anouk/Anouk-Women-Mustard-Yellow-Printed-Kurta/210935/buy
http://www.myntra.com/sale-women-accessories?nav_id=633&src=tn,/sale-women-accessories,Accessories,http://www.myntra.com/anouk?src=lnb,Anouk [37]
,http://www.myntra.com/Kurtas/Anouk/Anouk-Women-Black-Embroidered-Kurta/214542/buy
http://www.myntra.com/sale-women-accessories?nav_id=633&src=tn,/sale-women-accessories,Accessories,http://www.myntra.com/anouk?src=lnb,Anouk [37]
,http://www.myntra.com/Kurtas/Anouk/Anouk-Women-Pink-Embroidered-Yoke-Kurta/229914/buy
http://www.myntra.com/sale-women-accessories?nav_id=633&src=tn,/sale-women-accessories,Accessories,http://www.myntra.com/anouk?src=lnb,Anouk [37]
,http://www.myntra.com/Clutches/Anouk/Anouk-Pink-Jute-Clutch/241483/buy
http://www.myntra.com/sale-women-accessories?nav_id=633&src=tn,/sale-women-accessories,Accessories,http://www.myntra.com/anouk?src=lnb,Anouk [37]
,http://www.myntra.com/Kurtas/Anouk/Anouk-Women-Blue-Embroidered-Jacquard-Kurta/212287/buy
http://www.myntra.com/sale-women-accessories?nav_id=633&src=tn,/sale-women-accessories,Accessories,http://www.myntra.com/anouk?src=lnb,Anouk [37]
,http://www.myntra.com/Earrings/Anouk/Anouk-Gold-Toned-Drop-Earrings/242994/buy
http://www.myntra.com/sale-women-accessories?nav_id=633&src=tn,/sale-women-accessories,Accessories,http://www.myntra.com/anouk?src=lnb,Anouk [37]
,http://www.myntra.com/Tote-Bags/Anouk/Anouk-Women-Brown-&-Yellow-Printed-Tote-Bag/220049/buy
http://www.myntra.com/sale-women-accessories?nav_id=633&src=tn,/sale-women-accessories,Accessories,http://www.myntra.com/anouk?src=lnb,Anouk [37]
,http://www.myntra.com/Kurtas/Anouk/Anouk-Women-Burgundy-Kurta/219736/buy
http://www.myntra.com/sale-women-accessories?nav_id=633&src=tn,/sale-women-accessories,Accessories,http://www.myntra.com/anouk?src=lnb,Anouk [37]
,http://www.myntra.com/Kurtas/Anouk/Anouk-Women-Yellow-Bandhani-Printed-Kurta/212623/buy
http://www.myntra.com/sale-women-accessories?nav_id=633&src=tn,/sale-women-accessories,Accessories,http://www.myntra.com/anouk?src=lnb,Anouk [37]
,http://www.myntra.com/Kurtas/Anouk/Anouk-Women-Red-Printed-Kurta/219740/buy
http://www.myntra.com/sale-women-accessories?nav_id=633&src=tn,/sale-women-accessories,Accessories,http://www.myntra.com/anouk?src=lnb,Anouk [37]
,http://www.myntra.com/Kurtas/Anouk/Anouk-Women-Green-Kurta/219745/buy
http://www.myntra.com/sale-women-accessories?nav_id=633&src=tn,/sale-women-accessories,Accessories,http://www.myntra.com/anouk?src=lnb,Anouk [37]
,http://www.myntra.com/Kurtas/Anouk/Anouk-Women-Pink-Kurta/219755/buy
http://www.myntra.com/sale-women-accessories?nav_id=633&src=tn,/sale-women-accessories,Accessories,http://www.myntra.com/anouk?src=lnb,Anouk [37]
,http://www.myntra.com/Kurtis/Anouk/Anouk-Women-Red-Printed-Kurti/224376/buy
http://www.myntra.com/sale-women-accessories?nav_id=633&src=tn,/sale-women-accessories,Accessories,http://www.myntra.com/anouk?src=lnb,Anouk [37]
,http://www.myntra.com/Patiala/Anouk/Anouk-Women-Orange-Patiala-Pants/210740/buy
http://www.myntra.com/sale-women-accessories?nav_id=633&src=tn,/sale-women-accessories,Accessories,http://www.myntra.com/anouk?src=lnb,Anouk [37]
,http://www.myntra.com/Kurtas/Anouk/Anouk-Women-Maroon-Dobby-Kurta/203167/buy
http://www.myntra.com/sale-women-accessories?nav_id=633&src=tn,/sale-women-accessories,Accessories,http://www.myntra.com/anouk?src=lnb,Anouk [37]
,http://www.myntra.com/Kurtas/Anouk/Anouk-Women-Turquoise-Blue-Jacquard-Printed-Kurta/203153/buy
http://www.myntra.com/sale-women-accessories?nav_id=633&src=tn,/sale-women-accessories,Accessories,http://www.myntra.com/anouk?src=lnb,Anouk [37]
,http://www.myntra.com/Kurtas/Anouk/Anouk-Women-Blue-Kurta/219735/buy
http://www.myntra.com/sale-women-accessories?nav_id=633&src=tn,/sale-women-accessories,Accessories,http://www.myntra.com/anouk?src=lnb,Anouk [37]
,http://www.myntra.com/Dresses/Mirage/Mirage-Green-A-Line-Dress/207604/buy
http://www.myntra.com/sale-women-accessories?nav_id=633&src=tn,/sale-women-accessories,Accessories,http://www.myntra.com/anouk?src=lnb,Anouk [37]
,http://www.myntra.com/Kurtas/Anouk/Anouk-Women-Neon-Yellow-Kurta/219747/buy
http://www.myntra.com/sale-women-accessories?nav_id=633&src=tn,/sale-women-accessories,Accessories,http://www.myntra.com/anouk?src=lnb,Anouk [37]
,http://www.myntra.com/Dresses/Mirage/Mirage-Blue-Lurex-Striped-A-Line-Dress/207603/buy
http://www.myntra.com/sale-women-accessories?nav_id=633&src=tn,/sale-women-accessories,Accessories,http://www.myntra.com/anouk?src=lnb,Anouk [37]
,http://www.myntra.com/Patiala-and-Dupatta/Anouk/Anouk-Women-Blue-&-Golden-Rogan-Print-Patiala-&-Dupatta-Set/200471/buy
http://www.myntra.com/sale-women-accessories?nav_id=633&src=tn,/sale-women-accessories,Accessories,http://www.myntra.com/anouk?src=lnb,Anouk [37]
,http://www.myntra.com/Kurtas/Anouk/Anouk-Women-Blue-Jacquard-Kurta/203155/buy
http://www.myntra.com/sale-women-accessories?nav_id=633&src=tn,/sale-women-accessories,Accessories,http://www.myntra.com/anouk?src=lnb,Anouk [37]
,http://www.myntra.com/Kurtas/Anouk-Rustic/Anouk-Rustic-Women-Red-Pleated-Kurta/184030/buy
http://www.myntra.com/sale-women-accessories?nav_id=633&src=tn,/sale-women-accessories,Accessories,http://www.myntra.com/anouk?src=lnb,Anouk [37]
,http://www.myntra.com/Dresses/Mirage/Mirage-Red-Lurex-Striped-A-Line-Dress/207602/buy
http://www.myntra.com/sale-women-accessories?nav_id=633&src=tn,/sale-women-accessories,Accessories,http://www.myntra.com/anouk?src=lnb,Anouk [37]
,http://www.myntra.com/Kurtas/Anouk/Anouk-Women-Yellow-&-Green-Printed-Kurta/219739/buy
http://www.myntra.com/sale-women-accessories?nav_id=633&src=tn,/sale-women-accessories,Accessories,http://www.myntra.com/anouk?src=lnb,Anouk [37]
,http://www.myntra.com/Kurtas/Anouk/Anouk-Women-Pink-Striped-Kurta/203166/buy
http://www.myntra.com/sale-women-accessories?nav_id=633&src=tn,/sale-women-accessories,Accessories,http://www.myntra.com/anouk?src=lnb,Anouk [37]
,http://www.myntra.com/Kurtis/Anouk/Anouk-Women-White-Paisley-Printed-Kurti/225942/buy
http://www.myntra.com/sale-women-accessories?nav_id=633&src=tn,/sale-women-accessories,Accessories,http://www.myntra.com/anouk?src=lnb,Anouk [37]
,http://www.myntra.com/Kurtas/Anouk/Anouk-Women-Orange-Printed-Kurta/237306/buy
http://www.myntra.com/sale-women-accessories?nav_id=633&src=tn,/sale-women-accessories,Accessories,http://www.myntra.com/anouk?src=lnb,Anouk [37]
,http://www.myntra.com/Dresses/Anouk/Anouk-Lime-Green-Shift-Dress/207615/buy
http://www.myntra.com/sale-women-accessories?nav_id=633&src=tn,/sale-women-accessories,Accessories,http://www.myntra.com/anouk?src=lnb,Anouk [37]
,http://www.myntra.com/Kurtas/Anouk/Anouk-Women-Magenta-Embroidered-Kurta/159309/buy
http://www.myntra.com/sale-women-accessories?nav_id=633&src=tn,/sale-women-accessories,Accessories,http://www.myntra.com/anouk?src=lnb,Anouk [37]
,http://www.myntra.com/Kurtas/Anouk/Anouk-Women-Blue-&-Green-Printed-Kurta/203083/buy
http://www.myntra.com/sale-women-accessories?nav_id=633&src=tn,/sale-women-accessories,Accessories,http://www.myntra.com/anouk?src=lnb,Anouk [37]
,http://www.myntra.com/Kurtis/Anouk/Anouk-Women-Orange-Printed-Kurti/214060/buy
http://www.myntra.com/sale-women-accessories?nav_id=633&src=tn,/sale-women-accessories,Accessories,http://www.myntra.com/anouk?src=lnb,Anouk [37]
,http://www.myntra.com/Kurtas/Anouk/Anouk-Women-Green-Printed-Kurta/210929/buy
http://www.myntra.com/sale-women-accessories?nav_id=633&src=tn,/sale-women-accessories,Accessories,http://www.myntra.com/anouk?src=lnb,Anouk [37]
,http://www.myntra.com/Leggings/Anouk/Anouk-Women-Green-&-White-Printed-Leggings/207983/buy
http://www.myntra.com/sale-women-accessories?nav_id=633&src=tn,/sale-women-accessories,Accessories,http://www.myntra.com/anouk?src=lnb,Anouk [37]
,http://www.myntra.com/Kurtas/Anouk/Anouk-Women-Off-White-&-Red-Printed-Kurta/199296/buy
http://www.myntra.com/sale-women-accessories?nav_id=633&src=tn,/sale-women-accessories,Accessories,http://www.myntra.com/anouk?src=lnb,Anouk [37]
,http://www.myntra.com/Bangle/Anouk/Anouk-Gold-Toned-Crystal-Studded-Bangle/180595/buy
http://www.myntra.com/sale-women-accessories?nav_id=633&src=tn,/sale-women-accessories,Accessories,http://www.myntra.com/anouk?src=lnb,Anouk [37]
,http://www.myntra.com/Kurtas/Anouk/Anouk-Women-Blue-Self-Striped-Kurta/229917/buy
http://www.myntra.com/sale-women-accessories?nav_id=633&src=tn,/sale-women-accessories,Accessories,http://www.myntra.com/anouk?src=lnb,Anouk [37]
,http://www.myntra.com/Tops/Anouk/Anouk-Women-Neon-Pink-Printed-Angrakha-Top/205543/buy
http://www.myntra.com/sale-women-accessories?nav_id=633&src=tn,/sale-women-accessories,Accessories,http://www.myntra.com/anouk?src=lnb,Anouk [37]
,http://www.myntra.com/Earrings/Anouk/Anouk-Gold-Toned-Drop-Earrings/242985/buy
http://www.myntra.com/sale-women-accessories?nav_id=633&src=tn,/sale-women-accessories,Accessories,http://www.myntra.com/anouk?src=lnb,Anouk [37]
,http://www.myntra.com/Tops/Mirage/Mirage-Women-Black-&-White-Printed-Top/213339/buy
http://www.myntra.com/sale-women-accessories?nav_id=633&src=tn,/sale-women-accessories,Accessories,http://www.myntra.com/anouk?src=lnb,Anouk [37]
,http://www.myntra.com/Tunics/Anouk-Rustic/Anouk-Rustic-Women-Brown-&-Green-Ikat-Tunic/224147/buy
http://www.myntra.com/sale-women-accessories?nav_id=633&src=tn,/sale-women-accessories,Accessories,http://www.myntra.com/anouk?src=lnb,Anouk [37]
,http://www.myntra.com/Kurtas/Anouk/Anouk-Women-Blue-Silk-Blend-Embroidered-Kurta/159308/buy
http://www.myntra.com/sale-women-accessories?nav_id=633&src=tn,/sale-women-accessories,Accessories,http://www.myntra.com/anouk?src=lnb,Anouk [37]
,http://www.myntra.com/Kurtas/Anouk/Anouk-Women-Orange-&-Pink-Paisley-Print-Kurta/210930/buy
http://www.myntra.com/sale-women-accessories?nav_id=633&src=tn,/sale-women-accessories,Accessories,http://www.myntra.com/anouk?src=lnb,Anouk [37]
,http://www.myntra.com/Kurtas/Anouk/Anouk-Women-Yellow-Jacquard-with-Embroidered-Yoke-Kurta/212289/buy
http://www.myntra.com/sale-women-accessories?nav_id=633&src=tn,/sale-women-accessories,Accessories,http://www.myntra.com/anouk?src=lnb,Anouk [37]
,http://www.myntra.com/Kurtas/Anouk/Anouk-Women-Coffee-Brown-Kurta/219787/buy
http://www.myntra.com/sale-women-accessories?nav_id=633&src=tn,/sale-women-accessories,Accessories,http://www.myntra.com/anouk?src=lnb,Anouk [37]
,http://www.myntra.com/Kurtas/Anouk/Anouk-Women-Yellow-Kurta/210138/buy
http://www.myntra.com/sale-women-accessories?nav_id=633&src=tn,/sale-women-accessories,Accessories,http://www.myntra.com/anouk?src=lnb,Anouk [37]
,http://www.myntra.com/Kurtas/Anouk/Anouk-Women-Purple-Dobby-Striped-Kurta/203165/buy
http://www.myntra.com/sale-women-accessories?nav_id=633&src=tn,/sale-women-accessories,Accessories,http://www.myntra.com/anouk?src=lnb,Anouk [37]
,http://www.myntra.com/Patiala-and-Dupatta/Anouk/Anouk-Women-Yellow-&-Golden-Rogan-Print-Patiala-&-Dupatta-Set/200473/buy
http://www.myntra.com/sale-women-accessories?nav_id=633&src=tn,/sale-women-accessories,Accessories,http://www.myntra.com/anouk?src=lnb,Anouk [37]
,http://www.myntra.com/Kurtas/Anouk/Anouk-Women-Pink-&-Purple-Kurta/203317/buy
http://www.myntra.com/sale-women-accessories?nav_id=633&src=tn,/sale-women-accessories,Accessories,http://www.myntra.com/anouk?src=lnb,Anouk [37]
,http://www.myntra.com/Clutches/Anouk/Anouk-Green-Jute-Clutch/241481/buy
http://www.myntra.com/sale-women-accessories?nav_id=633&src=tn,/sale-women-accessories,Accessories,http://www.myntra.com/anouk?src=lnb,Anouk [37]
,http://www.myntra.com/Tops/Anouk/Anouk-Women-Pink-&-Blue-Colour-Block-Top/207620/buy
http://www.myntra.com/sale-women-accessories?nav_id=633&src=tn,/sale-women-accessories,Accessories,http://www.myntra.com/anouk?src=lnb,Anouk [37]
,http://www.myntra.com/Kurtas/Anouk/Anouk-Women-Purple-Kurta/219734/buy
http://www.myntra.com/sale-women-accessories?nav_id=633&src=tn,/sale-women-accessories,Accessories,http://www.myntra.com/anouk?src=lnb,Anouk [37]
,http://www.myntra.com/Kurtas/Anouk/Anouk-Women-Blue-Kurta/219791/buy
http://www.myntra.com/sale-women-accessories?nav_id=633&src=tn,/sale-women-accessories,Accessories,http://www.myntra.com/anouk?src=lnb,Anouk [37]
,http://www.myntra.com/Kurtas/Anouk/Anouk-Women-Green-Kurta/219793/buy
http://www.myntra.com/sale-women-accessories?nav_id=633&src=tn,/sale-women-accessories,Accessories,http://www.myntra.com/anouk?src=lnb,Anouk [37]
,http://www.myntra.com/Kurtas/Anouk/Anouk-Women-Green-Printed-Kurta/212308/buy
http://www.myntra.com/sale-women-accessories?nav_id=633&src=tn,/sale-women-accessories,Accessories,http://www.myntra.com/anouk?src=lnb,Anouk [37]
,http://www.myntra.com/Kurtas/Anouk/Anouk-Women-Black-Jacquard-Kurta/203150/buy
http://www.myntra.com/sale-women-accessories?nav_id=633&src=tn,/sale-women-accessories,Accessories,http://www.myntra.com/anouk?src=lnb,Anouk [37]
,http://www.myntra.com/Kurtas/Anouk/Anouk-Women-Purple-Embroidered-Kurta/193181/buy
http://www.myntra.com/sale-women-accessories?nav_id=633&src=tn,/sale-women-accessories,Accessories,http://www.myntra.com/anouk?src=lnb,Anouk [37]
,http://www.myntra.com/Tops/Anouk/Anouk-Women-Pink-Printed-Top/211765/buy
http://www.myntra.com/sale-women-accessories?nav_id=633&src=tn,/sale-women-accessories,Accessories,http://www.myntra.com/anouk?src=lnb,Anouk [37]
,http://www.myntra.com/Kurtas/Anouk/Anouk-Women-Green-Kurta/214551/buy
http://www.myntra.com/sale-women-accessories?nav_id=633&src=tn,/sale-women-accessories,Accessories,http://www.myntra.com/anouk?src=lnb,Anouk [37]
,http://www.myntra.com/Kurtas/Anouk/Anouk-Women-Pink-Kurta/214549/buy
http://www.myntra.com/sale-women-accessories?nav_id=633&src=tn,/sale-women-accessories,Accessories,http://www.myntra.com/anouk?src=lnb,Anouk [37]
,http://www.myntra.com/Kurtis/Anouk/Anouk-Women-Teal-Green-Paisley-Jacquard-Printed-Kurti/212292/buy
http://www.myntra.com/sale-women-accessories?nav_id=633&src=tn,/sale-women-accessories,Accessories,http://www.myntra.com/anouk?src=lnb,Anouk [37]
,http://www.myntra.com/Kurtis/Anouk/Anouk-Women-White-&-Red-Printed-Kurti/207980/buy
