None,HRX Men Blue Jeans,http://www.myntra.com/jeans/hrx/hrx-men-blue-jeans/223682/buy,Rs. 2,199,men-apparel-new-arrivals,Clothing,LOCOMOTIVE,http://myntra.myntassets.com/images/style/properties/HRX-Men-Blue-Jeans_ffa1fe55a805079db8d1bbe58ab081b0_images_1080_1440_mini.jpg,None,None,men,http://www.myntra.com/jeans/hrx/hrx-men-blue-jeans/223682/buy,Sold byVector Ecommerce Pvt Ltd,None,None,['28', '30', '32', '34', '36'],None,<ul class="mk-pdpv1-product-helper mk-cf"><li class="desc-main-title">Product Description</li><li class="desc-sub-title">Style Note</li><li class="desc-sub-text " itemprop="description"><p>With simple styling, these jeans from HRX will add instant class to your casual ensembles. Try wearing them with a graphic tee or shirt, bomber jacket and leather trainers for drinks with your friends.</p></li><li class="desc-sub-title ">Product Details</li><li class="desc-sub-text"><p>Blue 5 pocket jeans, lightly washed with splattered paint detail, button and zip closure at front, waistband with belt loops and brand patch at back, 2 insert pockets at front with a coin pocket at right, embroidered branding at right side, distressing at front, 2 patch pockets at back, contrast stitch detail throughout</p></li><li class="desc-sub-title ">Material &amp; Care</li><li class="desc-sub-text "><p>100% cotton<br/>Machine wash cold<br/>You are unique and wouldn't like it if the Creator made too many people ditto.<br/>Similarly, this product is unique, handmade and crafted with love.<br/>There are no two products we make, which will ever be ditto.<br/>To maintain a high degree of authenticity, we advise our patrons to wash our products separately and expect some fading, colour bleeding and wear &amp; tear. The article ages uniquely as you treat it, acquiring your personalised feel.<br/>Go on, enjoy this specially created product to the hilt. Have fun.</p></li><li class="desc-sub-title">Size &amp; Fit</li><li class="desc-sub-text"><p>The model (height 6' and waist 32") is wearing a size 32</p></li></ul>,25:02:2014,None
None,HRX Men Blue Jeans,http://www.myntra.com/jeans/hrx/hrx-men-blue-jeans/212840/buy,Rs. 2,199,men-apparel-new-arrivals,Clothing,LOCOMOTIVE,http://myntra.myntassets.com/images/style/properties/HRX-Men-Blue-Jeans_7e77deef49d76a233bea6fa8363839c5_images_1080_1440_mini.jpg,None,None,men,http://www.myntra.com/jeans/hrx/hrx-men-blue-jeans/212840/buy,Sold byVector Ecommerce Pvt Ltd,None,None,['28', '30', '32', '34', '36'],None,<ul class="mk-pdpv1-product-helper mk-cf"><li class="desc-main-title">Product Description</li><li class="desc-sub-title">Style Note</li><li class="desc-sub-text " itemprop="description"><p>With simple styling, these jeans from HRX will add instant class to your casual ensembles. Try wearing them with a graphic tee or shirt, bomber jacket and leather trainers for drinks with your friends.</p></li><li class="desc-sub-title ">Product Details</li><li class="desc-sub-text"><p>Blue 6 pocket jeans, lightly washed with whiskers at front, button and zip closure at front, waistband with belt loops and brand patch at back, 2 insert pockets at front with a coin pocket at right and metallic branding, distressing at front, 2 stylised patch pockets at back, a coin pocket inside the right back pocket, contrast stitch detail throughout</p></li><li class="desc-sub-title ">Material &amp; Care</li><li class="desc-sub-text "><p>100% cotton<br/>Machine wash cold<br/>You are unique and wouldn't like it if the Creator made too many people ditto.<br/>Similarly, this product is unique, handmade and crafted with love.<br/>There are no two products we make, which will ever be ditto.<br/>To maintain a high degree of authenticity, we advise our patrons to wash our products separately and expect some fading, colour bleeding and wear &amp; tear. The article ages uniquely as you treat it, acquiring your personalised feel.<br/>Go on, enjoy this specially created product to the hilt. Have fun.</p></li><li class="desc-sub-title">Size &amp; Fit</li><li class="desc-sub-text"><p>The model (height 6' and waist 32") is wearing a size 32</p></li></ul>,25:02:2014,None
None,Mast & Harbour Men Grey Stretch Trousers,http://www.myntra.com/trousers/mast-harbour/mast-harbour-men-grey-stretch-trousers/222767/buy,Rs. 1,599,men-apparel-new-arrivals,Clothing,LOCOMOTIVE,http://myntra.myntassets.com/images/style/properties/Mast-&-Harbour-Men-Cold-Grey-Stretch-Trousers_cf5c3fbc137efcafc721e6aad0a5dda7_images_1080_1440_mini.jpg,None,None,men,http://www.myntra.com/trousers/mast-harbour/mast-harbour-men-grey-stretch-trousers/222767/buy,Sold byVector Ecommerce Pvt Ltd,None,None,['28', '30', '32', '34', '36'],None,<ul class="mk-pdpv1-product-helper mk-cf"><li class="desc-main-title">Product Description</li><li class="desc-sub-title">Style Note</li><li class="desc-sub-text " itemprop="description"><p>Pep up your wardrobe with this pair of trousers to set a new style quotient. Team it up with a polo T-shirt and loafers to get that perfect, casual look.</p></li><li class="desc-sub-title ">Product Details</li><li class="desc-sub-text"><p>Grey trousers, woven, stretchable, waistband with belt loops, button and zip closure, two slant pockets at front sides, a coin pocket stitched to the right slant pocket, welt pockets with buttoned closures at the back, branding above the right pocket at the back.<br/>Our stylist has paired these trousers with a belt<br/>This pair of trousers will not come with a belt</p></li><li class="desc-sub-title ">Material &amp; Care</li><li class="desc-sub-text "><p>98% cotton, 2% Spandex<br/>Machine wash cold</p></li><li class="desc-sub-title">Size &amp; Fit</li><li class="desc-sub-text"><p>Regular fit<br/>The model (height 6' and waist 32") is wearing a size 32</p></li></ul>,25:02:2014,None
None,Roadster Men Red & Navy Checked Slim Fit Vettel Casual Shirt,http://www.myntra.com/shirts/roadster/roadster-men-red-navy-checked-slim-fit-vettel-casu/224917/buy,Rs. 999,men-apparel-new-arrivals,Clothing,LOCOMOTIVE,http://myntra.myntassets.com/images/style/properties/Roadster-Men-Shirts_41f0501f0d932e1cde3dd22b6ab204d1_images_1080_1440_mini.JPG,None,None,men,http://www.myntra.com/shirts/roadster/roadster-men-red-navy-checked-slim-fit-vettel-casu/224917/buy,Sold byVector Ecommerce Pvt Ltd,None,None,['38', '40', '42', '44'],None,<ul class="mk-pdpv1-product-helper mk-cf"><li class="desc-main-title">Product Description</li><li class="desc-sub-title">Style Note</li><li class="desc-sub-text " itemprop="description"><p>A man can pull off a multitude of different looks with a classic checked shirt. This piece from Roadster will ensure that those looks are trendy. We recommend styling this piece with khaki coloured chinos and canvas plimsolls for a smart college look.</p></li><li class="desc-sub-title ">Product Details</li><li class="desc-sub-text"><p>Red, navy blue and white checked casual shirt, slim collar, long sleeves with buttoned cuffs and roll-up tab feature, full buttoned placket at front, patch pocket with embroidered branding at left chest, curved hemline with overlays at sides</p></li><li class="desc-sub-title ">Material &amp; Care</li><li class="desc-sub-text "><p>100% cotton<br/>Machine wash warm<br/>You are unique and wouldn't like it if the creator made too many people ditto.<br/>Similarly, this product is unique, handmade and crafted with love.<br/>There are no two products we make, which will ever be ditto.<br/>To  maintain a high degree of authenticity, we advise our patrons to wash  our products separately and expect some fading, colour bleeding, wear  and tear.<br/>The article ages uniquely as you treat it, acquiring your  personalised feel. Go on, enjoy this specially created product to the  hilt. Have fun.</p></li><li class="desc-sub-title">Size &amp; Fit</li><li class="desc-sub-text"><p>Slim fit<br/>The model (height 6' and shoulders 18") is wearing a size 40</p></li></ul>,25:02:2014,None
None,Roadster Men Navy Printed T-Shirt,http://www.myntra.com/tshirts/roadster/roadster-men-navy-printed-t-shirt/219556/buy,Rs. 299,men-apparel-new-arrivals,Clothing,LOCOMOTIVE,http://myntra.myntassets.com/images/style/properties/Roadster-Men-Tshirts_1554adccb55f5d749ed34b1a946516fb_images_1080_1440_mini.jpg,None,None,men,http://www.myntra.com/tshirts/roadster/roadster-men-navy-printed-t-shirt/219556/buy,Sold byVector Ecommerce Pvt Ltd,None,None,['S', 'M', 'L', 'XL'],None,<ul class="mk-pdpv1-product-helper mk-cf"><li class="desc-main-title">Product Description</li><li class="desc-sub-title">Style Note</li><li class="desc-sub-text " itemprop="description"><p>This cool and trendy printed T-shirt from Roadster is sure to amplify your energy all day long. Style it with denim jeans or cargos and canvas sneakers for a perfect casual look.</p></li><li class="desc-sub-title ">Product Details</li><li class="desc-sub-text"><p>Navy blue printed T-shirt, knit, ribbed V neck, short sleeves, contrast print at front</p></li><li class="desc-sub-title ">Material &amp; Care</li><li class="desc-sub-text "><p>100% cotton<br/>Machine wash cold<br/>You are unique and wouldn't like it if the creator made too many people ditto.<br/>Similarly, this product is unique, handmade and crafted with love.<br/>There are no two products we make, which will ever be ditto.<br/>To maintain a high degree of authenticity, we advise our patrons to wash our products separately and expect some fading, colour bleeding, wear and tear.<br/>The article ages uniquely as you treat it, acquiring your personalised feel. Go on, enjoy this specially created product to the hilt. Have fun.</p></li><li class="desc-sub-title">Size &amp; Fit</li><li class="desc-sub-text"><p>Slim fit<br/>The model (height 6' and shoulders 18") is wearing a size M</p></li></ul>,25:02:2014,None
None,HRX Men Blue Jeans,http://www.myntra.com/jeans/hrx/hrx-men-blue-jeans/223683/buy,Rs. 2,199,men-apparel-new-arrivals,Clothing,LOCOMOTIVE,http://myntra.myntassets.com/images/style/properties/HRX-Men-Blue-Jeans_807176f1628b6f852e481b6622976a1d_images_1080_1440_mini.JPG,None,None,men,http://www.myntra.com/jeans/hrx/hrx-men-blue-jeans/223683/buy,Sold byVector Ecommerce Pvt Ltd,None,None,['28', '30', '32', '34', '36'],None,<ul class="mk-pdpv1-product-helper mk-cf"><li class="desc-main-title">Product Description</li><li class="desc-sub-title">Style Note</li><li class="desc-sub-text " itemprop="description"><p>With simple styling, these jeans from HRX will add instant class to your casual ensembles. Try wearing them with a graphic tee or shirt, bomber jacket and leather trainers for drinks with your friends.</p></li><li class="desc-sub-title ">Product Details</li><li class="desc-sub-text"><p>Blue 5 pocket jeans, button and zip closure at front, waistband with belt loops and brand patch at back, 2 insert pockets at front with a coin pocket at right, embroidered branding at right side, whiskers at front, two patch pockets at back, contrast stitch detail throughout</p></li><li class="desc-sub-title ">Material &amp; Care</li><li class="desc-sub-text "><p>100% cotton<br/>Machine wash cold<br/>You are unique and wouldn't like it if the Creator made too many people ditto.<br/>Similarly, this product is unique, handmade and crafted with love.<br/>There are no two products we make, which will ever be ditto.<br/>To maintain a high degree of authenticity, we advise our patrons to wash our products separately and expect some fading, colour bleeding and wear &amp; tear. The article ages uniquely as you treat it, acquiring your personalised feel.<br/>Go on, enjoy this specially created product to the hilt. Have fun.</p></li><li class="desc-sub-title">Size &amp; Fit</li><li class="desc-sub-text"><p>The model (height 6' and waist 32") is wearing a size 32</p></li></ul>,25:02:2014,None
None,HRX Men Blue Jeans,http://www.myntra.com/jeans/hrx/hrx-men-blue-jeans/210352/buy,Rs. 1,999,men-apparel-new-arrivals,Clothing,LOCOMOTIVE,http://myntra.myntassets.com/images/style/properties/HRX-Men-Blue-Jeans_37603d7e0ebaeec729dc92781aef2b62_images_1080_1440_mini.JPG,None,None,men,http://www.myntra.com/jeans/hrx/hrx-men-blue-jeans/210352/buy,Sold byVector Ecommerce Pvt Ltd,None,None,['28', '30', '32', '34', '36'],None,<ul class="mk-pdpv1-product-helper mk-cf"><li class="desc-main-title">Product Description</li><li class="desc-sub-title">Style Note</li><li class="desc-sub-text " itemprop="description"><p>With simple styling, these jeans from HRX will add instant class to your casual ensembles. Try wearing them with a graphic tee or shirt, bomber jacket and leather trainers for drinks with your friends.</p></li><li class="desc-sub-title ">Product Details</li><li class="desc-sub-text"><p>Blue lightly washed five pocket jeans, has light distressed detailing, button and zip closure, whiskers at crotch, waistband with belt loops and brand patch at back, two insert pockets at front waist with metallic trim detailing, a coin pocket on the right, buckled loop detail at back, two patch pockets at the back with embroidered detailing, stitch detailing throughout</p></li><li class="desc-sub-title ">Material &amp; Care</li><li class="desc-sub-text "><p>29.6% cotton, 67.2% excel, 3.2% Lycra<br/>Machine wash cold<br/>You are unique and wouldn't like it if the Creator made too many people ditto.<br/>Similarly, this product is unique, handmade and crafted with love.<br/>There are no two products we make, which will ever be ditto.<br/>To maintain a high degree of authenticity, we advise our patrons to wash our products separately and expect some fading, colour bleeding and wear &amp; tear. The article ages uniquely as you treat it, acquiring your personalised feel.<br/>Go on, enjoy this specially created product to the hilt. Have fun.</p></li><li class="desc-sub-title">Size &amp; Fit</li><li class="desc-sub-text"><p>The model (height 6' and waist 32") is wearing a size 32</p></li></ul>,25:02:2014,None
None,Roadster Men Black Printed T-shirt,http://www.myntra.com/tshirts/roadster/roadster-men-black-printed-t-shirt/219555/buy,Rs. 399,men-apparel-new-arrivals,Clothing,LOCOMOTIVE,http://myntra.myntassets.com/images/style/properties/Roadster-Men-Black-Automotive-Printed-T-shirt_2667a41150fbcf6a76f5385438cf6265_images_1080_1440_mini.jpg,None,None,men,http://www.myntra.com/tshirts/roadster/roadster-men-black-printed-t-shirt/219555/buy,Sold byVector Ecommerce Pvt Ltd,None,None,['S', 'M', 'L', 'XL'],None,<ul class="mk-pdpv1-product-helper mk-cf"><li class="desc-main-title">Product Description</li><li class="desc-sub-title">Style Note</li><li class="desc-sub-text " itemprop="description"><p>This cool and trendy printed T-shirt from Roadster is sure to amplify your energy all day long. Style it with denim jeans or cargos and canvas sneakers for a perfect casual look.</p></li><li class="desc-sub-title ">Product Details</li><li class="desc-sub-text"><p>Black printed T-shirt, knit, ribbed round neck, short sleeves, printed at front</p></li><li class="desc-sub-title ">Material &amp; Care</li><li class="desc-sub-text "><p>100% cotton<br/>Machine wash cold<br/>You are unique and wouldn't like it if the Creator made too many people ditto.<br/>Similarly, this product is unique, handmade and crafted with love.<br/>There are no two products we make, which will ever be ditto.<br/>To maintain a high degree of authenticity, we advise our patrons to wash our products separately and expect some fading, colour bleeding and wear &amp; tear. The article ages uniquely as you treat it, acquiring your personalised feel.<br/>Go on, enjoy this specially created product to the hilt. Have fun.</p></li><li class="desc-sub-title">Size &amp; Fit</li><li class="desc-sub-text"><p>Slim fit<br/>The model (height 6' and shoulders 18") is wearing a size M</p></li></ul>,25:02:2014,None
None,Mast & Harbour Men Blue Slim Fit Smart-Casual Shirt,http://www.myntra.com/shirts/mast-harbour/mast-harbour-men-blue-slim-fit-smart-casual-shirt/219584/buy,Rs. 899,men-apparel-new-arrivals,Clothing,LOCOMOTIVE,http://myntra.myntassets.com/images/style/properties/Mast-&-Harbour-Men-Blue-Slim-Fit-Smart-Casual-Shirt_09dfc625ae3b4d6ce68d0b12b35ae59f_images_1080_1440_mini.jpg,Rs. 1,499,None,men,http://www.myntra.com/shirts/mast-harbour/mast-harbour-men-blue-slim-fit-smart-casual-shirt/219584/buy,Sold byVector Ecommerce Pvt Ltd,None,None,['38', '40', '42', '44'],None,<ul class="mk-pdpv1-product-helper mk-cf"><li class="desc-main-title">Product Description</li><li class="desc-sub-title">Style Note</li><li class="desc-sub-text " itemprop="description"><p>Set sail on a fashionable journey with Mast &amp; Harbour's range of stylish shirts. This piece by our in-house brand will surely set you apart from the crowd, when styled with slim fit chinos or jeans and boat shoes.</p></li><li class="desc-sub-title ">Product Details</li><li class="desc-sub-text"><p>Blue smart-casual shirt in a textured weave, mandarin collar, long sleeves with buttoned cuffs, embroidered branding at right sleeve cuff, full buttoned placket at front, back yoke, curved hemline</p></li><li class="desc-sub-title ">Material &amp; Care</li><li class="desc-sub-text "><p>100% cotton<br/>Machine wash</p></li><li class="desc-sub-title">Size &amp; Fit</li><li class="desc-sub-text"><p>Slim fit<br/>The model (height 6' and shoulders 18") is wearing a size 40</p></li></ul>,25:02:2014,None
None,Roadster Men Grey Melange 78 Polo T-shirt,http://www.myntra.com/tshirts/roadster/roadster-men-grey-melange-78-polo-t-shirt/220587/buy,Rs. 699,men-apparel-new-arrivals,Clothing,LOCOMOTIVE,http://myntra.myntassets.com/images/style/properties/Roadster-Men-Tshirts_12a298d7dfde0791657579bf3cbdf171_images_1080_1440_mini.jpg,None,None,men,http://www.myntra.com/tshirts/roadster/roadster-men-grey-melange-78-polo-t-shirt/220587/buy,Sold byVector Ecommerce Pvt Ltd,None,None,['S', 'M', 'L', 'XL'],None,<ul class="mk-pdpv1-product-helper mk-cf"><li class="desc-main-title">Product Description</li><li class="desc-sub-title">Style Note</li><li class="desc-sub-text " itemprop="description"><p>Our in-house brand Roadster presents a range of pique knit polo tees that'll up the sartorial credibility of your casual repertoire. Pair this piece with coloured chino trousers and leather trainers for a cool look.</p></li><li class="desc-sub-title ">Product Details</li><li class="desc-sub-text"><p>Grey mélange polo T-shirt, has a contrast ribbed spread collar and short buttoned chest placket, brand patch on the left chest and appliquè detail on the right chest, short sleeves with contrast ribbed cuffs and has a vented hem with back longer than the front</p></li><li class="desc-sub-title ">Material &amp; Care</li><li class="desc-sub-text "><p>Polyester cotton<br/>Machine wash cold<br/>You are unique and wouldn't like it if the Creator made too many people ditto.<br/>Similarly, this product is unique, handmade and crafted with love.<br/>There are no two products we make, which will ever be ditto.<br/>To maintain a high degree of authenticity, we advise our patrons to wash our products separately and expect some fading, colour bleeding and wear &amp; tear.The article ages uniquely as you treat it, acquiring your personalised feel.<br/>Go on, enjoy this specially created product to the hilt. Have fun.</p></li><li class="desc-sub-title">Size &amp; Fit</li><li class="desc-sub-text"><p>Slim fit<br/>The model (height 6' and shoulders 18") is wearing a size M</p></li></ul>,25:02:2014,None
None,Roadster Men Navy & Red Checked Vettel Shelby Slim Fit Casual Shirt,http://www.myntra.com/shirts/roadster/roadster-men-navy-red-checked-vettel-shelby-slim-f/224927/buy,Rs. 999,men-apparel-new-arrivals,Clothing,LOCOMOTIVE,http://myntra.myntassets.com/images/style/properties/Roadster-Men-Navy-&-Red-Checked-Vettel-Shelby-Slim-Fit-Casual-Shirt_3016f79f7ecbbc04075e1d2caf80aef2_images_1080_1440_mini.jpg,None,None,men,http://www.myntra.com/shirts/roadster/roadster-men-navy-red-checked-vettel-shelby-slim-f/224927/buy,Sold byVector Ecommerce Pvt Ltd,None,None,['38', '40', '42', '44'],None,<ul class="mk-pdpv1-product-helper mk-cf"><li class="desc-main-title">Product Description</li><li class="desc-sub-title">Style Note</li><li class="desc-sub-text " itemprop="description"><p>This versatile piece from Roadster allows you to pull off a multitude of different looks in style. We recommend styling this piece with khaki coloured chinos or your basic blue jeans and sneakers for a smart preppy look.</p></li><li class="desc-sub-title ">Product Details</li><li class="desc-sub-text"><p>Navy, red, grey and white checked casual shirt, woven, has a spread collar, long sleeves with buttoned cuffs and roll-up tab feature, full buttoned placket at front, patch pocket with embroidered branding at left chest, back yoke, darts on the back, curved hemline with contrast overlays at sides</p></li><li class="desc-sub-title ">Material &amp; Care</li><li class="desc-sub-text "><p>100% cotton<br/>Machine wash cold<br/>You are unique and wouldn't like it if the creator made too many people ditto.<br/>Similarly, this product is unique, handmade and crafted with love.<br/>There are no two products we make, which will ever be ditto.<br/>To maintain a high degree of authenticity, we advise our patrons to wash our products separately and expect some fading, colour bleeding, wear and tear.<br/>The article ages uniquely as you treat it, acquiring your personalised feel. Go on, enjoy this specially created product to the hilt. Have fun.</p></li><li class="desc-sub-title">Size &amp; Fit</li><li class="desc-sub-text"><p>Shelby slim fit<br/>The model (height 6' and shoulders 18") is wearing a size 40</p></li></ul>,25:02:2014,None
None,Roadster Men Red & White Checked Vettel Shelby Slim Fit Casual Shirt,http://www.myntra.com/shirts/roadster/roadster-men-red-white-checked-vettel-shelby-slim-/224921/buy,Rs. 999,men-apparel-new-arrivals,Clothing,LOCOMOTIVE,http://myntra.myntassets.com/images/style/properties/Roadster-Men-Red-&-White-Checked-Vettel-Shelby-Slim-Fit-Casual-Shirt_fc46cc5280a91886830d52fc247e6dda_images_1080_1440_mini.jpg,None,None,men,http://www.myntra.com/shirts/roadster/roadster-men-red-white-checked-vettel-shelby-slim-/224921/buy,Sold byVector Ecommerce Pvt Ltd,None,None,['38', '40', '42', '44'],None,<ul class="mk-pdpv1-product-helper mk-cf"><li class="desc-main-title">Product Description</li><li class="desc-sub-title">Style Note</li><li class="desc-sub-text " itemprop="description"><p>This versatile piece from Roadster allows you to pull off a multitude of different looks in style. We recommend styling this piece with khaki coloured chinos or your basic blue jeans and sneakers for a smart, preppy look.</p></li><li class="desc-sub-title ">Product Details</li><li class="desc-sub-text"><p>Red and white checked casual shirt, woven, has a spread collar, long sleeves with buttoned cuffs and roll-up tab feature, full buttoned placket at front, patch pocket with embroidered branding at left chest, back yoke, darts on the back, curved hemline with contrast overlays at sides</p></li><li class="desc-sub-title ">Material &amp; Care</li><li class="desc-sub-text "><p>100% cotton<br/>Machine wash cold<br/>You are unique and wouldn't like it if the creator made too many people ditto.<br/>Similarly, this product is unique, handmade and crafted with love.<br/>There are no two products we make, which will ever be ditto.<br/>To maintain a high degree of authenticity, we advise our patrons to wash our products separately and expect some fading, colour bleeding, wear and tear.<br/>The article ages uniquely as you treat it, acquiring your personalised feel. Go on, enjoy this specially created product to the hilt. Have fun.</p></li><li class="desc-sub-title">Size &amp; Fit</li><li class="desc-sub-text"><p>Shelby slim fit<br/>The model (height 6' and shoulders 18") is wearing a size 40</p></li></ul>,25:02:2014,None
None,Kook N Keech Men Black Printed T-shirt,http://www.myntra.com/tshirts/kook-n-keech/kook-n-keech-men-black-printed-t-shirt/234647/buy,Rs. 499,men-apparel-new-arrivals,Clothing,LOCOMOTIVE,http://myntra.myntassets.com/images/style/properties/Kooch-N-Keech-Men-Black-Printed-T-shirt_a3bbfde9fb958bec96fbd99416dcfd05_images_1080_1440_mini.jpg,None,None,men,http://www.myntra.com/tshirts/kook-n-keech/kook-n-keech-men-black-printed-t-shirt/234647/buy,Sold byVector Ecommerce Pvt Ltd,None,None,['S', 'M', 'L', 'XL'],None,<ul class="mk-pdpv1-product-helper mk-cf"><li class="desc-main-title">Product Description</li><li class="desc-sub-title">Style Note</li><li class="desc-sub-text " itemprop="description"><p>Inject some youth into your casual repertoire with Kook N Keech's range of fun graphic tees. We think this piece will look cool styled with pop coloured trousers and skate shoes on the weekend.</p></li><li class="desc-sub-title ">Product Details</li><li class="desc-sub-text"><p>Black T-shirt, ribbed round neck, short sleeves with print branding at left arm, graphic print on front, stitch detail throughout</p></li><li class="desc-sub-title ">Material &amp; Care</li><li class="desc-sub-text "><p>100% cotton<br/>Machine wash cold</p></li><li class="desc-sub-title">Size &amp; Fit</li><li class="desc-sub-text"><p>Slim fit<br/>The model (height 6' and shoulders 18") is wearing a size M</p></li></ul>,25:02:2014,None
None,Roadster Men Blue & White Romain Checked Shelby Slim Fit Casual Shirt,http://www.myntra.com/shirts/roadster/roadster-men-blue-white-romain-checked-shelby-slim/224929/buy,Rs. 999,men-apparel-new-arrivals,Clothing,LOCOMOTIVE,http://myntra.myntassets.com/images/style/properties/Roadster-Men-Blue-&-White-Romain-Checked-Shelby-Slim-Fit-Casual-Shirt_2925998cdf5f37aa4d9be98033712f96_images_1080_1440_mini.jpg,None,None,men,http://www.myntra.com/shirts/roadster/roadster-men-blue-white-romain-checked-shelby-slim/224929/buy,Sold byVector Ecommerce Pvt Ltd,None,None,['38', '40', '42', '44'],None,<ul class="mk-pdpv1-product-helper mk-cf"><li class="desc-main-title">Product Description</li><li class="desc-sub-title">Style Note</li><li class="desc-sub-text " itemprop="description"><p>A man can pull off a multitude of different looks with a classic checked shirt. This piece from Roadster will ensure that those looks are trendy. We recommend styling this piece with khaki chinos and canvas plimsolls for a smart college look.</p></li><li class="desc-sub-title ">Product Details</li><li class="desc-sub-text"><hr/><p>Blue and white checked shirt, woven, mandarin collar, full buttoned placket at front, branding at left chest, long sleeves with buttoned cuffs, roll-up tab feature at arm, curved hemline, yoke at back</p></li><li class="desc-sub-title ">Material &amp; Care</li><li class="desc-sub-text "><p>100% cotton<br/>Machine wash warm<br/>You are unique and wouldn't like it if the Creator made too many people ditto. Similarly, this product is unique, handmade and crafted with love. There are no two products we make, which will ever be ditto. To maintain a high degree of authenticity, we advise our patrons to wash our products separately and expect some fading, colour bleeding and wear and tear. The article ages uniquely as you treat it, acquiring your personalised feel. Go on, enjoy this specially created product to the hilt. Have fun.</p></li><li class="desc-sub-title">Size &amp; Fit</li><li class="desc-sub-text"><p>Slim fit<br/>The model (height 6' and shoulders 18") is wearing a size M<br/><br/></p></li></ul>,25:02:2014,None
None,Mast & Harbour Men Charcoal Grey Slim Fit Smart-Casual Shirt,http://www.myntra.com/shirts/mast-harbour/mast-harbour-men-charcoal-grey-slim-fit-smart-casu/210157/buy,Rs. 839,men-apparel-new-arrivals,Clothing,LOCOMOTIVE,http://myntra.myntassets.com/images/style/properties/Mast-&-Harbour-Men-Charcoal-Grey-Slim-Fit-Smart-Casual-Shirt_3e3404a4db07cb07f2b597c3059416c4_images_1080_1440_mini.jpg,Rs. 1,399,None,men,http://www.myntra.com/shirts/mast-harbour/mast-harbour-men-charcoal-grey-slim-fit-smart-casu/210157/buy,Sold byVector Ecommerce Pvt Ltd,None,None,['38', '40', '42', '44'],None,<ul class="mk-pdpv1-product-helper mk-cf"><li class="desc-main-title">Product Description</li><li class="desc-sub-title">Style Note</li><li class="desc-sub-text " itemprop="description"><p>Set sail on a fashionable journey with Mast &amp; Harbour's range of stylish shirts. This piece by our in-house brand will surely set you apart from the crowd, when styled with slim fit chinos or jeans and boat shoes.</p></li><li class="desc-sub-title ">Product Details</li><li class="desc-sub-text"><p>Charcoal grey smart-casual shirt in a textured weave, buttoned down spread collar, long sleeves with buttoned cuffs, embroidered branding at right sleeve cuff, patch pocket at left chest, full buttoned placket at front, back yoke, curved hemline</p></li><li class="desc-sub-title ">Material &amp; Care</li><li class="desc-sub-text "><p>100% cotton<br/>Machine wash</p></li><li class="desc-sub-title">Size &amp; Fit</li><li class="desc-sub-text"><p>Slim fit<br/>The model (height 6' and shoulders 18") is wearing a size 40</p></li></ul>,25:02:2014,None
None,Roadster Men Maroon Printed T-shirt,http://www.myntra.com/tshirts/roadster/roadster-men-maroon-printed-t-shirt/219549/buy,Rs. 399,men-apparel-new-arrivals,Clothing,LOCOMOTIVE,http://myntra.myntassets.com/images/style/properties/Roadster-Men-Maroon-Vinatge-Club-Printed-T-shirt_0f75916971264d1726e6eea0f4563939_images_1080_1440_mini.jpg,None,None,men,http://www.myntra.com/tshirts/roadster/roadster-men-maroon-printed-t-shirt/219549/buy,Sold byVector Ecommerce Pvt Ltd,None,None,['S', 'M', 'L', 'XL'],None,<ul class="mk-pdpv1-product-helper mk-cf"><li class="desc-main-title">Product Description</li><li class="desc-sub-title">Style Note</li><li class="desc-sub-text " itemprop="description"><p>This cool and trendy printed T-shirt from Roadster is sure to amplify your energy all day long. Style it with denim jeans or cargos and canvas sneakers for a perfect casual look.</p></li><li class="desc-sub-title ">Product Details</li><li class="desc-sub-text"><p>Maroon printed T-shirt, knit, ribbed round neck, short sleeves, graphic print at front</p></li><li class="desc-sub-title ">Material &amp; Care</li><li class="desc-sub-text "><p>100% cotton<br/>Machine wash cold<br/>You are unique and wouldn't like it if the Creator made too many people ditto.<br/>Similarly, this product is unique, handmade and crafted with love.<br/>There are no two products we make, which will ever be ditto.<br/>To maintain a high degree of authenticity, we advise our patrons to wash our products separately and expect some fading, colour bleeding and wear &amp; tear. The article ages uniquely as you treat it, acquiring your personalised feel.<br/>Go on, enjoy this specially created product to the hilt. Have fun.</p></li><li class="desc-sub-title">Size &amp; Fit</li><li class="desc-sub-text"><p>Slim fit<br/>The model (height 6' and shoulders 18") is wearing a size M</p></li></ul>,25:02:2014,None
None,U.S. Polo Assn. Men Navy Tailored Fit Casual Shirt,http://www.myntra.com/shirts/us-polo-assn/us-polo-assn-men-navy-tailored-fit-casual-shirt/234607/buy,Rs. 1,699,men-apparel-new-arrivals,Clothing,LOCOMOTIVE,http://myntra.myntassets.com/images/style/properties/US-Polo-Assn-Men-Navy-Tailored-Fit-Casual-Shirt_543a402157af017395fd46a9176e13b9_images_1080_1440_mini.jpg,None,None,men,http://www.myntra.com/shirts/us-polo-assn/us-polo-assn-men-navy-tailored-fit-casual-shirt/234607/buy,Sold byVector Ecommerce Pvt Ltd,None,None,['38', '40', '42', '44', '46'],None,<ul class="mk-pdpv1-product-helper mk-cf"><li class="desc-main-title">Product Description</li><li class="desc-sub-title">Style Note</li><li class="desc-sub-text " itemprop="description"><p>Look dashing in this trendy U.S. Polo Assn. shirt. We love its immaculately finished look and super-soft fabric composition. Match it with a pair of comfy chinos and tan moccasins for a relaxed appeal.</p></li><li class="desc-sub-title ">Product Details</li><li class="desc-sub-text"><p>Navy casual shirt, woven, spread collar, full buttoned placket, brand embroidery on patch pocket at left chest, long sleeves with buttoned cuffs, yoke at back with a loop and an inverted box pleat beneath, curved hem</p></li><li class="desc-sub-title ">Material &amp; Care</li><li class="desc-sub-text "><p>100% cotton<br/>Machine wash cold</p></li><li class="desc-sub-title">Size &amp; Fit</li><li class="desc-sub-text"><p>Tailored fit<br/>The model (height 6' and shoulders 18") is wearing a size 40</p></li></ul>,25:02:2014,None
None,Flying Machine Men Black Casual Shirt,http://www.myntra.com/shirts/flying-machine/flying-machine-men-black-casual-shirt/227962/buy,Rs. 1,299,men-apparel-new-arrivals,Clothing,LOCOMOTIVE,http://myntra.myntassets.com/images/style/properties/Flying-Machine-Men-Black-Casual-Shirt_32f819641e53b63e6391d4c29400b14c_images_1080_1440_mini.JPG,None,None,men,http://www.myntra.com/shirts/flying-machine/flying-machine-men-black-casual-shirt/227962/buy,Sold byVector Ecommerce Pvt Ltd,None,None,['39', '42', '44', '41'],None,<ul class="mk-pdpv1-product-helper mk-cf"><li class="desc-main-title">Product Description</li><li class="desc-sub-title">Style Note</li><li class="desc-sub-text " itemprop="description"><p>At work or not, today's man keeps evolving every single day and dresses for the part too. Pair this stylish shirt with flat front slim fit chinos and loafers, for a look that unmistakably spells Flying Machine.</p></li><li class="desc-sub-title ">Product Details</li><li class="desc-sub-text"><p>Black casual shirt, has a spread collar, long sleeves with buttoned cuffs, full buttoned chest placket, embroidered branding above patch pocket at left chest, chain stitch along seams, yoke at back, curved hem</p></li><li class="desc-sub-title ">Material &amp; Care</li><li class="desc-sub-text "><p>100% cotton<br/>Machine wash cold</p></li><li class="desc-sub-title">Size &amp; Fit</li><li class="desc-sub-text"><p>Regular fit<br/>The model (height 6' and shoulders 18") is wearing a size 40</p></li></ul>,25:02:2014,None
None,United Colors of Benetton Men Navy Polo T-shirt,http://www.myntra.com/tshirts/united-colors-of-benetton/united-colors-of-benetton-men-navy-polo-t-shirt/244075/buy,Rs. 1,099,men-apparel-new-arrivals,Clothing,LOCOMOTIVE,http://myntra.myntassets.com/images/style/properties/United-Colors-Of-Benetton-Men-Navy-Polo-T-shirt_124e8fcb793b681ac053266ba87dceb8_images_1080_1440_mini.jpg,None,None,men,http://www.myntra.com/tshirts/united-colors-of-benetton/united-colors-of-benetton-men-navy-polo-t-shirt/244075/buy,Sold byVector Ecommerce Pvt Ltd,None,None,['S', 'M', 'L', 'XL', 'XXL'],None,<ul class="mk-pdpv1-product-helper mk-cf"><li class="desc-main-title">Product Description</li><li class="desc-sub-title">Style Note</li><li class="desc-sub-text " itemprop="description"><p>UCB brings you this super comfortable and stylish polo tee which is a must-have for your casual wear collection. Wear it with a pair of well fitted denims and sneakers to create a neat ensemble for yourself.</p></li><li class="desc-sub-title ">Product Details</li><li class="desc-sub-text"><p>Navy blue polo T-shirt, has a ribbed spread collar with contrast stripes and tipping, short sleeves with ribbed hem that has contrast stripes and tipping, short buttoned placket at chest, branding at left chest, vented hem, back hem longer than front</p></li><li class="desc-sub-title ">Material &amp; Care</li><li class="desc-sub-text "><p>100% cotton<br/>Machine wash delicate</p></li><li class="desc-sub-title">Size &amp; Fit</li><li class="desc-sub-text"><p>The model (height 6' and shoulders 18") is wearing a size M</p></li></ul>,25:02:2014,None
None,Mast & Harbour Men Orange & Blue Checked Slim Fit Smart-Casual Shirt,http://www.myntra.com/shirts/mast-harbour/mast-harbour-men-orange-blue-checked-slim-fit-smar/216427/buy,Rs. 1,299,men-apparel-new-arrivals,Clothing,LOCOMOTIVE,http://myntra.myntassets.com/images/style/properties/Mast-&-Harbour-Men-Orange-&-Blue-Checked-Slim-Fit-Smart-Casual-Shirt_7138b3e27135d030252443f59b56f5e9_images_1080_1440_mini.jpg,None,None,men,http://www.myntra.com/shirts/mast-harbour/mast-harbour-men-orange-blue-checked-slim-fit-smar/216427/buy,Sold byVector Ecommerce Pvt Ltd,None,None,['38', '40', '42', '44'],None,<ul class="mk-pdpv1-product-helper mk-cf"><li class="desc-main-title">Product Description</li><li class="desc-sub-title">Style Note</li><li class="desc-sub-text " itemprop="description"><p>Set sail on a fashionable journey with Mast &amp; Harbour's range of stylish shirts. This piece by our in-house brand will surely set you apart from the crowd, when styled with slim fit chinos or jeans and boat shoes.</p></li><li class="desc-sub-title ">Product Details</li><li class="desc-sub-text"><p>Orange, blue and white checked smart-casual shirt, buttoned down spread collar, long sleeves with buttoned cuffs, embroidered branding at right sleeve cuff, patch pocket at left chest, full buttoned placket at front, back yoke, curved hemline</p></li><li class="desc-sub-title ">Material &amp; Care</li><li class="desc-sub-text "><p>100% cotton<br/>Machine wash</p></li><li class="desc-sub-title">Size &amp; Fit</li><li class="desc-sub-text"><p>Slim fit<br/>The model (height 6' and shoulders 18") is wearing a size 40</p></li></ul>,25:02:2014,None
None,United Colors of Benetton Men Blue Carrot Fit Jeans,http://www.myntra.com/jeans/united-colors-of-benetton/united-colors-of-benetton-men-blue-carrot-fit-jean/230025/buy,Rs. 2,999,men-apparel-new-arrivals,Clothing,LOCOMOTIVE,http://myntra.myntassets.com/images/style/properties/United-Colors-of-Benetton-Men-Blue-Carrot-Fit-Jeans_694bc37245281fcebd7c3df97cbec01c_images_1080_1440.JPG,None,None,men,http://www.myntra.com/jeans/united-colors-of-benetton/united-colors-of-benetton-men-blue-carrot-fit-jean/230025/buy,Sold byVector Ecommerce Pvt Ltd,None,None,['28', '30', '32', '34', '36', '38'],None,<ul class="mk-pdpv1-product-helper mk-cf"><li class="desc-main-title">Product Description</li><li class="desc-sub-title">Style Note</li><li class="desc-sub-text " itemprop="description"><p>Release the rebel in you by donning this super-trendy pair of UCB jeans. Featuring a vibrant colour, this piece can be paired with a white tee or crisp shirt, and canvas sneakers for a cool casual look.</p></li><li class="desc-sub-title ">Product Details</li><li class="desc-sub-text"><p>Blue 5 pocket jeans, stitch detail throughout, whiskers at crotch, button and zip closure, 2 scoop pockets at either side of front waist, change pocket with metallic rivets at right, waistband with belt loops and branding at back, 2 panelled patch pockets at back</p></li><li class="desc-sub-title ">Material &amp; Care</li><li class="desc-sub-text "><p>99% cotton, 1% Spandex<br/>Machine wash warm</p></li><li class="desc-sub-title">Size &amp; Fit</li><li class="desc-sub-text"><p>Carrot fit: tapered fit<br/>The model (height 6' and waist 32") is wearing a size 32</p></li></ul>,25:02:2014,None
None,Mast & Harbour Men Brown Stretch Trousers,http://www.myntra.com/trousers/mast-harbour/mast-harbour-men-brown-stretch-trousers/222764/buy,Rs. 1,599,men-apparel-new-arrivals,Clothing,LOCOMOTIVE,http://myntra.myntassets.com/images/style/properties/Mast-&-Harbour-Men-Brown-Stretch-Trousers_a3695147eeb358b78933d4fa003ca735_images_1080_1440_mini.jpg,None,None,men,http://www.myntra.com/trousers/mast-harbour/mast-harbour-men-brown-stretch-trousers/222764/buy,Sold byVector Ecommerce Pvt Ltd,None,None,['28', '30', '32', '34', '36'],None,<ul class="mk-pdpv1-product-helper mk-cf"><li class="desc-main-title">Product Description</li><li class="desc-sub-title">Style Note</li><li class="desc-sub-text " itemprop="description"><p>Get ready to become the ultimate style icon with Mast &amp; Harbour's range of trousers. We recommend teaming it up with polo T-shirt and loafers to achieve that perfect look.</p></li><li class="desc-sub-title ">Product Details</li><li class="desc-sub-text"><p>Brown trousers, woven, stretchable, button and zip closure, waistband with belt loops, two slant pockets at front sides, a coin pocket stitched to the right slant pocket, two buttoned welt pockets at the back, branding above the right welt pocket at the back<br/>Our stylist has paired these trousers with a belt<br/>This pair of trousers will not come with a belt<br/></p></li><li class="desc-sub-title ">Material &amp; Care</li><li class="desc-sub-text "><p>98% cotton, 2% Spandex<br/>Machine wash cold</p></li><li class="desc-sub-title">Size &amp; Fit</li><li class="desc-sub-text"><p>Regular fit<br/>The model (height 6' and waist 32) is wearing a size 32</p></li></ul>,25:02:2014,None
None,HRX Men Blue Jeans,http://www.myntra.com/jeans/hrx/hrx-men-blue-jeans/223682/buy,Rs. 2,199,men-apparel-new-arrivals,Clothing,LOCOMOTIVE,http://myntra.myntassets.com/images/style/properties/HRX-Men-Blue-Jeans_ffa1fe55a805079db8d1bbe58ab081b0_images_1080_1440_mini.jpg,None,None,men,http://www.myntra.com/jeans/hrx/hrx-men-blue-jeans/223682/buy,Sold byVector Ecommerce Pvt Ltd,None,None,['28', '30', '32', '34', '36'],None,<ul class="mk-pdpv1-product-helper mk-cf"><li class="desc-main-title">Product Description</li><li class="desc-sub-title">Style Note</li><li class="desc-sub-text " itemprop="description"><p>With simple styling, these jeans from HRX will add instant class to your casual ensembles. Try wearing them with a graphic tee or shirt, bomber jacket and leather trainers for drinks with your friends.</p></li><li class="desc-sub-title ">Product Details</li><li class="desc-sub-text"><p>Blue 5 pocket jeans, lightly washed with splattered paint detail, button and zip closure at front, waistband with belt loops and brand patch at back, 2 insert pockets at front with a coin pocket at right, embroidered branding at right side, distressing at front, 2 patch pockets at back, contrast stitch detail throughout</p></li><li class="desc-sub-title ">Material &amp; Care</li><li class="desc-sub-text "><p>100% cotton<br/>Machine wash cold<br/>You are unique and wouldn't like it if the Creator made too many people ditto.<br/>Similarly, this product is unique, handmade and crafted with love.<br/>There are no two products we make, which will ever be ditto.<br/>To maintain a high degree of authenticity, we advise our patrons to wash our products separately and expect some fading, colour bleeding and wear &amp; tear. The article ages uniquely as you treat it, acquiring your personalised feel.<br/>Go on, enjoy this specially created product to the hilt. Have fun.</p></li><li class="desc-sub-title">Size &amp; Fit</li><li class="desc-sub-text"><p>The model (height 6' and waist 32") is wearing a size 32</p></li></ul>,25:02:2014,None
None,Roadster Men Red & Navy Checked Slim Fit Vettel Casual Shirt,http://www.myntra.com/shirts/roadster/roadster-men-red-navy-checked-slim-fit-vettel-casu/224917/buy,Rs. 999,men-apparel-new-arrivals,Clothing,LOCOMOTIVE,http://myntra.myntassets.com/images/style/properties/Roadster-Men-Shirts_41f0501f0d932e1cde3dd22b6ab204d1_images_1080_1440_mini.JPG,None,None,men,http://www.myntra.com/shirts/roadster/roadster-men-red-navy-checked-slim-fit-vettel-casu/224917/buy,Sold byVector Ecommerce Pvt Ltd,None,None,['38', '40', '42', '44'],None,<ul class="mk-pdpv1-product-helper mk-cf"><li class="desc-main-title">Product Description</li><li class="desc-sub-title">Style Note</li><li class="desc-sub-text " itemprop="description"><p>A man can pull off a multitude of different looks with a classic checked shirt. This piece from Roadster will ensure that those looks are trendy. We recommend styling this piece with khaki coloured chinos and canvas plimsolls for a smart college look.</p></li><li class="desc-sub-title ">Product Details</li><li class="desc-sub-text"><p>Red, navy blue and white checked casual shirt, slim collar, long sleeves with buttoned cuffs and roll-up tab feature, full buttoned placket at front, patch pocket with embroidered branding at left chest, curved hemline with overlays at sides</p></li><li class="desc-sub-title ">Material &amp; Care</li><li class="desc-sub-text "><p>100% cotton<br/>Machine wash warm<br/>You are unique and wouldn't like it if the creator made too many people ditto.<br/>Similarly, this product is unique, handmade and crafted with love.<br/>There are no two products we make, which will ever be ditto.<br/>To  maintain a high degree of authenticity, we advise our patrons to wash  our products separately and expect some fading, colour bleeding, wear  and tear.<br/>The article ages uniquely as you treat it, acquiring your  personalised feel. Go on, enjoy this specially created product to the  hilt. Have fun.</p></li><li class="desc-sub-title">Size &amp; Fit</li><li class="desc-sub-text"><p>Slim fit<br/>The model (height 6' and shoulders 18") is wearing a size 40</p></li></ul>,25:02:2014,None
None,Mast & Harbour Men Grey Stretch Trousers,http://www.myntra.com/trousers/mast-harbour/mast-harbour-men-grey-stretch-trousers/222767/buy,Rs. 1,599,men-apparel-new-arrivals,Clothing,LOCOMOTIVE,http://myntra.myntassets.com/images/style/properties/Mast-&-Harbour-Men-Cold-Grey-Stretch-Trousers_cf5c3fbc137efcafc721e6aad0a5dda7_images_1080_1440_mini.jpg,None,None,men,http://www.myntra.com/trousers/mast-harbour/mast-harbour-men-grey-stretch-trousers/222767/buy,Sold byVector Ecommerce Pvt Ltd,None,None,['28', '30', '32', '34', '36'],None,<ul class="mk-pdpv1-product-helper mk-cf"><li class="desc-main-title">Product Description</li><li class="desc-sub-title">Style Note</li><li class="desc-sub-text " itemprop="description"><p>Pep up your wardrobe with this pair of trousers to set a new style quotient. Team it up with a polo T-shirt and loafers to get that perfect, casual look.</p></li><li class="desc-sub-title ">Product Details</li><li class="desc-sub-text"><p>Grey trousers, woven, stretchable, waistband with belt loops, button and zip closure, two slant pockets at front sides, a coin pocket stitched to the right slant pocket, welt pockets with buttoned closures at the back, branding above the right pocket at the back.<br/>Our stylist has paired these trousers with a belt<br/>This pair of trousers will not come with a belt</p></li><li class="desc-sub-title ">Material &amp; Care</li><li class="desc-sub-text "><p>98% cotton, 2% Spandex<br/>Machine wash cold</p></li><li class="desc-sub-title">Size &amp; Fit</li><li class="desc-sub-text"><p>Regular fit<br/>The model (height 6' and waist 32") is wearing a size 32</p></li></ul>,25:02:2014,None
None,Roadster Men Navy Printed T-Shirt,http://www.myntra.com/tshirts/roadster/roadster-men-navy-printed-t-shirt/219556/buy,Rs. 299,men-apparel-new-arrivals,Clothing,LOCOMOTIVE,http://myntra.myntassets.com/images/style/properties/Roadster-Men-Tshirts_1554adccb55f5d749ed34b1a946516fb_images_1080_1440_mini.jpg,None,None,men,http://www.myntra.com/tshirts/roadster/roadster-men-navy-printed-t-shirt/219556/buy,Sold byVector Ecommerce Pvt Ltd,None,None,['S', 'M', 'L', 'XL'],None,<ul class="mk-pdpv1-product-helper mk-cf"><li class="desc-main-title">Product Description</li><li class="desc-sub-title">Style Note</li><li class="desc-sub-text " itemprop="description"><p>This cool and trendy printed T-shirt from Roadster is sure to amplify your energy all day long. Style it with denim jeans or cargos and canvas sneakers for a perfect casual look.</p></li><li class="desc-sub-title ">Product Details</li><li class="desc-sub-text"><p>Navy blue printed T-shirt, knit, ribbed V neck, short sleeves, contrast print at front</p></li><li class="desc-sub-title ">Material &amp; Care</li><li class="desc-sub-text "><p>100% cotton<br/>Machine wash cold<br/>You are unique and wouldn't like it if the creator made too many people ditto.<br/>Similarly, this product is unique, handmade and crafted with love.<br/>There are no two products we make, which will ever be ditto.<br/>To maintain a high degree of authenticity, we advise our patrons to wash our products separately and expect some fading, colour bleeding, wear and tear.<br/>The article ages uniquely as you treat it, acquiring your personalised feel. Go on, enjoy this specially created product to the hilt. Have fun.</p></li><li class="desc-sub-title">Size &amp; Fit</li><li class="desc-sub-text"><p>Slim fit<br/>The model (height 6' and shoulders 18") is wearing a size M</p></li></ul>,25:02:2014,None
None,Mast & Harbour Men Blue Slim Fit Smart-Casual Shirt,http://www.myntra.com/shirts/mast-harbour/mast-harbour-men-blue-slim-fit-smart-casual-shirt/219584/buy,Rs. 899,men-apparel-new-arrivals,Clothing,LOCOMOTIVE,http://myntra.myntassets.com/images/style/properties/Mast-&-Harbour-Men-Blue-Slim-Fit-Smart-Casual-Shirt_09dfc625ae3b4d6ce68d0b12b35ae59f_images_1080_1440_mini.jpg,Rs. 1,499,None,men,http://www.myntra.com/shirts/mast-harbour/mast-harbour-men-blue-slim-fit-smart-casual-shirt/219584/buy,Sold byVector Ecommerce Pvt Ltd,None,None,['38', '40', '42', '44'],None,<ul class="mk-pdpv1-product-helper mk-cf"><li class="desc-main-title">Product Description</li><li class="desc-sub-title">Style Note</li><li class="desc-sub-text " itemprop="description"><p>Set sail on a fashionable journey with Mast &amp; Harbour's range of stylish shirts. This piece by our in-house brand will surely set you apart from the crowd, when styled with slim fit chinos or jeans and boat shoes.</p></li><li class="desc-sub-title ">Product Details</li><li class="desc-sub-text"><p>Blue smart-casual shirt in a textured weave, mandarin collar, long sleeves with buttoned cuffs, embroidered branding at right sleeve cuff, full buttoned placket at front, back yoke, curved hemline</p></li><li class="desc-sub-title ">Material &amp; Care</li><li class="desc-sub-text "><p>100% cotton<br/>Machine wash</p></li><li class="desc-sub-title">Size &amp; Fit</li><li class="desc-sub-text"><p>Slim fit<br/>The model (height 6' and shoulders 18") is wearing a size 40</p></li></ul>,25:02:2014,None
None,HRX Men Blue Jeans,http://www.myntra.com/jeans/hrx/hrx-men-blue-jeans/212840/buy,Rs. 2,199,men-apparel-new-arrivals,Clothing,LOCOMOTIVE,http://myntra.myntassets.com/images/style/properties/HRX-Men-Blue-Jeans_7e77deef49d76a233bea6fa8363839c5_images_1080_1440_mini.jpg,None,None,men,http://www.myntra.com/jeans/hrx/hrx-men-blue-jeans/212840/buy,Sold byVector Ecommerce Pvt Ltd,None,None,['28', '30', '32', '34', '36'],None,<ul class="mk-pdpv1-product-helper mk-cf"><li class="desc-main-title">Product Description</li><li class="desc-sub-title">Style Note</li><li class="desc-sub-text " itemprop="description"><p>With simple styling, these jeans from HRX will add instant class to your casual ensembles. Try wearing them with a graphic tee or shirt, bomber jacket and leather trainers for drinks with your friends.</p></li><li class="desc-sub-title ">Product Details</li><li class="desc-sub-text"><p>Blue 6 pocket jeans, lightly washed with whiskers at front, button and zip closure at front, waistband with belt loops and brand patch at back, 2 insert pockets at front with a coin pocket at right and metallic branding, distressing at front, 2 stylised patch pockets at back, a coin pocket inside the right back pocket, contrast stitch detail throughout</p></li><li class="desc-sub-title ">Material &amp; Care</li><li class="desc-sub-text "><p>100% cotton<br/>Machine wash cold<br/>You are unique and wouldn't like it if the Creator made too many people ditto.<br/>Similarly, this product is unique, handmade and crafted with love.<br/>There are no two products we make, which will ever be ditto.<br/>To maintain a high degree of authenticity, we advise our patrons to wash our products separately and expect some fading, colour bleeding and wear &amp; tear. The article ages uniquely as you treat it, acquiring your personalised feel.<br/>Go on, enjoy this specially created product to the hilt. Have fun.</p></li><li class="desc-sub-title">Size &amp; Fit</li><li class="desc-sub-text"><p>The model (height 6' and waist 32") is wearing a size 32</p></li></ul>,25:02:2014,None
None,Roadster Men Black Printed T-shirt,http://www.myntra.com/tshirts/roadster/roadster-men-black-printed-t-shirt/219555/buy,Rs. 399,men-apparel-new-arrivals,Clothing,LOCOMOTIVE,http://myntra.myntassets.com/images/style/properties/Roadster-Men-Black-Automotive-Printed-T-shirt_2667a41150fbcf6a76f5385438cf6265_images_1080_1440_mini.jpg,None,None,men,http://www.myntra.com/tshirts/roadster/roadster-men-black-printed-t-shirt/219555/buy,Sold byVector Ecommerce Pvt Ltd,None,None,['S', 'M', 'L', 'XL'],None,<ul class="mk-pdpv1-product-helper mk-cf"><li class="desc-main-title">Product Description</li><li class="desc-sub-title">Style Note</li><li class="desc-sub-text " itemprop="description"><p>This cool and trendy printed T-shirt from Roadster is sure to amplify your energy all day long. Style it with denim jeans or cargos and canvas sneakers for a perfect casual look.</p></li><li class="desc-sub-title ">Product Details</li><li class="desc-sub-text"><p>Black printed T-shirt, knit, ribbed round neck, short sleeves, printed at front</p></li><li class="desc-sub-title ">Material &amp; Care</li><li class="desc-sub-text "><p>100% cotton<br/>Machine wash cold<br/>You are unique and wouldn't like it if the Creator made too many people ditto.<br/>Similarly, this product is unique, handmade and crafted with love.<br/>There are no two products we make, which will ever be ditto.<br/>To maintain a high degree of authenticity, we advise our patrons to wash our products separately and expect some fading, colour bleeding and wear &amp; tear. The article ages uniquely as you treat it, acquiring your personalised feel.<br/>Go on, enjoy this specially created product to the hilt. Have fun.</p></li><li class="desc-sub-title">Size &amp; Fit</li><li class="desc-sub-text"><p>Slim fit<br/>The model (height 6' and shoulders 18") is wearing a size M</p></li></ul>,25:02:2014,None
None,Flying Machine Men Black Casual Shirt,http://www.myntra.com/shirts/flying-machine/flying-machine-men-black-casual-shirt/227962/buy,Rs. 1,299,men-apparel-new-arrivals,Clothing,LOCOMOTIVE,http://myntra.myntassets.com/images/style/properties/Flying-Machine-Men-Black-Casual-Shirt_32f819641e53b63e6391d4c29400b14c_images_1080_1440_mini.JPG,None,None,men,http://www.myntra.com/shirts/flying-machine/flying-machine-men-black-casual-shirt/227962/buy,Sold byVector Ecommerce Pvt Ltd,None,None,['39', '42', '44', '41'],None,<ul class="mk-pdpv1-product-helper mk-cf"><li class="desc-main-title">Product Description</li><li class="desc-sub-title">Style Note</li><li class="desc-sub-text " itemprop="description"><p>At work or not, today's man keeps evolving every single day and dresses for the part too. Pair this stylish shirt with flat front slim fit chinos and loafers, for a look that unmistakably spells Flying Machine.</p></li><li class="desc-sub-title ">Product Details</li><li class="desc-sub-text"><p>Black casual shirt, has a spread collar, long sleeves with buttoned cuffs, full buttoned chest placket, embroidered branding above patch pocket at left chest, chain stitch along seams, yoke at back, curved hem</p></li><li class="desc-sub-title ">Material &amp; Care</li><li class="desc-sub-text "><p>100% cotton<br/>Machine wash cold</p></li><li class="desc-sub-title">Size &amp; Fit</li><li class="desc-sub-text"><p>Regular fit<br/>The model (height 6' and shoulders 18") is wearing a size 40</p></li></ul>,25:02:2014,None
None,Mast & Harbour Men Charcoal Grey Slim Fit Smart-Casual Shirt,http://www.myntra.com/shirts/mast-harbour/mast-harbour-men-charcoal-grey-slim-fit-smart-casu/210157/buy,Rs. 839,men-apparel-new-arrivals,Clothing,LOCOMOTIVE,http://myntra.myntassets.com/images/style/properties/Mast-&-Harbour-Men-Charcoal-Grey-Slim-Fit-Smart-Casual-Shirt_3e3404a4db07cb07f2b597c3059416c4_images_1080_1440_mini.jpg,Rs. 1,399,None,men,http://www.myntra.com/shirts/mast-harbour/mast-harbour-men-charcoal-grey-slim-fit-smart-casu/210157/buy,Sold byVector Ecommerce Pvt Ltd,None,None,['38', '40', '42', '44'],None,<ul class="mk-pdpv1-product-helper mk-cf"><li class="desc-main-title">Product Description</li><li class="desc-sub-title">Style Note</li><li class="desc-sub-text " itemprop="description"><p>Set sail on a fashionable journey with Mast &amp; Harbour's range of stylish shirts. This piece by our in-house brand will surely set you apart from the crowd, when styled with slim fit chinos or jeans and boat shoes.</p></li><li class="desc-sub-title ">Product Details</li><li class="desc-sub-text"><p>Charcoal grey smart-casual shirt in a textured weave, buttoned down spread collar, long sleeves with buttoned cuffs, embroidered branding at right sleeve cuff, patch pocket at left chest, full buttoned placket at front, back yoke, curved hemline</p></li><li class="desc-sub-title ">Material &amp; Care</li><li class="desc-sub-text "><p>100% cotton<br/>Machine wash</p></li><li class="desc-sub-title">Size &amp; Fit</li><li class="desc-sub-text"><p>Slim fit<br/>The model (height 6' and shoulders 18") is wearing a size 40</p></li></ul>,25:02:2014,None
None,Roadster Men Maroon Printed T-shirt,http://www.myntra.com/tshirts/roadster/roadster-men-maroon-printed-t-shirt/219549/buy,Rs. 399,men-apparel-new-arrivals,Clothing,LOCOMOTIVE,http://myntra.myntassets.com/images/style/properties/Roadster-Men-Maroon-Vinatge-Club-Printed-T-shirt_0f75916971264d1726e6eea0f4563939_images_1080_1440_mini.jpg,None,None,men,http://www.myntra.com/tshirts/roadster/roadster-men-maroon-printed-t-shirt/219549/buy,Sold byVector Ecommerce Pvt Ltd,None,None,['S', 'M', 'L', 'XL'],None,<ul class="mk-pdpv1-product-helper mk-cf"><li class="desc-main-title">Product Description</li><li class="desc-sub-title">Style Note</li><li class="desc-sub-text " itemprop="description"><p>This cool and trendy printed T-shirt from Roadster is sure to amplify your energy all day long. Style it with denim jeans or cargos and canvas sneakers for a perfect casual look.</p></li><li class="desc-sub-title ">Product Details</li><li class="desc-sub-text"><p>Maroon printed T-shirt, knit, ribbed round neck, short sleeves, graphic print at front</p></li><li class="desc-sub-title ">Material &amp; Care</li><li class="desc-sub-text "><p>100% cotton<br/>Machine wash cold<br/>You are unique and wouldn't like it if the Creator made too many people ditto.<br/>Similarly, this product is unique, handmade and crafted with love.<br/>There are no two products we make, which will ever be ditto.<br/>To maintain a high degree of authenticity, we advise our patrons to wash our products separately and expect some fading, colour bleeding and wear &amp; tear. The article ages uniquely as you treat it, acquiring your personalised feel.<br/>Go on, enjoy this specially created product to the hilt. Have fun.</p></li><li class="desc-sub-title">Size &amp; Fit</li><li class="desc-sub-text"><p>Slim fit<br/>The model (height 6' and shoulders 18") is wearing a size M</p></li></ul>,25:02:2014,None
None,United Colors of Benetton Men Blue Carrot Fit Jeans,http://www.myntra.com/jeans/united-colors-of-benetton/united-colors-of-benetton-men-blue-carrot-fit-jean/230025/buy,Rs. 2,999,men-apparel-new-arrivals,Clothing,LOCOMOTIVE,http://myntra.myntassets.com/images/style/properties/United-Colors-of-Benetton-Men-Blue-Carrot-Fit-Jeans_694bc37245281fcebd7c3df97cbec01c_images_1080_1440_mini.JPG,None,None,men,http://www.myntra.com/jeans/united-colors-of-benetton/united-colors-of-benetton-men-blue-carrot-fit-jean/230025/buy,Sold byVector Ecommerce Pvt Ltd,None,None,['28', '30', '32', '34', '36', '38'],None,<ul class="mk-pdpv1-product-helper mk-cf"><li class="desc-main-title">Product Description</li><li class="desc-sub-title">Style Note</li><li class="desc-sub-text " itemprop="description"><p>Release the rebel in you by donning this super-trendy pair of UCB jeans. Featuring a vibrant colour, this piece can be paired with a white tee or crisp shirt, and canvas sneakers for a cool casual look.</p></li><li class="desc-sub-title ">Product Details</li><li class="desc-sub-text"><p>Blue 5 pocket jeans, stitch detail throughout, whiskers at crotch, button and zip closure, 2 scoop pockets at either side of front waist, change pocket with metallic rivets at right, waistband with belt loops and branding at back, 2 panelled patch pockets at back</p></li><li class="desc-sub-title ">Material &amp; Care</li><li class="desc-sub-text "><p>99% cotton, 1% Spandex<br/>Machine wash warm</p></li><li class="desc-sub-title">Size &amp; Fit</li><li class="desc-sub-text"><p>Carrot fit: tapered fit<br/>The model (height 6' and waist 32") is wearing a size 32</p></li></ul>,25:02:2014,None
None,Mast & Harbour Men Brown Stretch Trousers,http://www.myntra.com/trousers/mast-harbour/mast-harbour-men-brown-stretch-trousers/222764/buy,Rs. 1,599,men-apparel-new-arrivals,Clothing,LOCOMOTIVE,http://myntra.myntassets.com/images/style/properties/Mast-&-Harbour-Men-Brown-Stretch-Trousers_a3695147eeb358b78933d4fa003ca735_images_1080_1440_mini.jpg,None,None,men,http://www.myntra.com/trousers/mast-harbour/mast-harbour-men-brown-stretch-trousers/222764/buy,Sold byVector Ecommerce Pvt Ltd,None,None,['28', '30', '32', '34', '36'],None,<ul class="mk-pdpv1-product-helper mk-cf"><li class="desc-main-title">Product Description</li><li class="desc-sub-title">Style Note</li><li class="desc-sub-text " itemprop="description"><p>Get ready to become the ultimate style icon with Mast &amp; Harbour's range of trousers. We recommend teaming it up with polo T-shirt and loafers to achieve that perfect look.</p></li><li class="desc-sub-title ">Product Details</li><li class="desc-sub-text"><p>Brown trousers, woven, stretchable, button and zip closure, waistband with belt loops, two slant pockets at front sides, a coin pocket stitched to the right slant pocket, two buttoned welt pockets at the back, branding above the right welt pocket at the back<br/>Our stylist has paired these trousers with a belt<br/>This pair of trousers will not come with a belt<br/></p></li><li class="desc-sub-title ">Material &amp; Care</li><li class="desc-sub-text "><p>98% cotton, 2% Spandex<br/>Machine wash cold</p></li><li class="desc-sub-title">Size &amp; Fit</li><li class="desc-sub-text"><p>Regular fit<br/>The model (height 6' and waist 32) is wearing a size 32</p></li></ul>,25:02:2014,None
None,Roadster Men Red & White Checked Vettel Shelby Slim Fit Casual Shirt,http://www.myntra.com/shirts/roadster/roadster-men-red-white-checked-vettel-shelby-slim-/224921/buy,Rs. 999,men-apparel-new-arrivals,Clothing,LOCOMOTIVE,http://myntra.myntassets.com/images/style/properties/Roadster-Men-Red-&-White-Checked-Vettel-Shelby-Slim-Fit-Casual-Shirt_fc46cc5280a91886830d52fc247e6dda_images_1080_1440_mini.jpg,None,None,men,http://www.myntra.com/shirts/roadster/roadster-men-red-white-checked-vettel-shelby-slim-/224921/buy,Sold byVector Ecommerce Pvt Ltd,None,None,['38', '40', '42', '44'],None,<ul class="mk-pdpv1-product-helper mk-cf"><li class="desc-main-title">Product Description</li><li class="desc-sub-title">Style Note</li><li class="desc-sub-text " itemprop="description"><p>This versatile piece from Roadster allows you to pull off a multitude of different looks in style. We recommend styling this piece with khaki coloured chinos or your basic blue jeans and sneakers for a smart, preppy look.</p></li><li class="desc-sub-title ">Product Details</li><li class="desc-sub-text"><p>Red and white checked casual shirt, woven, has a spread collar, long sleeves with buttoned cuffs and roll-up tab feature, full buttoned placket at front, patch pocket with embroidered branding at left chest, back yoke, darts on the back, curved hemline with contrast overlays at sides</p></li><li class="desc-sub-title ">Material &amp; Care</li><li class="desc-sub-text "><p>100% cotton<br/>Machine wash cold<br/>You are unique and wouldn't like it if the creator made too many people ditto.<br/>Similarly, this product is unique, handmade and crafted with love.<br/>There are no two products we make, which will ever be ditto.<br/>To maintain a high degree of authenticity, we advise our patrons to wash our products separately and expect some fading, colour bleeding, wear and tear.<br/>The article ages uniquely as you treat it, acquiring your personalised feel. Go on, enjoy this specially created product to the hilt. Have fun.</p></li><li class="desc-sub-title">Size &amp; Fit</li><li class="desc-sub-text"><p>Shelby slim fit<br/>The model (height 6' and shoulders 18") is wearing a size 40</p></li></ul>,25:02:2014,None
None,Roadster Men Blue & White Romain Checked Shelby Slim Fit Casual Shirt,http://www.myntra.com/shirts/roadster/roadster-men-blue-white-romain-checked-shelby-slim/224929/buy,Rs. 999,men-apparel-new-arrivals,Clothing,LOCOMOTIVE,http://myntra.myntassets.com/images/style/properties/Roadster-Men-Blue-&-White-Romain-Checked-Shelby-Slim-Fit-Casual-Shirt_2925998cdf5f37aa4d9be98033712f96_images_1080_1440_mini.jpg,None,None,men,http://www.myntra.com/shirts/roadster/roadster-men-blue-white-romain-checked-shelby-slim/224929/buy,Sold byVector Ecommerce Pvt Ltd,None,None,['38', '40', '42', '44'],None,<ul class="mk-pdpv1-product-helper mk-cf"><li class="desc-main-title">Product Description</li><li class="desc-sub-title">Style Note</li><li class="desc-sub-text " itemprop="description"><p>A man can pull off a multitude of different looks with a classic checked shirt. This piece from Roadster will ensure that those looks are trendy. We recommend styling this piece with khaki chinos and canvas plimsolls for a smart college look.</p></li><li class="desc-sub-title ">Product Details</li><li class="desc-sub-text"><hr/><p>Blue and white checked shirt, woven, mandarin collar, full buttoned placket at front, branding at left chest, long sleeves with buttoned cuffs, roll-up tab feature at arm, curved hemline, yoke at back</p></li><li class="desc-sub-title ">Material &amp; Care</li><li class="desc-sub-text "><p>100% cotton<br/>Machine wash warm<br/>You are unique and wouldn't like it if the Creator made too many people ditto. Similarly, this product is unique, handmade and crafted with love. There are no two products we make, which will ever be ditto. To maintain a high degree of authenticity, we advise our patrons to wash our products separately and expect some fading, colour bleeding and wear and tear. The article ages uniquely as you treat it, acquiring your personalised feel. Go on, enjoy this specially created product to the hilt. Have fun.</p></li><li class="desc-sub-title">Size &amp; Fit</li><li class="desc-sub-text"><p>Slim fit<br/>The model (height 6' and shoulders 18") is wearing a size M<br/><br/></p></li></ul>,25:02:2014,None
None,HRX Men Blue Jeans,http://www.myntra.com/jeans/hrx/hrx-men-blue-jeans/210352/buy,Rs. 1,999,men-apparel-new-arrivals,Clothing,LOCOMOTIVE,http://myntra.myntassets.com/images/style/properties/HRX-Men-Blue-Jeans_37603d7e0ebaeec729dc92781aef2b62_images_1080_1440_mini.JPG,None,None,men,http://www.myntra.com/jeans/hrx/hrx-men-blue-jeans/210352/buy,Sold byVector Ecommerce Pvt Ltd,None,None,['28', '30', '32', '34', '36'],None,<ul class="mk-pdpv1-product-helper mk-cf"><li class="desc-main-title">Product Description</li><li class="desc-sub-title">Style Note</li><li class="desc-sub-text " itemprop="description"><p>With simple styling, these jeans from HRX will add instant class to your casual ensembles. Try wearing them with a graphic tee or shirt, bomber jacket and leather trainers for drinks with your friends.</p></li><li class="desc-sub-title ">Product Details</li><li class="desc-sub-text"><p>Blue lightly washed five pocket jeans, has light distressed detailing, button and zip closure, whiskers at crotch, waistband with belt loops and brand patch at back, two insert pockets at front waist with metallic trim detailing, a coin pocket on the right, buckled loop detail at back, two patch pockets at the back with embroidered detailing, stitch detailing throughout</p></li><li class="desc-sub-title ">Material &amp; Care</li><li class="desc-sub-text "><p>29.6% cotton, 67.2% excel, 3.2% Lycra<br/>Machine wash cold<br/>You are unique and wouldn't like it if the Creator made too many people ditto.<br/>Similarly, this product is unique, handmade and crafted with love.<br/>There are no two products we make, which will ever be ditto.<br/>To maintain a high degree of authenticity, we advise our patrons to wash our products separately and expect some fading, colour bleeding and wear &amp; tear. The article ages uniquely as you treat it, acquiring your personalised feel.<br/>Go on, enjoy this specially created product to the hilt. Have fun.</p></li><li class="desc-sub-title">Size &amp; Fit</li><li class="desc-sub-text"><p>The model (height 6' and waist 32") is wearing a size 32</p></li></ul>,25:02:2014,None
None,United Colors of Benetton Men Navy Polo T-shirt,http://www.myntra.com/tshirts/united-colors-of-benetton/united-colors-of-benetton-men-navy-polo-t-shirt/244075/buy,Rs. 1,099,men-apparel-new-arrivals,Clothing,LOCOMOTIVE,http://myntra.myntassets.com/images/style/properties/United-Colors-Of-Benetton-Men-Navy-Polo-T-shirt_124e8fcb793b681ac053266ba87dceb8_images_1080_1440_mini.jpg,None,None,men,http://www.myntra.com/tshirts/united-colors-of-benetton/united-colors-of-benetton-men-navy-polo-t-shirt/244075/buy,Sold byVector Ecommerce Pvt Ltd,None,None,['S', 'M', 'L', 'XL', 'XXL'],None,<ul class="mk-pdpv1-product-helper mk-cf"><li class="desc-main-title">Product Description</li><li class="desc-sub-title">Style Note</li><li class="desc-sub-text " itemprop="description"><p>UCB brings you this super comfortable and stylish polo tee which is a must-have for your casual wear collection. Wear it with a pair of well fitted denims and sneakers to create a neat ensemble for yourself.</p></li><li class="desc-sub-title ">Product Details</li><li class="desc-sub-text"><p>Navy blue polo T-shirt, has a ribbed spread collar with contrast stripes and tipping, short sleeves with ribbed hem that has contrast stripes and tipping, short buttoned placket at chest, branding at left chest, vented hem, back hem longer than front</p></li><li class="desc-sub-title ">Material &amp; Care</li><li class="desc-sub-text "><p>100% cotton<br/>Machine wash delicate</p></li><li class="desc-sub-title">Size &amp; Fit</li><li class="desc-sub-text"><p>The model (height 6' and shoulders 18") is wearing a size M</p></li></ul>,25:02:2014,None
None,HRX Men Blue Jeans,http://www.myntra.com/jeans/hrx/hrx-men-blue-jeans/223683/buy,Rs. 2,199,men-apparel-new-arrivals,Clothing,LOCOMOTIVE,http://myntra.myntassets.com/images/style/properties/HRX-Men-Blue-Jeans_807176f1628b6f852e481b6622976a1d_images_1080_1440_mini.JPG,None,None,men,http://www.myntra.com/jeans/hrx/hrx-men-blue-jeans/223683/buy,Sold byVector Ecommerce Pvt Ltd,None,None,['28', '30', '32', '34', '36'],None,<ul class="mk-pdpv1-product-helper mk-cf"><li class="desc-main-title">Product Description</li><li class="desc-sub-title">Style Note</li><li class="desc-sub-text " itemprop="description"><p>With simple styling, these jeans from HRX will add instant class to your casual ensembles. Try wearing them with a graphic tee or shirt, bomber jacket and leather trainers for drinks with your friends.</p></li><li class="desc-sub-title ">Product Details</li><li class="desc-sub-text"><p>Blue 5 pocket jeans, button and zip closure at front, waistband with belt loops and brand patch at back, 2 insert pockets at front with a coin pocket at right, embroidered branding at right side, whiskers at front, two patch pockets at back, contrast stitch detail throughout</p></li><li class="desc-sub-title ">Material &amp; Care</li><li class="desc-sub-text "><p>100% cotton<br/>Machine wash cold<br/>You are unique and wouldn't like it if the Creator made too many people ditto.<br/>Similarly, this product is unique, handmade and crafted with love.<br/>There are no two products we make, which will ever be ditto.<br/>To maintain a high degree of authenticity, we advise our patrons to wash our products separately and expect some fading, colour bleeding and wear &amp; tear. The article ages uniquely as you treat it, acquiring your personalised feel.<br/>Go on, enjoy this specially created product to the hilt. Have fun.</p></li><li class="desc-sub-title">Size &amp; Fit</li><li class="desc-sub-text"><p>The model (height 6' and waist 32") is wearing a size 32</p></li></ul>,25:02:2014,None
None,Kook N Keech Men Black Printed T-shirt,http://www.myntra.com/tshirts/kook-n-keech/kook-n-keech-men-black-printed-t-shirt/234647/buy,Rs. 499,men-apparel-new-arrivals,Clothing,LOCOMOTIVE,http://myntra.myntassets.com/images/style/properties/Kooch-N-Keech-Men-Black-Printed-T-shirt_a3bbfde9fb958bec96fbd99416dcfd05_images_1080_1440_mini.jpg,None,None,men,http://www.myntra.com/tshirts/kook-n-keech/kook-n-keech-men-black-printed-t-shirt/234647/buy,Sold byVector Ecommerce Pvt Ltd,None,None,['S', 'M', 'L', 'XL'],None,<ul class="mk-pdpv1-product-helper mk-cf"><li class="desc-main-title">Product Description</li><li class="desc-sub-title">Style Note</li><li class="desc-sub-text " itemprop="description"><p>Inject some youth into your casual repertoire with Kook N Keech's range of fun graphic tees. We think this piece will look cool styled with pop coloured trousers and skate shoes on the weekend.</p></li><li class="desc-sub-title ">Product Details</li><li class="desc-sub-text"><p>Black T-shirt, ribbed round neck, short sleeves with print branding at left arm, graphic print on front, stitch detail throughout</p></li><li class="desc-sub-title ">Material &amp; Care</li><li class="desc-sub-text "><p>100% cotton<br/>Machine wash cold</p></li><li class="desc-sub-title">Size &amp; Fit</li><li class="desc-sub-text"><p>Slim fit<br/>The model (height 6' and shoulders 18") is wearing a size M</p></li></ul>,25:02:2014,None
None,U.S. Polo Assn. Men Navy Tailored Fit Casual Shirt,http://www.myntra.com/shirts/us-polo-assn/us-polo-assn-men-navy-tailored-fit-casual-shirt/234607/buy,Rs. 1,699,men-apparel-new-arrivals,Clothing,LOCOMOTIVE,http://myntra.myntassets.com/images/style/properties/US-Polo-Assn-Men-Navy-Tailored-Fit-Casual-Shirt_543a402157af017395fd46a9176e13b9_images_1080_1440_mini.jpg,None,None,men,http://www.myntra.com/shirts/us-polo-assn/us-polo-assn-men-navy-tailored-fit-casual-shirt/234607/buy,Sold byVector Ecommerce Pvt Ltd,None,None,['38', '40', '42', '44', '46'],None,<ul class="mk-pdpv1-product-helper mk-cf"><li class="desc-main-title">Product Description</li><li class="desc-sub-title">Style Note</li><li class="desc-sub-text " itemprop="description"><p>Look dashing in this trendy U.S. Polo Assn. shirt. We love its immaculately finished look and super-soft fabric composition. Match it with a pair of comfy chinos and tan moccasins for a relaxed appeal.</p></li><li class="desc-sub-title ">Product Details</li><li class="desc-sub-text"><p>Navy casual shirt, woven, spread collar, full buttoned placket, brand embroidery on patch pocket at left chest, long sleeves with buttoned cuffs, yoke at back with a loop and an inverted box pleat beneath, curved hem</p></li><li class="desc-sub-title ">Material &amp; Care</li><li class="desc-sub-text "><p>100% cotton<br/>Machine wash cold</p></li><li class="desc-sub-title">Size &amp; Fit</li><li class="desc-sub-text"><p>Tailored fit<br/>The model (height 6' and shoulders 18") is wearing a size 40</p></li></ul>,25:02:2014,None
