None,Avirate Women Skin Toned Shaper Briefs Avln100033,http://www.myntra.com/Shapewear/Avirate/Avirate-Women-Skin-Toned-Shaper-Briefs-Avln100033/160029/buy,Rs. 990,women-lingerie-sleepwear,Lingerie & Sleepwear,Avirate,http://myntra.myntassets.com/images/style/properties/Avirate-Women-Skin-Toned-Shaper-Briefs-Avln100033_b6f823c7957ecf2df935b4dbfe38dac5_images_1080_1440_mini.jpg,None,None,women,http://www.myntra.com/Shapewear/Avirate/Avirate-Women-Skin-Toned-Shaper-Briefs-Avln100033/160029/buy,Sold byVector Ecommerce Pvt Ltd,None,None,['XS', 'S', 'M', 'L', 'XL'],None,<ul class="mk-pdpv1-product-helper mk-cf"><li class="desc-main-title">Product Description</li><li class="desc-sub-title">Style Note</li><li class="desc-sub-text " itemprop="description"><p>Crafted to tone and your tummy and thighs, this tummy tightener from Avirate keeps those extra kilos hidden. Offering your legs a sleek look, this comfortable piece of is best worn under jeans, suits, skirts and churidars.</p></li><li class="desc-sub-title ">Product Details</li><li class="desc-sub-text"><p>Article Number: AVLN100033<br/>Skin toned tummy tightener elasticated along waist, textured ribbing on front, paneled mesh construction with floral detail near the leg holes, has a double layered gusset</p></li><li class="desc-sub-title ">Material &amp; Care</li><li class="desc-sub-text "><p>87% nylon, 13% elastane<br/>Hand wash separately</p></li></ul>,25:02:2014,None
None,Avirate Khaki and Black Brief,http://www.myntra.com/Briefs/Avirate/Avirate-Khaki-and-Black-Brief/64879/buy,Rs. 520,women-lingerie-sleepwear,Lingerie & Sleepwear,Avirate,http://myntra.myntassets.com/images/style/properties/Avirate-Khaki-and-Black-Brief_def39b2d459fe77042746602adfdc35d_images_1080_1440_mini.jpg,Rs. 800,None,women,http://www.myntra.com/Briefs/Avirate/Avirate-Khaki-and-Black-Brief/64879/buy,Sold byVector Ecommerce Pvt Ltd,None,None,['XS', 'S', 'M', 'L'],None,<ul class="mk-pdpv1-product-helper mk-cf"><li class="desc-main-title">Product Description</li><li class="desc-sub-title ">Product Details</li><li class="desc-sub-text"><p>Khaki <a href="../briefs">briefs</a> with paneling and black net at the sides and back<br/> Brand badge and bow in front<br/>Cotton gusset</p></li><li class="desc-sub-title ">Material &amp; Care</li><li class="desc-sub-text "><p>95% Polyester and 5% Spandex  Gusset: cotton<br/> Hand wash</p></li></ul>,25:02:2014,None
None,Avirate Women White Corset Shapewear,http://www.myntra.com/Shapewear/Avirate/Avirate-Women-White-Corset-Shapewear/64864/buy,Rs. 2,015,women-lingerie-sleepwear,Lingerie & Sleepwear,Avirate,http://myntra.myntassets.com/images/style/properties/Avirate-Women-White-Corset-Shapewear_164089bce7343cfcd6b2405f3a185519_images_1080_1440_mini.jpg,Rs. 3,100,None,women,http://www.myntra.com/Shapewear/Avirate/Avirate-Women-White-Corset-Shapewear/64864/buy,Sold byVector Ecommerce Pvt Ltd,None,None,['32A', '32B', '32C', '32D', '34B', '34C', '34D', '36B', '36C', '36D'],None,<ul class="mk-pdpv1-product-helper mk-cf"><li class="desc-main-title">Product Description</li><li class="desc-sub-title ">Product Details</li><li class="desc-sub-text"><p>White corset with pink and black taping details<br/>Weave design on the cups<br/>Brand badge in front<br/>Net panel at the back<br/>Extra padded, boned and underwired<br/>Adjustable, elasticated straps<br/>Two row hook closure</p></li><li class="desc-sub-title ">Material &amp; Care</li><li class="desc-sub-text "><p>92% polyester<br/> 8% spandex<br/> Hand wash</p></li></ul>,25:02:2014,None
None,Avirate Women Black Briefs,http://www.myntra.com/Briefs/Avirate/Avirate-Women-Black-Briefs/99594/buy,Rs. 618,women-lingerie-sleepwear,Lingerie & Sleepwear,Avirate,http://myntra.myntassets.com/images/style/properties/Avirate-Women-Briefs_7343689583aedbf1bd9bda647bf5e36e_images_1080_1440_mini.jpg,Rs. 950,None,women,http://www.myntra.com/Briefs/Avirate/Avirate-Women-Black-Briefs/99594/buy,Sold byVector Ecommerce Pvt Ltd,None,None,['XS', 'S', 'M', 'L', 'XL'],None,<ul class="mk-pdpv1-product-helper mk-cf"><li class="desc-main-title">Product Description</li><li class="desc-sub-title">Style Note</li><li class="desc-sub-text " itemprop="description"><p>Avirate, comes from a Sanskrit word meaning sensuality and that's exactly what the brand shows in their lingerie. Take a look at the products and tell us if you can resist yourself from buying them!</p></li><li class="desc-sub-title ">Product Details</li><li class="desc-sub-text"><p>Black netted briefs, has frill detailing, pink panel in the front with floral patterned net layer above it, bow detailing in the centre <br/>Floral and net detailing also at the back<br/> Double layered cotton gusset<br/> Elasticated waistband</p></li><li class="desc-sub-title ">Material &amp; Care</li><li class="desc-sub-text "><p>92% nylon<br/> 8% spandex<br/> Gusset: 100% cotton<br/> Hand wash</p></li></ul>,25:02:2014,None
None,Avirate Black & White  Brief,http://www.myntra.com/Briefs/Avirate/Avirate-Black-&-White--Brief/59677/buy,Rs. 520,women-lingerie-sleepwear,Lingerie & Sleepwear,Avirate,http://myntra.myntassets.com/images/style/properties/Avirate-Black-&-White-Brief_e0980ea3495541376d6d9e4ce0c2df4d_images_1080_1440_mini.jpg,Rs. 800,None,women,http://www.myntra.com/Briefs/Avirate/Avirate-Black-&-White--Brief/59677/buy,Sold byVector Ecommerce Pvt Ltd,None,None,['XS', 'S', 'M', 'L', 'XL'],None,<ul class="mk-pdpv1-product-helper mk-cf"><li class="desc-main-title">Product Description</li><li class="desc-sub-title ">Product Details</li><li class="desc-sub-text"><p>Black brief with elasticated waistband<br/> White lace trims on the legs and waistband<br/> Bow detail with heart shaped beads on the front<br/> 100% cotton gussets</p></li><li class="desc-sub-title ">Material &amp; Care</li><li class="desc-sub-text "><p>100% nylon<br/> Hand wash</p></li></ul>,25:02:2014,None
None,Avirate Cream Brief,http://www.myntra.com/Briefs/Avirate/Avirate-Cream-Brief/59696/buy,Rs. 910,women-lingerie-sleepwear,Lingerie & Sleepwear,Avirate,http://myntra.myntassets.com/images/style/properties/Avirate-Cream-Brief_ac380d128249b31084a5151d02e1d6e4_images_1080_1440_mini.jpg,Rs. 1,400,None,women,http://www.myntra.com/Briefs/Avirate/Avirate-Cream-Brief/59696/buy,Sold byVector Ecommerce Pvt Ltd,None,None,['XS', 'S', 'M', 'L', 'XL'],None,<ul class="mk-pdpv1-product-helper mk-cf"><li class="desc-main-title">Product Description</li><li class="desc-sub-title ">Product Details</li><li class="desc-sub-text"><p>Yellow <a href="../briefs">briefs</a> with three red bow details on the front<br/> Elasticated waist band <br/> 100% cotton gussets</p></li><li class="desc-sub-title ">Material &amp; Care</li><li class="desc-sub-text "><p>94% nylon, 5% spandex<br/> Hand wash</p></li></ul>,25:02:2014,None
None,Avirate Cream Brief,http://www.myntra.com/Briefs/Avirate/Avirate-Cream-Brief/59752/buy,Rs. 488,women-lingerie-sleepwear,Lingerie & Sleepwear,Avirate,http://myntra.myntassets.com/images/style/properties/Avirate-Cream-Brief_c702b8c16c534d462a2e8c8e75c94384_images_1080_1440_mini.jpg,Rs. 750,None,women,http://www.myntra.com/Briefs/Avirate/Avirate-Cream-Brief/59752/buy,Sold byVector Ecommerce Pvt Ltd,None,None,['XS', 'S', 'M', 'L', 'XL'],None,<ul class="mk-pdpv1-product-helper mk-cf"><li class="desc-main-title">Product Description</li><li class="desc-sub-title ">Product Details</li><li class="desc-sub-text"><p>Cream bikini <a href="../briefs">briefs</a> with pink trims<br/> Mesh back<br/> 100% cotton gussets</p></li><li class="desc-sub-title ">Material &amp; Care</li><li class="desc-sub-text "><p>92% polyester 8% elastane<br/> Hand wash</p></li></ul>,25:02:2014,None
None,Avirate White and Blue Bikini Brief,http://www.myntra.com/Briefs/Avirate/Avirate-White-and-Blue-Bikini-Brief/64868/buy,Rs. 650,women-lingerie-sleepwear,Lingerie & Sleepwear,Avirate,http://myntra.myntassets.com/images/style/properties/Avirate-White-and-Blue-Bikini-Brief_95eb26e5a0ac82024206a332ce090558_images_1080_1440_mini.jpg,Rs. 1,000,None,women,http://www.myntra.com/Briefs/Avirate/Avirate-White-and-Blue-Bikini-Brief/64868/buy,Sold byVector Ecommerce Pvt Ltd,None,None,['XS', 'S', 'M', 'L', 'XL'],None,<ul class="mk-pdpv1-product-helper mk-cf"><li class="desc-main-title">Product Description</li><li class="desc-sub-title ">Product Details</li><li class="desc-sub-text"><p>White bikini <a href="../briefs">briefs</a> with blue lace and brand badge detail in front<br/> Netted back<br/>Cotton gusset</p></li><li class="desc-sub-title ">Material &amp; Care</li><li class="desc-sub-text "><p>95% polyester and 5% spandex  Gusset: cotton<br/> Hand wash</p></li></ul>,25:02:2014,None
None,Avirate Cream Bra,http://www.myntra.com/Bra/Avirate/Avirate-Cream-Bra/64875/buy,Rs. 1,170,women-lingerie-sleepwear,Lingerie & Sleepwear,Avirate,http://myntra.myntassets.com/images/style/properties/Avirate-Cream-Bra_f0b8427fcb9a8c0d5eceb919acd9826a_images_1080_1440_mini.jpg,Rs. 1,800,None,women,http://www.myntra.com/Bra/Avirate/Avirate-Cream-Bra/64875/buy,Sold byVector Ecommerce Pvt Ltd,None,None,['32A', '32B', '32C', '32D', '34B', '34C', '34D', '36B', '36C', '36D'],None,<ul class="mk-pdpv1-product-helper mk-cf"><li class="desc-main-title">Product Description</li><li class="desc-sub-title ">Product Details</li><li class="desc-sub-text"><p>Cream <a href="../bra">bra</a> with lace, embroidery and pink ribbon details<br/>Brand badge and bow in front<br/>Net panel at the back<br/>Mildly padded, underwired<br/>Adjustable, elasticated straps<br/>Two hook closure</p></li><li class="desc-sub-title ">Material &amp; Care</li><li class="desc-sub-text "><p>84% polyester<br/> 16% spandex<br/> Hand wash</p></li></ul>,25:02:2014,None
None,Avirate Women Anastasia Padded Balcony White Bra,http://www.myntra.com/Bra/Avirate/Avirate-Women-Anastasia-Padded-Balcony-White-Bra/99597/buy,Rs. 910,women-lingerie-sleepwear,Lingerie & Sleepwear,Avirate,http://myntra.myntassets.com/images/style/properties/Avirate-Women-Bra_25e65fe0e48b17dde1d190b6516aa820_images_1080_1440_mini.jpg,Rs. 1,400,None,women,http://www.myntra.com/Bra/Avirate/Avirate-Women-Anastasia-Padded-Balcony-White-Bra/99597/buy,Sold byVector Ecommerce Pvt Ltd,None,None,['32A', '32B', '32C', '32D', '34B', '34C', '34D', '36B', '36C', '36D'],None,<ul class="mk-pdpv1-product-helper mk-cf"><li class="desc-main-title">Product Description</li><li class="desc-sub-title">Style Note</li><li class="desc-sub-text " itemprop="description"><p>Avirate, evolved from a Sanskrit word meaning sensuality and that's exactly what the brand shows in their lingerie. Take a look at the products and tell us if you can resist yourself from buying them! Whether for everyday wear or special occasions, Avirate exclusive lingerie infuses a sense of satisfaction, confidence and femininity.</p></li><li class="desc-sub-title ">Product Details</li><li class="desc-sub-text"><p>White padded bra, under wired, has a netted panel with embroidered floral patterns covering the cups<br/> Adjustable straps with bow detailing in the front<br/> Three row eyelet and hook closure</p></li><li class="desc-sub-title ">Material &amp; Care</li><li class="desc-sub-text "><p>100% nylon<br/> Hand wash</p></li></ul>,25:02:2014,None
None,Avirate Women Pink Briefs AVLN100052,http://www.myntra.com/Briefs/Avirate/Avirate-Women-Pink-Briefs-AVLN100052/190258/buy,Rs. 550,women-lingerie-sleepwear,Lingerie & Sleepwear,Avirate,http://myntra.myntassets.com/images/style/properties/Avirate-Women-Pink-Briefs-AVLN100052_e0aa0b0d3f7cb4ff711f75639a523115_images_1080_1440_mini.jpg,None,None,women,http://www.myntra.com/Briefs/Avirate/Avirate-Women-Pink-Briefs-AVLN100052/190258/buy,Sold byVector Ecommerce Pvt Ltd,None,None,['XS', 'S', 'M', 'L', 'XL'],None,<ul class="mk-pdpv1-product-helper mk-cf"><li class="desc-main-title">Product Description</li><li class="desc-sub-title">Style Note</li><li class="desc-sub-text " itemprop="description"><p>When you get a pair of briefs that highlights your femininity then it's hard to resist. This one from Avirate lets you embrace feminine beauty while keeping you in the utmost comfort.</p></li><li class="desc-sub-title ">Product Details</li><li class="desc-sub-text"><p>Article Number: AVLN100052<br/>Pink briefs, has an elasticated waistband with bow detail and brand badge at the centre, net panel along the leg openings and double layered gusset</p></li><li class="desc-sub-title ">Material &amp; Care</li><li class="desc-sub-text "><p>85% nylon, 15% Spandex<br/>Gusset: 100% cotton<br/>Hand wash</p></li></ul>,25:02:2014,None
None,Avirate Women Black Shapewear Avln100032,http://www.myntra.com/Shapewear/Avirate/Avirate-Women-Black-Shapewear-Avln100032/160028/buy,Rs. 990,women-lingerie-sleepwear,Lingerie & Sleepwear,Avirate,http://myntra.myntassets.com/images/style/properties/Avirate-Women-Black-Shaper-Briefs-Avln100032_873c498d27dda336dad62f6ae6dd051c_images_1080_1440_mini.jpg,None,None,women,http://www.myntra.com/Shapewear/Avirate/Avirate-Women-Black-Shapewear-Avln100032/160028/buy,Sold byVector Ecommerce Pvt Ltd,None,None,['XS', 'S', 'M', 'L', 'XL'],None,<ul class="mk-pdpv1-product-helper mk-cf"><li class="desc-main-title">Product Description</li><li class="desc-sub-title">Style Note</li><li class="desc-sub-text " itemprop="description"><p>Crafted to tone and your tummy and thighs, this tummy tightener from Avirate keeps those extra kilos hidden. Offering your legs a sleek look, this comfortable piece of is best worn under jeans, suits, skirts and churidars.</p></li><li class="desc-sub-title ">Product Details</li><li class="desc-sub-text"><p>Article Number: AVLN100032<br/>Black tummy tightener elasticated along waist, textured ribbing on front, paneled mesh construction with floral detail near the leg holes, has a double layered gusset</p></li><li class="desc-sub-title ">Material &amp; Care</li><li class="desc-sub-text "><p>87% nylon, 13% elastane<br/>Hand wash separately</p></li></ul>,25:02:2014,None
None,Avirate Black & Khaki Brief,http://www.myntra.com/Briefs/Avirate/Avirate-Black-&-Khaki-Brief/59679/buy,Rs. 520,women-lingerie-sleepwear,Lingerie & Sleepwear,Avirate,http://myntra.myntassets.com/images/style/properties/Avirate-Black-&-Khaki-Brief_2329ef4d8b31e1df207db10650079699_images_1080_1440_mini.jpg,Rs. 800,None,women,http://www.myntra.com/Briefs/Avirate/Avirate-Black-&-Khaki-Brief/59679/buy,Sold byVector Ecommerce Pvt Ltd,None,None,['XS', 'S', 'M', 'L', 'XL'],None,<ul class="mk-pdpv1-product-helper mk-cf"><li class="desc-main-title">Product Description</li><li class="desc-sub-title ">Product Details</li><li class="desc-sub-text"><p>Green and black brief with elasticated waistband<br/> Tucks on the front<br/> 100% cotton gussets</p></li><li class="desc-sub-title ">Material &amp; Care</li><li class="desc-sub-text "><p>95% polyester<br/> 5% spandex<br/> Hand wash</p></li></ul>,25:02:2014,None
None,Avirate Black & White  Brief,http://www.myntra.com/Briefs/Avirate/Avirate-Black-&-White--Brief/59678/buy,Rs. 520,women-lingerie-sleepwear,Lingerie & Sleepwear,Avirate,http://myntra.myntassets.com/images/style/properties/Avirate-Black-&-White-Brief_1da41a569eab83c2ea1f49f8b09174a0_images_1080_1440_mini.jpg,Rs. 800,None,women,http://www.myntra.com/Briefs/Avirate/Avirate-Black-&-White--Brief/59678/buy,Sold byVector Ecommerce Pvt Ltd,None,None,['XS', 'S', 'M', 'L', 'XL'],None,<ul class="mk-pdpv1-product-helper mk-cf"><li class="desc-main-title">Product Description</li><li class="desc-sub-title ">Product Details</li><li class="desc-sub-text"><p>White and black brief with elasticated waistband<br/> Tucks on the front<br/> 100% cotton gussets</p></li><li class="desc-sub-title ">Material &amp; Care</li><li class="desc-sub-text "><p>95% polyester<br/> 5% spandex<br/> Hand wash</p></li></ul>,25:02:2014,None
None,Avirate Women Nude Toned Shapewear AVLN100054,http://www.myntra.com/Shapewear/Avirate/Avirate-Women-Nude-Toned-Shapewear-AVLN100054/247583/buy,Rs. 1,050,women-lingerie-sleepwear,Lingerie & Sleepwear,Avirate,http://myntra.myntassets.com/images/style/properties/Avirate-Women-Shapewear_15c4a6f074cc1dc44da29ef751398ed1_images_1080_1440_mini.jpg,None,None,women,http://www.myntra.com/Shapewear/Avirate/Avirate-Women-Nude-Toned-Shapewear-AVLN100054/247583/buy,Sold byVector Ecommerce Pvt Ltd,None,None,['S', 'M', 'L', 'XL'],None,<ul class="mk-pdpv1-product-helper mk-cf"><li class="desc-main-title">Product Description</li><li class="desc-sub-title">Style Note</li><li class="desc-sub-text " itemprop="description"><p>Crafted to tone your tummy, this tummy tightener from Avirate keeps those extra kilos hidden. Offering you a sleek look, this comfortable piece of is best worn under jeans, suits, skirts and churidars.</p></li><li class="desc-sub-title ">Product Details</li><li class="desc-sub-text"><p>Article Number: AVLN100054<br/>Nude toned tummy tightener, has stitched details, elasticated along the waist and leg openings, lace detailing at the front, has a double layered gusset</p></li><li class="desc-sub-title ">Material &amp; Care</li><li class="desc-sub-text "><p>87% nylon, 13% elastane<br/>Hand wash separately</p></li></ul>,25:02:2014,None
None,Avirate Women Blue Brief,http://www.myntra.com/Briefs/Avirate/Avirate-Women-Blue-Brief/59701/buy,Rs. 585,women-lingerie-sleepwear,Lingerie & Sleepwear,Avirate,http://myntra.myntassets.com/images/style/properties/Avirate-Blue-Brief_93f61534d9ee12bd9553fa3af7008c9e_images_1080_1440_mini.jpg,Rs. 900,None,women,http://www.myntra.com/Briefs/Avirate/Avirate-Women-Blue-Brief/59701/buy,Sold byVector Ecommerce Pvt Ltd,None,None,['XS', 'S', 'M', 'L'],None,<ul class="mk-pdpv1-product-helper mk-cf"><li class="desc-main-title">Product Description</li><li class="desc-sub-title ">Product Details</li><li class="desc-sub-text"><p>Blue lace style brief with an elasticated waistband <br/> Flower detail at the back of the waistband<br/> 100% cotton gussets</p></li><li class="desc-sub-title ">Material &amp; Care</li><li class="desc-sub-text "><p>100% nylon<br/> Hand wash</p></li></ul>,25:02:2014,None
None,Avirate Cream Brief,http://www.myntra.com/Briefs/Avirate/Avirate-Cream-Brief/59750/buy,Rs. 910,women-lingerie-sleepwear,Lingerie & Sleepwear,Avirate,http://myntra.myntassets.com/images/style/properties/Avirate-Cream-Brief_bacfb2e6ee3170b3a659dd6df6dd0d06_images_1080_1440_mini.jpg,Rs. 1,400,None,women,http://www.myntra.com/Briefs/Avirate/Avirate-Cream-Brief/59750/buy,Sold byVector Ecommerce Pvt Ltd,None,None,['XS', 'S', 'M'],None,<ul class="mk-pdpv1-product-helper mk-cf"><li class="desc-main-title">Product Description</li><li class="desc-sub-title ">Product Details</li><li class="desc-sub-text"><p>Cream bikini <a href="../briefs">briefs</a> with pink floral print<br/> Elasticated waistband with ruffles and rosette details<br/> 100% cotton gussets</p></li><li class="desc-sub-title ">Material &amp; Care</li><li class="desc-sub-text "><p>82% nylon, 18% spandex<br/> Hand wash</p></li></ul>,25:02:2014,None
None,Avirate Women Black Shapewear AVLN100094,http://www.myntra.com/Shapewear/Avirate/Avirate-Women-Black-Shapewear-AVLN100094/247584/buy,Rs. 1,050,women-lingerie-sleepwear,Lingerie & Sleepwear,Avirate,http://myntra.myntassets.com/images/style/properties/Avirate-Women-Shapewear_6fad5fb7e1886393fb173c897e1a14c3_images_1080_1440_mini.jpg,None,None,women,http://www.myntra.com/Shapewear/Avirate/Avirate-Women-Black-Shapewear-AVLN100094/247584/buy,Sold byVector Ecommerce Pvt Ltd,None,None,['S', 'M', 'L', 'XL'],None,<ul class="mk-pdpv1-product-helper mk-cf"><li class="desc-main-title">Product Description</li><li class="desc-sub-title">Style Note</li><li class="desc-sub-text " itemprop="description"><p>Crafted to tone your tummy, this tummy tightener from Avirate keeps those extra kilos hidden. Offering you a sleek look, this comfortable piece of is best worn under jeans, suits, skirts and churidars.</p></li><li class="desc-sub-title ">Product Details</li><li class="desc-sub-text"><p>Article Number: AVLN100094<br/>Black tummy tightener, has stitched details, elasticated along the waist and leg openings, lace detailing at the front, has a double layered gusset</p></li><li class="desc-sub-title ">Material &amp; Care</li><li class="desc-sub-text "><p>87% nylon, 13% elastane<br/>Hand wash separately</p></li></ul>,25:02:2014,None
None,Avirate Cream Corset Shapewear,http://www.myntra.com/Shapewear/Avirate/Avirate-Cream-Corset-Shapewear/64863/buy,Rs. 2,015,women-lingerie-sleepwear,Lingerie & Sleepwear,Avirate,http://myntra.myntassets.com/images/style/properties/Avirate-Cream-Corset-Shapewear_757e7b05d00c62c4668becc6a5edff75_images_1080_1440_mini.jpg,Rs. 3,100,None,women,http://www.myntra.com/Shapewear/Avirate/Avirate-Cream-Corset-Shapewear/64863/buy,Sold byVector Ecommerce Pvt Ltd,None,None,['32A', '32B', '32C', '32D', '34B', '34C', '34D', '36B', '36C', '36D'],None,<ul class="mk-pdpv1-product-helper mk-cf"><li class="desc-main-title">Product Description</li><li class="desc-sub-title ">Product Details</li><li class="desc-sub-text"><p>Cream corset with pink and black taping details<br/>Weave design on the cups<br/>Brand badge in front<br/>Net panel at the back<br/>Extra padded, boned and underwired<br/>Adjustable, elasticated straps<br/>Two row hook closure</p></li><li class="desc-sub-title ">Material &amp; Care</li><li class="desc-sub-text "><p>92% polyester<br/>8% spandex<br/>Hand wash</p></li></ul>,25:02:2014,None
None,Avirate Pink Brief,http://www.myntra.com/Briefs/Avirate/Avirate-Pink-Brief/59751/buy,Rs. 910,women-lingerie-sleepwear,Lingerie & Sleepwear,Avirate,http://myntra.myntassets.com/images/style/properties/Avirate-Pink-Brief_341606a3127a6313d32a12e0026c6841_images_1080_1440_mini.jpg,Rs. 1,400,None,women,http://www.myntra.com/Briefs/Avirate/Avirate-Pink-Brief/59751/buy,Sold byVector Ecommerce Pvt Ltd,None,None,['XS', 'S', 'M'],None,<ul class="mk-pdpv1-product-helper mk-cf"><li class="desc-main-title">Product Description</li><li class="desc-sub-title ">Product Details</li><li class="desc-sub-text"><p>Pink bikini <a href="../briefs">briefs</a> with pink floral print<br/> Elasticated waistband with ruffles and rosette details<br/> 100% cotton gussets</p></li><li class="desc-sub-title ">Material &amp; Care</li><li class="desc-sub-text "><p>82% nylon, 18% spandex<br/> Hand wash</p></li></ul>,25:02:2014,None
None,Avirate White & Black Polka Dot Bra AVLN100048,http://www.myntra.com/Bra/Avirate/Avirate-White-&-Black-Polka-Dot-Bra-AVLN100048/190251/buy,Rs. 850,women-lingerie-sleepwear,Lingerie & Sleepwear,Avirate,http://myntra.myntassets.com/images/style/properties/Avirate-White-&-Black-Polka-Dot-Bra-AVLN100048_f970a51568f1c87f1385bd7b88db173c_images_1080_1440_mini.jpg,None,None,women,http://www.myntra.com/Bra/Avirate/Avirate-White-&-Black-Polka-Dot-Bra-AVLN100048/190251/buy,Sold byVector Ecommerce Pvt Ltd,None,None,['32A', '32B', '32C', '32D', '34B', '34C', '34D', '36B', '36C', '36D'],None,<ul class="mk-pdpv1-product-helper mk-cf"><li class="desc-main-title">Product Description</li><li class="desc-sub-title">Style Note</li><li class="desc-sub-text " itemprop="description"><p>Meandering through the fusion of polka dots and sensual net panel arrives a bra from Avirate that lets you breathe easy with its wide neck, full support cups and fascinating design. Soft and serene in appearance, this bra lends a tempting look and feel, making it a desirable wear.</p></li><li class="desc-sub-title ">Product Details</li><li class="desc-sub-text"><p>Article Number: AVLN100048<br/>White and black bra with polka dots, has non-wired cups with net panel, bow detail and brand badge at the centre, slim elasticated band under the bust, elasticated and adjustable shoulder straps, three rows of double hook and eye closure</p></li><li class="desc-sub-title ">Material &amp; Care</li><li class="desc-sub-text "><p>85% nylon, 15% Spandex<br/>Hand wash</p></li></ul>,25:02:2014,None
None,Avirate Black Shapewear AVLN100050,http://www.myntra.com/Shapewear/Avirate/Avirate-Black-Shapewear-AVLN100050/190261/buy,Rs. 1,300,women-lingerie-sleepwear,Lingerie & Sleepwear,Avirate,http://myntra.myntassets.com/images/style/properties/Avirate-Women-Shapewear_24aaacf7d300234f0a5de89e7e3e2903_images_1080_1440_mini.jpg,None,None,women,http://www.myntra.com/Shapewear/Avirate/Avirate-Black-Shapewear-AVLN100050/190261/buy,Sold byVector Ecommerce Pvt Ltd,None,None,['32A', '32B', '32C', '32D', '34B', '34C', '34D', '36B', '36C', '36D'],None,<ul class="mk-pdpv1-product-helper mk-cf"><li class="desc-main-title">Product Description</li><li class="desc-sub-title">Style Note</li><li class="desc-sub-text " itemprop="description"><p>Take a walk on the wild side with the Sleek Shapewear from Avirate. In a breathable stretch knit, this comfortable piece of shapewear is best worn under jeans, suits, skirts and churidars.</p></li><li class="desc-sub-title ">Product Details</li><li class="desc-sub-text"><p>Article Number: ALVN100050<br/>Black shapewear<br/>Cups with mesh panels along the neckline<br/>Adjustable straps, panelled front, elasticated cut out circular shaped detail at the back, with a central bow detail at the front<br/>Press button closures at the front towards the hem</p></li><li class="desc-sub-title ">Material &amp; Care</li><li class="desc-sub-text "><p>85%nylon and 15% spandex<br/>Hand wash warm</p></li></ul>,25:02:2014,None
None,Avirate Cream Fitted Camisoles,http://www.myntra.com/Camisoles/Avirate/Avirate-Cream-Fitted-Camisoles/59698/buy,Rs. 1,885,women-lingerie-sleepwear,Lingerie & Sleepwear,Avirate,http://myntra.myntassets.com/images/style/properties/Avirate-Cream-Fitted-Camisoles_a9ba3c130ce97044dbbe43b9ac0a6c07_images_1080_1440_mini.jpg,Rs. 2,900,None,women,http://www.myntra.com/Camisoles/Avirate/Avirate-Cream-Fitted-Camisoles/59698/buy,Sold byVector Ecommerce Pvt Ltd,None,None,['XS', 'S', 'M', 'XL'],None,<ul class="mk-pdpv1-product-helper mk-cf"><li class="desc-main-title">Product Description</li><li class="desc-sub-title ">Product Details</li><li class="desc-sub-text"><p>Cream fitted slip made of stretchy net fabric, has adjustable shoulder straps, golden embellishment with a bow detail at the neckline and lace trims at the bust region and hem</p></li><li class="desc-sub-title ">Material &amp; Care</li><li class="desc-sub-text "><p>82% nylon<br/> 18% spandex<br/> Hand wash</p></li></ul>,25:02:2014,None
None,Avirate Pink and White Bikini Brief,http://www.myntra.com/Briefs/Avirate/Avirate-Pink-and-White-Bikini-Brief/64871/buy,Rs. 650,women-lingerie-sleepwear,Lingerie & Sleepwear,Avirate,http://myntra.myntassets.com/images/style/properties/Avirate-Pink-and-White-Bikini-Brief_838abf651a3845de720278178b4e9fec_images_1080_1440_mini.jpg,Rs. 1,000,None,women,http://www.myntra.com/Briefs/Avirate/Avirate-Pink-and-White-Bikini-Brief/64871/buy,Sold byVector Ecommerce Pvt Ltd,None,None,['XS', 'S', 'M', 'L', 'XL'],None,<ul class="mk-pdpv1-product-helper mk-cf"><li class="desc-main-title">Product Description</li><li class="desc-sub-title ">Product Details</li><li class="desc-sub-text"><p>Pink bikini <a href="../briefs">briefs</a> with white lace and brand badge detail in front<br/> Netted back<br/>Cotton gusset</p></li><li class="desc-sub-title ">Material &amp; Care</li><li class="desc-sub-text "><p>95% polyester and 5% spandex  Gusset: cotton<br/> Hand wash</p></li></ul>,25:02:2014,None
None,Avirate Women Pink Thong Briefs AVLN100049,http://www.myntra.com/Briefs/Avirate/Avirate-Women-Pink-Thong-Briefs-AVLN100049/190257/buy,Rs. 500,women-lingerie-sleepwear,Lingerie & Sleepwear,Avirate,http://myntra.myntassets.com/images/style/properties/Avirate-Women-Pink-Briefs-AVLN100049_0c6553f0d1133d40e81d41c92db97a78_images_1080_1440_mini.jpg,None,None,women,http://www.myntra.com/Briefs/Avirate/Avirate-Women-Pink-Thong-Briefs-AVLN100049/190257/buy,Sold byVector Ecommerce Pvt Ltd,None,None,['XS', 'S', 'M', 'L', 'XL'],None,<ul class="mk-pdpv1-product-helper mk-cf"><li class="desc-main-title">Product Description</li><li class="desc-sub-title">Style Note</li><li class="desc-sub-text " itemprop="description"><p>When you get a pair of briefs that highlights your femininity then it's hard to resist. This one from Avirate lets you embrace feminine beauty while keeping you in the utmost comfort.</p></li><li class="desc-sub-title ">Product Details</li><li class="desc-sub-text"><p>Article Number: AVLN100049<br/>Pink, thong briefs, has an elasticated waistband with bow detail and brand badge at the centre, net panel along the waistband and leg openings and double layered gusset</p></li><li class="desc-sub-title ">Material &amp; Care</li><li class="desc-sub-text "><p>85% nylon, 15% Spandex<br/>Gusset: 100% cotton<br/>Hand wash</p></li></ul>,25:02:2014,None
None,Avirate Pink Bra,http://www.myntra.com/Bra/Avirate/Avirate-Pink-Bra/64882/buy,Rs. 1,040,women-lingerie-sleepwear,Lingerie & Sleepwear,Avirate,http://myntra.myntassets.com/images/style/properties/Avirate-Pink-Bra_2ae655535ecc4e1c3502cfd9844d1aeb_images_1080_1440_mini.jpg,Rs. 1,600,None,women,http://www.myntra.com/Bra/Avirate/Avirate-Pink-Bra/64882/buy,Sold byVector Ecommerce Pvt Ltd,None,None,['34B', '34C', '36B'],None,<ul class="mk-pdpv1-product-helper mk-cf"><li class="desc-main-title">Product Description</li><li class="desc-sub-title ">Product Details</li><li class="desc-sub-text"><p>Pink <a href="../bra">bra</a> with embroidery on net <br/>Brand badge in front<br/>Net panel at the back<br/>Mildly padded, underwired<br/>Adjustable, elasticated straps<br/>Two hook closure</p></li><li class="desc-sub-title ">Material &amp; Care</li><li class="desc-sub-text "><p>Nylon<br/> Hand wash</p></li></ul>,25:02:2014,None
None,Avirate Pink Bra,http://www.myntra.com/Bra/Avirate/Avirate-Pink-Bra/59728/buy,Rs. 1,170,women-lingerie-sleepwear,Lingerie & Sleepwear,Avirate,http://myntra.myntassets.com/images/style/properties/Avirate-Pink-Bra_73339f5257b31fd6ec8c80514ffe97bf_images_1080_1440_mini.jpg,Rs. 1,800,None,women,http://www.myntra.com/Bra/Avirate/Avirate-Pink-Bra/59728/buy,Sold byVector Ecommerce Pvt Ltd,None,None,['32C', '32D', '34B', '34C', '34D', '36B', '36C', '36D'],None,<ul class="mk-pdpv1-product-helper mk-cf"><li class="desc-main-title">Product Description</li><li class="desc-sub-title ">Product Details</li><li class="desc-sub-text"><p>Pink padded <a href="http://www.myntra.com/bra">bra</a> with white lace trims on the cups<br/> Adjustable straps <br/> Three row hook closure</p></li><li class="desc-sub-title ">Material &amp; Care</li><li class="desc-sub-text "><p>95% polyester and 5% spandex<br/> Hand wash</p></li></ul>,25:02:2014,None
None,Avirate Black Bra,http://www.myntra.com/Bra/Avirate/Avirate-Black-Bra/59717/buy,Rs. 1,040,women-lingerie-sleepwear,Lingerie & Sleepwear,Avirate,http://myntra.myntassets.com/images/style/properties/Avirate-Black-Bra_c33a6220112c5721eccfb98d897ab417_images_1080_1440_mini.jpg,Rs. 1,600,None,women,http://www.myntra.com/Bra/Avirate/Avirate-Black-Bra/59717/buy,Sold byVector Ecommerce Pvt Ltd,None,None,['32C', '34B', '34C', '36B'],None,<ul class="mk-pdpv1-product-helper mk-cf"><li class="desc-main-title">Product Description</li><li class="desc-sub-title ">Product Details</li><li class="desc-sub-text"><p>Style Note</p></li></ul>,25:02:2014,None
None,Avirate Pink Wired Corset Shapewear,http://www.myntra.com/Shapewear/Avirate/Avirate-Pink-Wired-Corset-Shapewear/59733/buy,Rs. 1,300,women-lingerie-sleepwear,Lingerie & Sleepwear,Avirate,http://myntra.myntassets.com/images/style/properties/Avirate-Pink-Wired-Corset-Shapewear_1ef6e74bd359c66c51643eba45fa7817_images_1080_1440_mini.jpg,Rs. 2,000,None,women,http://www.myntra.com/Shapewear/Avirate/Avirate-Pink-Wired-Corset-Shapewear/59733/buy,Sold byVector Ecommerce Pvt Ltd,None,None,['32A', '32B', '32C', '32D', '34B', '34C', '36B', '36C', '36D'],None,<ul class="mk-pdpv1-product-helper mk-cf"><li class="desc-main-title">Product Description</li><li class="desc-sub-title ">Product Details</li><li class="desc-sub-text"><p>Pink sheer corset with white trims above the cups<br/>Padded and under-wired cups with scalloped edges<br/>Adjustable straps, panelled net sides, boned at the sides<br/>Concealed hook closure at the back</p></li><li class="desc-sub-title ">Material &amp; Care</li><li class="desc-sub-text "><p>94% nylon, 6% spandex<br/>Hand wash</p></li></ul>,25:02:2014,None
None,Avirate Cream Bra,http://www.myntra.com/Bra/Avirate/Avirate-Cream-Bra/59700/buy,Rs. 1,170,women-lingerie-sleepwear,Lingerie & Sleepwear,Avirate,http://myntra.myntassets.com/images/style/properties/Avirate-Cream-Bra_d69d2c6a9938cc23564d99e155bf99e3_images_1080_1440_mini.jpg,Rs. 1,800,None,women,http://www.myntra.com/Bra/Avirate/Avirate-Cream-Bra/59700/buy,Sold byVector Ecommerce Pvt Ltd,None,None,['32C', '32D', '34B', '34C', '36B', '36C', '36D'],None,<ul class="mk-pdpv1-product-helper mk-cf"><li class="desc-main-title">Product Description</li><li class="desc-sub-title ">Product Details</li><li class="desc-sub-text"><p>Style Note</p></li></ul>,25:02:2014,None
None,Avirate Women Black Bra,http://www.myntra.com/Bra/Avirate/Avirate-Women-Black-Bra/59721/buy,Rs. 1,040,women-lingerie-sleepwear,Lingerie & Sleepwear,Avirate,http://myntra.myntassets.com/images/style/properties/Avirate-Women-Black-Bra_5794512f7f56327e10088fe84c1c3e34_images_1080_1440_mini.jpg,Rs. 1,600,None,women,http://www.myntra.com/Bra/Avirate/Avirate-Women-Black-Bra/59721/buy,Sold byVector Ecommerce Pvt Ltd,None,None,['32B', '32D', '34B', '34D'],None,<ul class="mk-pdpv1-product-helper mk-cf"><li class="desc-main-title">Product Description</li><li class="desc-sub-title">Style Note</li><li class="desc-sub-text " itemprop="description"><p>Delicately feminine, undeniably comfortable, truly versatile and immensely well designed, brassieres from Avirate makes wearing innerwear a luxury. Gorgeous and yet easily layered, this makes for an excellent innerwear addition to your wardrobe.</p></li><li class="desc-sub-title ">Product Details</li><li class="desc-sub-text"><p>Style Note</p></li><li class="desc-sub-title ">Material &amp; Care</li><li class="desc-sub-text "><p>83% nylon and 17% spandex<br/> Hand wash</p></li><li class="desc-sub-title">Size &amp; Fit</li><li class="desc-sub-text"><p>Regular fit<br/> The model (height 5'8&amp;   rdquo  and chest 33&amp;   rdquo ) is wearing a size 34B</p></li></ul>,25:02:2014,None
None,Avirate Black and Purple Bikini Brief,http://www.myntra.com/Briefs/Avirate/Avirate-Black-and-Purple-Bikini-Brief/64869/buy,Rs. 650,women-lingerie-sleepwear,Lingerie & Sleepwear,Avirate,http://myntra.myntassets.com/images/style/properties/Avirate-Black-and-Purple-Bikini-Brief_a2db13f106e5328b95630275d01c86b2_images_1080_1440_mini.jpg,Rs. 1,000,None,women,http://www.myntra.com/Briefs/Avirate/Avirate-Black-and-Purple-Bikini-Brief/64869/buy,Sold byVector Ecommerce Pvt Ltd,None,None,['XS', 'S', 'M', 'L', 'XL'],None,<ul class="mk-pdpv1-product-helper mk-cf"><li class="desc-main-title">Product Description</li><li class="desc-sub-title ">Product Details</li><li class="desc-sub-text"><p>Black bikini <a href="../briefs">briefs</a> with purple lace and brand badge detail in front<br/> Netted back<br/>Cotton gusset</p></li><li class="desc-sub-title ">Material &amp; Care</li><li class="desc-sub-text "><p>95% polyester and 5% spandex  Gusset: cotton<br/> Hand wash</p></li></ul>,25:02:2014,None
None,Avirate Black Bra AV0062B,http://www.myntra.com/Bra/Avirate/Avirate-Black-Bra-AV0062B/134054/buy,Rs. 715,women-lingerie-sleepwear,Lingerie & Sleepwear,Avirate,http://myntra.myntassets.com/images/style/properties/Avirate-Black-Bra-AV0062B_15b757b907167a36c5dd1a22f37965a2_images_1080_1440_mini.jpg,Rs. 1,100,None,women,http://www.myntra.com/Bra/Avirate/Avirate-Black-Bra-AV0062B/134054/buy,Sold byVector Ecommerce Pvt Ltd,None,None,['32A', '32B', '32C', '32D', '34B', '34C', '34D', '36B', '36C', '36D'],None,<ul class="mk-pdpv1-product-helper mk-cf"><li class="desc-main-title">Product Description</li><li class="desc-sub-title">Style Note</li><li class="desc-sub-text " itemprop="description"><p>With a lacy aesthetic, and underwired cups, this bra from Avirate combines a good aesthetic with an excellent support system. It offers all-day comfort as well.</p></li><li class="desc-sub-title ">Product Details</li><li class="desc-sub-text"><p>Article Number: AV0062B<br/>Black all lace bra with a net back, has underwired and double layered cups, scalloped edges, bow detail in-between the cups with a brand pin, adjustable shoulder straps, and double hook and eye closure at the back with three rows for adjustable fit</p></li><li class="desc-sub-title ">Material &amp; Care</li><li class="desc-sub-text "><p>85% nylon and 15% spandex<br/>Hand wash</p></li></ul>,25:02:2014,None
None,Avirate White and Black Brief,http://www.myntra.com/Briefs/Avirate/Avirate-White-and-Black-Brief/64878/buy,Rs. 520,women-lingerie-sleepwear,Lingerie & Sleepwear,Avirate,http://myntra.myntassets.com/images/style/properties/Avirate-White-and-Black-Brief_ca5ad78db2cab2e002a2bfc455052a3a_images_1080_1440_mini.jpg,Rs. 800,None,women,http://www.myntra.com/Briefs/Avirate/Avirate-White-and-Black-Brief/64878/buy,Sold byVector Ecommerce Pvt Ltd,None,None,['XS', 'S', 'M', 'L'],None,<ul class="mk-pdpv1-product-helper mk-cf"><li class="desc-main-title">Product Description</li><li class="desc-sub-title ">Product Details</li><li class="desc-sub-text"><p>White <a href="../briefs">briefs</a> with paneling and black net at the sides and back<br/> Brand badge and bow in front<br/>Cotton gusset</p></li><li class="desc-sub-title ">Material &amp; Care</li><li class="desc-sub-text "><p>95% Polyester and 5% Spandex  Gusset: cotton<br/> Hand wash</p></li></ul>,25:02:2014,None
None,Avirate Black Brief,http://www.myntra.com/Briefs/Avirate/Avirate-Black-Brief/59755/buy,Rs. 715,women-lingerie-sleepwear,Lingerie & Sleepwear,Avirate,http://myntra.myntassets.com/images/style/properties/Avirate-Black-Brief_dd14245173bace7db6e7a30d78fb83e7_images_1080_1440_mini.jpg,Rs. 1,100,None,women,http://www.myntra.com/Briefs/Avirate/Avirate-Black-Brief/59755/buy,Sold byVector Ecommerce Pvt Ltd,None,None,['S', 'M', 'L'],None,<ul class="mk-pdpv1-product-helper mk-cf"><li class="desc-main-title">Product Description</li><li class="desc-sub-title ">Product Details</li><li class="desc-sub-text"><p>Black bikini <a href="../briefs">briefs</a> with beige lace details on the front<br/> Elasticated waistband with a bow detail<br/> 100% cotton gussets</p></li><li class="desc-sub-title ">Material &amp; Care</li><li class="desc-sub-text "><p>94% nylon 6% spandex<br/> Hand wash</p></li></ul>,25:02:2014,None
None,Avirate Pink Brief,http://www.myntra.com/Briefs/Avirate/Avirate-Pink-Brief/64884/buy,Rs. 553,women-lingerie-sleepwear,Lingerie & Sleepwear,Avirate,http://myntra.myntassets.com/images/style/properties/Avirate-Pink-Brief_ba2170e532ab6f2b701027fb6f30bad6_images_1080_1440_mini.jpg,Rs. 850,None,women,http://www.myntra.com/Briefs/Avirate/Avirate-Pink-Brief/64884/buy,Sold byVector Ecommerce Pvt Ltd,None,None,['S', 'M', 'L', 'XL'],None,<ul class="mk-pdpv1-product-helper mk-cf"><li class="desc-main-title">Product Description</li><li class="desc-sub-title ">Product Details</li><li class="desc-sub-text"><p>Pink netted lace <a href="../briefs">briefs</a><br/> Brand badge in front<br/>Cotton gusset</p></li><li class="desc-sub-title ">Material &amp; Care</li><li class="desc-sub-text "><p>100% Nylon  Gusset: cotton<br/> Hand wash</p></li></ul>,25:02:2014,None
None,Avirate White Brief,http://www.myntra.com/Briefs/Avirate/Avirate-White-Brief/64883/buy,Rs. 553,women-lingerie-sleepwear,Lingerie & Sleepwear,Avirate,http://myntra.myntassets.com/images/style/properties/Avirate-White-Brief_b83f382c3db2e369d2459bfd0867c11b_images_1080_1440_mini.jpg,Rs. 850,None,women,http://www.myntra.com/Briefs/Avirate/Avirate-White-Brief/64883/buy,Sold byVector Ecommerce Pvt Ltd,None,None,['M', 'L'],None,<ul class="mk-pdpv1-product-helper mk-cf"><li class="desc-main-title">Product Description</li><li class="desc-sub-title ">Product Details</li><li class="desc-sub-text"><p>White netted lace <a href="../briefs">briefs</a><br/> Brand badge in front<br/>Cotton gusset</p></li><li class="desc-sub-title ">Material &amp; Care</li><li class="desc-sub-text "><p>100% Nylon  Gusset: cotton<br/> Hand wash</p></li></ul>,25:02:2014,None
None,Avirate Navy Blue and White Bra,http://www.myntra.com/Bra/Avirate/Avirate-Navy-Blue-and-White-Bra/64886/buy,Rs. 1,040,women-lingerie-sleepwear,Lingerie & Sleepwear,Avirate,http://myntra.myntassets.com/images/style/properties/Avirate-Navy-Blue-and-White-Bra_bdc5c0aa4db0874ce8a753dfdc8c348a_images_1080_1440_mini.jpg,Rs. 1,600,None,women,http://www.myntra.com/Bra/Avirate/Avirate-Navy-Blue-and-White-Bra/64886/buy,Sold byVector Ecommerce Pvt Ltd,None,None,['32C', '32D', '34B', '34C', '36B', '36C', '36D'],None,<ul class="mk-pdpv1-product-helper mk-cf"><li class="desc-main-title">Product Description</li><li class="desc-sub-title ">Product Details</li><li class="desc-sub-text"><p>Navy blue with white dotted <a href="../bra">bra</a>, red netted frills on the cup<br/>Brand badge and bow in front<br/>Net panel at the back<br/>Extra padded and underwired<br/>Adjustable, elasticated straps<br/>Two hook closure</p></li><li class="desc-sub-title ">Material &amp; Care</li><li class="desc-sub-text "><p>95% polyester<br/> 5% spandex<br/> Hand wash</p></li></ul>,25:02:2014,None
None,Avirate Black & White Bra,http://www.myntra.com/Bra/Avirate/Avirate-Black-&-White-Bra/59705/buy,Rs. 1,040,women-lingerie-sleepwear,Lingerie & Sleepwear,Avirate,http://myntra.myntassets.com/images/style/properties/Avirate-Black-&-White-Bra_bf16275be659c6cc596df066ee85d180_images_1080_1440_mini.jpg,Rs. 1,600,None,women,http://www.myntra.com/Bra/Avirate/Avirate-Black-&-White-Bra/59705/buy,Sold byVector Ecommerce Pvt Ltd,None,None,['32C', '34B', '34C', '36B'],None,<ul class="mk-pdpv1-product-helper mk-cf"><li class="desc-main-title">Product Description</li><li class="desc-sub-title ">Product Details</li><li class="desc-sub-text"><p>Black and white underwired<a href="http://www.myntra.com/bra"> bra</a> with black lace trims on the cups and straps<br/>Two bows on the thin straps <br/>Hook closure</p></li><li class="desc-sub-title ">Material &amp; Care</li><li class="desc-sub-text "><p>90% nylon and 10% elastane<br/> Hand wash</p></li></ul>,25:02:2014,None
None,Avirate Black Lace Bra,http://www.myntra.com/Bra/Avirate/Avirate-Black-Lace-Bra/112395/buy,Rs. 650,women-lingerie-sleepwear,Lingerie & Sleepwear,Avirate,http://myntra.myntassets.com/images/style/properties/Avirate-Women-Bra_82bb0f7083207ef143fa11e7b15da41f_images_1080_1440_mini.jpg,Rs. 1,000,None,women,http://www.myntra.com/Bra/Avirate/Avirate-Black-Lace-Bra/112395/buy,Sold byVector Ecommerce Pvt Ltd,None,None,['32B', '32C', '32D', '34B', '34C', '34D', '36B', '36C', '36D'],None,<ul class="mk-pdpv1-product-helper mk-cf"><li class="desc-main-title">Product Description</li><li class="desc-sub-title">Style Note</li><li class="desc-sub-text " itemprop="description"><p>Ensuring a good look along with comfort in their innerwear collection, Avirate's bras are extremely sought after. We love the look and delicate detailing that makes this one stand out.</p></li><li class="desc-sub-title ">Product Details</li><li class="desc-sub-text"><p>Article No.: AV0062<br/>Black bra, has adjustable shoulder straps, double layered all over lace, underwired cups, bow detail in between the cups and double adjustable hook and eye closure at the back with three rows</p></li><li class="desc-sub-title ">Material &amp; Care</li><li class="desc-sub-text "><p>60% nylon, 30% rayon and 10% lycra<br/>Hand wash</p></li></ul>,25:02:2014,None
None,Avirate Pink Nightdress,http://www.myntra.com/Nightdress/Avirate/Avirate-Pink-Nightdress/160030/buy,Rs. 1,800,women-lingerie-sleepwear,Lingerie & Sleepwear,Avirate,http://myntra.myntassets.com/images/style/properties/Avirate-Women-Nightdress_5ffee39a4ef47ad9a04b2fddafbe3799_images_1080_1440_mini.JPG,None,None,women,http://www.myntra.com/Nightdress/Avirate/Avirate-Pink-Nightdress/160030/buy,Sold byVector Ecommerce Pvt Ltd,None,None,['S', 'M', 'L', 'XL'],None,<ul class="mk-pdpv1-product-helper mk-cf"><li class="desc-main-title">Product Description</li><li class="desc-sub-title">Style Note</li><li class="desc-sub-text " itemprop="description"><p>Luxurious and sexy, this babydoll nightdress from Avirate<span class="GINGER_SOFATWARE_mark" id="c5868ba3-57b1-4224-9068-36e72954fcc7">,</span> with <span class="GINGER_SOFATWARE_mark" id="9af5003d-c237-4f12-b4ef-1188e8d6c06c">its</span> <span class="GINGER_SOFATWARE_mark" id="56e61dbd-8a7e-40c2-b8db-e9e698785b76">bright</span> magenta hue is truly <span class="GINGER_SOFATWARE_mark" id="386fd975-ad0c-4107-8e23-b70bff23650a">covetable</span>. Trimmed with <span class="GINGER_SOFATWARE_mark" id="40ff17a0-c80f-445e-a17d-c039cf0e26bc">elastane</span> blended  <span class="GINGER_SOFATWARE_mark" id="d11310f6-f6b2-475c-9ddc-c78ea41fbb19">lace</span>, we suggest you match this dress with tonal bikini briefs.</p></li><li class="desc-sub-title ">Product Details</li><li class="desc-sub-text"><p>Pink lace and net nightdress, V neck with scalloped neck and lace detail, satin bow at front<br/><span class="GINGER_SOFATWARE_mark" id="7d402884-25b2-46cb-9aa8-0f2698a5f407">Elasticated</span> and adjustable shoulder straps</p></li><li class="desc-sub-title ">Material &amp; Care</li><li class="desc-sub-text "><p>94% nylon, 4% elastane<br/><span class="GingerNoCheckStart"> </span>Hand Wash, no chlorine bleach, do not tumble dry, do not iron, do not dry clean</p><p> </p></li></ul>,25:02:2014,None
None,Avirate Women Cream Amanda Kimono Robe,http://www.myntra.com/Robe/Avirate/Avirate-Women-Cream-Amanda-Kimono-Robe/99599/buy,Rs. 1,755,women-lingerie-sleepwear,Lingerie & Sleepwear,Avirate,http://myntra.myntassets.com/images/style/properties/Avirate-Women-Cream-Amanda-Kimono-Robe_efff6b1b4157ddf81447286eac5d7145_images_1080_1440_mini.jpg,Rs. 2,700,None,women,http://www.myntra.com/Robe/Avirate/Avirate-Women-Cream-Amanda-Kimono-Robe/99599/buy,Sold byVector Ecommerce Pvt Ltd,None,None,['XS', 'S', 'M', 'L', 'XL'],None,<ul class="mk-pdpv1-product-helper mk-cf"><li class="desc-main-title">Product Description</li><li class="desc-sub-title">Style Note</li><li class="desc-sub-text " itemprop="description"><p>Relax stylishly in this satin soft "Amanda" kimono from Avirate. Cut from floral jacquard fabric this piece exudes an elegance that is truly timeless.</p></li><li class="desc-sub-title ">Product Details</li><li class="desc-sub-text"><p>Cream kimono robe, floral jacquard, shawl neck, open front, three quarter sleeves with band at hem, open fronted, patch pocket with embellishment at left chest, tie ups at waist, belt loops with belt at waist</p></li><li class="desc-sub-title ">Material &amp; Care</li><li class="desc-sub-text "><p> 100% Nylon <br/>Hand wash cold</p></li><li class="desc-sub-title">Size &amp; Fit</li><li class="desc-sub-text"><p>Regular fit<br/> The model(height 5'8"  and chest 33" ) is wearing a size XS</p></li></ul>,25:02:2014,None
None,Avirate Women Black Bikini Briefs,http://www.myntra.com/Briefs/Avirate/Avirate-Women-Black-Bikini-Briefs/99591/buy,Rs. 455,women-lingerie-sleepwear,Lingerie & Sleepwear,Avirate,http://myntra.myntassets.com/images/style/properties/Avirate-Women-Briefs_c4e0e89f7d89c13fd3f4c790fdbce507_images_1080_1440_mini.jpg,Rs. 700,None,women,http://www.myntra.com/Briefs/Avirate/Avirate-Women-Black-Bikini-Briefs/99591/buy,Sold byVector Ecommerce Pvt Ltd,None,None,['XS', 'S', 'M', 'L', 'XL'],None,<ul class="mk-pdpv1-product-helper mk-cf"><li class="desc-main-title">Product Description</li><li class="desc-sub-title">Style Note</li><li class="desc-sub-text " itemprop="description"><p>Delicate and soft to touch, this leopard printed bikini briefs from Avirate is hard to ignore. We love the broad waistband with frill patterns which adds to its flirtish charm.</p></li><li class="desc-sub-title ">Product Details</li><li class="desc-sub-text"><p>Black, netted brief, has leopard prints, a broad panel with frill patterns in the back near the waistband which extends to the front right, and bow detailing in the front centre<br/> Double layered cotton gusset<br/> Elasticated waistband</p></li><li class="desc-sub-title ">Material &amp; Care</li><li class="desc-sub-text "><p>91% nylon<br/> 9% spandex<br/> Gusset: 100% cotton<br/> Hand wash</p></li></ul>,25:02:2014,None
None,Avirate Black Thong Style Brief,http://www.myntra.com/Briefs/Avirate/Avirate-Black-Thong-Style-Brief/64876/buy,Rs. 585,women-lingerie-sleepwear,Lingerie & Sleepwear,Avirate,http://myntra.myntassets.com/images/style/properties/Avirate-Black-Thong-Style-Brief_632425bb1ce21ab445ef78dabc0be891_images_1080_1440_mini.jpg,Rs. 900,None,women,http://www.myntra.com/Briefs/Avirate/Avirate-Black-Thong-Style-Brief/64876/buy,Sold byVector Ecommerce Pvt Ltd,None,None,['XS', 'S', 'M', 'L', 'XL'],None,<ul class="mk-pdpv1-product-helper mk-cf"><li class="desc-main-title">Product Description</li><li class="desc-sub-title ">Product Details</li><li class="desc-sub-text"><p>Black thong style <a href="../briefs">briefs</a> with off white lace, embroidery and pink ribbon detail<br/> Netted back, brand badge in front<br/>Cotton gusset</p></li><li class="desc-sub-title ">Material &amp; Care</li><li class="desc-sub-text "><p>84% polyester and 16% spandex  Gusset: cotton<br/> Hand wash</p></li></ul>,25:02:2014,None
None,Avirate Light Orange Babydoll Nightdress,http://www.myntra.com/Nightdress/Avirate/Avirate-Light-Orange-Babydoll-Nightdress/59715/buy,Rs. 1,300,women-lingerie-sleepwear,Lingerie & Sleepwear,Avirate,http://myntra.myntassets.com/images/style/properties/Avirate-Light-Orange-Babydoll-Nightdress_a102634e6dea7c6ddabc90283b1d7f25_images_1080_1440_mini.jpg,Rs. 2,000,None,women,http://www.myntra.com/Nightdress/Avirate/Avirate-Light-Orange-Babydoll-Nightdress/59715/buy,Sold byVector Ecommerce Pvt Ltd,None,None,['32C', '34B', '34C', '36B'],None,<ul class="mk-pdpv1-product-helper mk-cf"><li class="desc-main-title">Product Description</li><li class="desc-sub-title ">Product Details</li><li class="desc-sub-text"><p>Peach colour babydoll, made of stretchy net fabric with embroidered lace accents in white, has adjustable shoulder straps and is open in front with a hook closure with a bow detail at the neckline</p></li><li class="desc-sub-title ">Material &amp; Care</li><li class="desc-sub-text "><p>83% nylon<br/> 17% spandex<br/> Hand wash</p></li></ul>,25:02:2014,None
None,Avirate Black and Red Bikini Brief,http://www.myntra.com/Briefs/Avirate/Avirate-Black-and-Red-Bikini-Brief/64870/buy,Rs. 650,women-lingerie-sleepwear,Lingerie & Sleepwear,Avirate,http://myntra.myntassets.com/images/style/properties/Avirate-Black-and-Red-Bikini-Brief_f5c15f66fb1b05e4881fd18e6de2c643_images_1080_1440_mini.jpg,Rs. 1,000,None,women,http://www.myntra.com/Briefs/Avirate/Avirate-Black-and-Red-Bikini-Brief/64870/buy,Sold byVector Ecommerce Pvt Ltd,None,None,['XS', 'S', 'M', 'L', 'XL'],None,<ul class="mk-pdpv1-product-helper mk-cf"><li class="desc-main-title">Product Description</li><li class="desc-sub-title ">Product Details</li><li class="desc-sub-text"><p>Black bikini <a href="../briefs">briefs</a> with red lace and brand badge detail in front<br/> Netted back<br/>Cotton gusset</p></li><li class="desc-sub-title ">Material &amp; Care</li><li class="desc-sub-text "><p>95% polyester and 5% spandex  Gusset: cotton<br/> Hand wash</p></li></ul>,25:02:2014,None
None,Avirate Blue Bra,http://www.myntra.com/Bra/Avirate/Avirate-Blue-Bra/59719/buy,Rs. 1,040,women-lingerie-sleepwear,Lingerie & Sleepwear,Avirate,http://myntra.myntassets.com/images/style/properties/Avirate-Blue-Bra_ace7cb6d826150d1e3fbb500da5b386f_images_1080_1440_mini.jpg,Rs. 1,600,None,women,http://www.myntra.com/Bra/Avirate/Avirate-Blue-Bra/59719/buy,Sold byVector Ecommerce Pvt Ltd,None,None,['32A', '32C', '32D', '34B', '34D'],None,<ul class="mk-pdpv1-product-helper mk-cf"><li class="desc-main-title">Product Description</li><li class="desc-sub-title ">Product Details</li><li class="desc-sub-text"><p>Style Note</p></li></ul>,25:02:2014,None
None,Avirate Grey Bra,http://www.myntra.com/Bra/Avirate/Avirate-Grey-Bra/59690/buy,Rs. 845,women-lingerie-sleepwear,Lingerie & Sleepwear,Avirate,http://myntra.myntassets.com/images/style/properties/Avirate-Grey-Bra_1e73151e907612a5131940e0ebe15435_images_1080_1440_mini.jpg,Rs. 1,300,None,women,http://www.myntra.com/Bra/Avirate/Avirate-Grey-Bra/59690/buy,Sold byVector Ecommerce Pvt Ltd,None,None,['32D', '34B', '34C', '36C'],None,<ul class="mk-pdpv1-product-helper mk-cf"><li class="desc-main-title">Product Description</li><li class="desc-sub-title ">Product Details</li><li class="desc-sub-text"><p>Style Note</p></li></ul>,25:02:2014,None
None,Avirate Cream Thong Style Brief,http://www.myntra.com/Briefs/Avirate/Avirate-Cream-Thong-Style-Brief/64877/buy,Rs. 585,women-lingerie-sleepwear,Lingerie & Sleepwear,Avirate,http://myntra.myntassets.com/images/style/properties/Avirate-Cream-Thong-Style-Brief_6c0b91cde6b276c4337e8f920265ed1d_images_1080_1440_mini.jpg,Rs. 900,None,women,http://www.myntra.com/Briefs/Avirate/Avirate-Cream-Thong-Style-Brief/64877/buy,Sold byVector Ecommerce Pvt Ltd,None,None,['XS', 'S', 'M', 'L', 'XL'],None,<ul class="mk-pdpv1-product-helper mk-cf"><li class="desc-main-title">Product Description</li><li class="desc-sub-title ">Product Details</li><li class="desc-sub-text"><p>Cream  thong style <a href="../briefs">briefs</a> with lace, embroidery and pink ribbon detail<br/> Netted back, brand badge in front<br/>Cotton gusset</p></li><li class="desc-sub-title ">Material &amp; Care</li><li class="desc-sub-text "><p>84% polyester and 16% spandex  Gusset: cotton<br/> Hand wash</p></li></ul>,25:02:2014,None
None,Avirate Red & White Brief,http://www.myntra.com/Briefs/Avirate/Avirate-Red-&-White-Brief/59704/buy,Rs. 585,women-lingerie-sleepwear,Lingerie & Sleepwear,Avirate,http://myntra.myntassets.com/images/style/properties/Avirate-Red-&-White-Brief_06d60a42ee90e6d9ac09119727494c03_images_1080_1440_mini.jpg,Rs. 900,None,women,http://www.myntra.com/Briefs/Avirate/Avirate-Red-&-White-Brief/59704/buy,Sold byVector Ecommerce Pvt Ltd,None,None,['XS', 'S', 'M'],None,<ul class="mk-pdpv1-product-helper mk-cf"><li class="desc-main-title">Product Description</li><li class="desc-sub-title ">Product Details</li><li class="desc-sub-text"><p>Red and white printed <a href="../briefs">briefs</a> with trims and bow details<br/> Elasticated waist band <br/> 100% cotton gussets</p></li><li class="desc-sub-title ">Material &amp; Care</li><li class="desc-sub-text "><p>86% nylon, 14% spandex<br/> Hand wash</p></li></ul>,25:02:2014,None
None,Avirate Black & White Brief,http://www.myntra.com/Briefs/Avirate/Avirate-Black-&-White-Brief/59703/buy,Rs. 585,women-lingerie-sleepwear,Lingerie & Sleepwear,Avirate,http://myntra.myntassets.com/images/style/properties/Avirate-Black-&-White-Brief_6ad37e4d6b7e64d8607fc8e14a13baea_images_1080_1440_mini.jpg,Rs. 900,None,women,http://www.myntra.com/Briefs/Avirate/Avirate-Black-&-White-Brief/59703/buy,Sold byVector Ecommerce Pvt Ltd,None,None,['XS', 'S', 'M'],None,<ul class="mk-pdpv1-product-helper mk-cf"><li class="desc-main-title">Product Description</li><li class="desc-sub-title ">Product Details</li><li class="desc-sub-text"><p>Black and grey printed <a href="../briefs">briefs</a> with trims and bow details<br/> Elasticated waist band <br/> 100% cotton gussets</p></li><li class="desc-sub-title ">Material &amp; Care</li><li class="desc-sub-text "><p>86% nylon, 14% spandex<br/> Hand wash</p></li></ul>,25:02:2014,None
None,Avirate White Brief,http://www.myntra.com/Briefs/Avirate/Avirate-White-Brief/59753/buy,Rs. 488,women-lingerie-sleepwear,Lingerie & Sleepwear,Avirate,http://myntra.myntassets.com/images/style/properties/Avirate-White-Brief_77d2862ab5e228c60a7807066b09cc7a_images_1080_1440_mini.jpg,Rs. 750,None,women,http://www.myntra.com/Briefs/Avirate/Avirate-White-Brief/59753/buy,Sold byVector Ecommerce Pvt Ltd,None,None,['XS', 'S', 'M', 'L', 'XL'],None,<ul class="mk-pdpv1-product-helper mk-cf"><li class="desc-main-title">Product Description</li><li class="desc-sub-title ">Product Details</li><li class="desc-sub-text"><p>White bikini <a href="../briefs">briefs</a> with pink trims<br/> Mesh back<br/> 100% cotton gussets</p></li><li class="desc-sub-title ">Material &amp; Care</li><li class="desc-sub-text "><p>92% polyester 8% elastane<br/> Hand wash</p></li></ul>,25:02:2014,None
None,Avirate Pink Bra AVLN100051,http://www.myntra.com/Bra/Avirate/Avirate-Pink-Bra-AVLN100051/190254/buy,Rs. 950,women-lingerie-sleepwear,Lingerie & Sleepwear,Avirate,http://myntra.myntassets.com/images/style/properties/Avirate-Pink-Bra-AVLN100051_480eb2a23c3708a9082ed7e5625c0429_images_1080_1440_mini.jpg,None,None,women,http://www.myntra.com/Bra/Avirate/Avirate-Pink-Bra-AVLN100051/190254/buy,Sold byVector Ecommerce Pvt Ltd,None,None,['32A', '32B', '32C', '32D', '34B', '34C', '34D', '36B', '36C', '36D'],None,<ul class="mk-pdpv1-product-helper mk-cf"><li class="desc-main-title">Product Description</li><li class="desc-sub-title">Style Note</li><li class="desc-sub-text " itemprop="description"><p>Meandering through the fusion of fine work and sensual net panel arrives a bra from Avirate that lets you breathe easy with its wide neck, full support cups and fascinating design. Soft and serene in appearance, this bra lends a tempting look and feel, making it a desirable wear.</p></li><li class="desc-sub-title ">Product Details</li><li class="desc-sub-text"><p>Article Number: AVLN100051<br/>Pink bra, has underwired cups with net panel, bow detail and brand badge at the centre, elasticated and adjustable shoulder straps, three rows of double hook and eye closure</p></li><li class="desc-sub-title ">Material &amp; Care</li><li class="desc-sub-text "><p>85% nylon, 15% Spandex<br/>Hand wash</p></li></ul>,25:02:2014,None
None,Avirate Purple & Black Brief,http://www.myntra.com/Briefs/Avirate/Avirate-Purple-&-Black-Brief/59734/buy,Rs. 585,women-lingerie-sleepwear,Lingerie & Sleepwear,Avirate,http://myntra.myntassets.com/images/style/properties/Avirate-Purple-&-Black-Brief_9a70edfb7342ca9084c845322e02a5dd_images_1080_1440_mini.jpg,Rs. 900,None,women,http://www.myntra.com/Briefs/Avirate/Avirate-Purple-&-Black-Brief/59734/buy,Sold byVector Ecommerce Pvt Ltd,None,None,['XS', 'S', 'M', 'L', 'XL'],None,<ul class="mk-pdpv1-product-helper mk-cf"><li class="desc-main-title">Product Description</li><li class="desc-sub-title ">Product Details</li><li class="desc-sub-text"><p>Purple and black brief with elasticated waistband, lace detail and flower detail on the front<br/> 100% cotton gussets</p></li><li class="desc-sub-title ">Material &amp; Care</li><li class="desc-sub-text "><p>100% nylon<br/> Hand wash</p></li></ul>,25:02:2014,None
None,Avirate White Brief,http://www.myntra.com/Briefs/Avirate/Avirate-White-Brief/64880/buy,Rs. 488,women-lingerie-sleepwear,Lingerie & Sleepwear,Avirate,http://myntra.myntassets.com/images/style/properties/Avirate-White-Brief_de35e7b3648574650bc2c53eda63c4e8_images_1080_1440_mini.jpg,Rs. 750,None,women,http://www.myntra.com/Briefs/Avirate/Avirate-White-Brief/64880/buy,Sold byVector Ecommerce Pvt Ltd,None,None,['S', 'M', 'L', 'XL'],None,<ul class="mk-pdpv1-product-helper mk-cf"><li class="desc-main-title">Product Description</li><li class="desc-sub-title ">Product Details</li><li class="desc-sub-text"><p>White <a href="../briefs">briefs</a> with lace panel on the right side<br/> Brand badge in front<br/>Cotton gusset</p></li><li class="desc-sub-title ">Material &amp; Care</li><li class="desc-sub-text "><p>Polyester  Gusset: cotton<br/> Hand wash</p></li></ul>,25:02:2014,None
None,Avirate Cream Bra,http://www.myntra.com/Bra/Avirate/Avirate-Cream-Bra/64865/buy,Rs. 1,365,women-lingerie-sleepwear,Lingerie & Sleepwear,Avirate,http://myntra.myntassets.com/images/style/properties/Avirate-Cream-Bra_bdd782606975d95523343e48195b6720_images_1080_1440_mini.jpg,Rs. 2,100,None,women,http://www.myntra.com/Bra/Avirate/Avirate-Cream-Bra/64865/buy,Sold byVector Ecommerce Pvt Ltd,None,None,['32A', '32C', '32D', '34B', '34C', '34D', '36B', '36C', '36D'],None,<ul class="mk-pdpv1-product-helper mk-cf"><li class="desc-main-title">Product Description</li><li class="desc-sub-title ">Product Details</li><li class="desc-sub-text"><p>Cream <a href="../bra">bra</a> with pink and black taping details<br/>Weave design on the cups<br/>Brand badge in front<br/>Net panel at the back<br/>Extra padded and underwired<br/>Adjustable, elasticated straps<br/>Two hook closure</p></li><li class="desc-sub-title ">Material &amp; Care</li><li class="desc-sub-text "><p>92% polyester<br/> 8% spandex<br/> Hand wash</p></li></ul>,25:02:2014,None
None,Avirate Women Cream Briefs,http://www.myntra.com/Briefs/Avirate/Avirate-Women-Cream-Briefs/112397/buy,Rs. 306,women-lingerie-sleepwear,Lingerie & Sleepwear,Avirate,http://myntra.myntassets.com/images/style/properties/Avirate-Women-Briefs_de53123cd421929f8fbef17577e6c1fd_images_1080_1440_mini.jpg,Rs. 470,None,women,http://www.myntra.com/Briefs/Avirate/Avirate-Women-Cream-Briefs/112397/buy,Sold byVector Ecommerce Pvt Ltd,None,None,['S', 'M', 'L'],None,<ul class="mk-pdpv1-product-helper mk-cf"><li class="desc-main-title">Product Description</li><li class="desc-sub-title">Style Note</li><li class="desc-sub-text " itemprop="description"><p>Ensuring a good look along with comfort in their innerwear collection, Avirate's briefs are extremely sought after. We love the look and delicate detailing that makes this one stand out.</p></li><li class="desc-sub-title ">Product Details</li><li class="desc-sub-text"><p>Article No.: AV0065<br/>Cream briefs with floral print, has elasticated waistband, scalloped edges, double layered gusset, bow, lace and ribbon detail in front and a net back</p></li><li class="desc-sub-title ">Material &amp; Care</li><li class="desc-sub-text "><p>95% polyester and 5% spandex<br/>Gusset: 100% cotton<br/>Hand wash</p></li></ul>,25:02:2014,None
