None,Puma Men Black Axis XT II Sports Shoes,http://www.myntra.com/sports-shoes/puma/puma-men-black-axis-xt-ii-sports-shoes/159201/buy,Rs. 2,549,men-footwear-new-arrivals,Footwear,Style Centrum,http://myntra.myntassets.com/images/style/properties/Puma-Men-Black-Axis-XT-II-Sports-Shoes_2a200068d37ab2cf09fc9edd5956a65f_images_1080_1440_mini.jpg,Rs. 2,999,None,men,http://www.myntra.com/sports-shoes/puma/puma-men-black-axis-xt-ii-sports-shoes/159201/buy,Sold byVector Ecommerce Pvt Ltd,None,None,['6', '7', '8', '9', '10', '11'],None,<ul class="mk-pdpv1-product-helper mk-cf"><li class="desc-main-title">Product Description</li><li class="desc-sub-title">Style Note</li><li class="desc-sub-text " itemprop="description"><p>Offering supreme comfort and support, this pair of sports shoes from Puma is great for working out and daily wear alike. Style with a graphic T-shirt and washed denims for an active weekend outdoors.</p></li><li class="desc-sub-title ">Product Details</li><li class="desc-sub-text"><p>Round toed, black sports shoes with blue and silver accents, has central lace-ups and low top styling<br/>Synthetic upper with stitched overlays, formstrip on the side, multiple branding and reinforced heel collar<br/>Padded mesh tongue and soft inner, cushioned footbed<br/>Injected EVA midsole<br/>Tough rubber outsole with flex grooves for traction, extends to the front of shoe and decoupled heel<br/>Warranty: 3 months for manufacturing defect only</p></li><li class="desc-sub-title ">Material &amp; Care</li><li class="desc-sub-text "><p>Mesh and synthetic<br/>Wipe with a clean, dry cloth when needed<br/>Click <a href="http://www.myntra.com/sports-synthetic-care">here</a> for the perfect care products for synthetic sports shoes</p><p></p></li><li class="desc-sub-title">Size &amp; Fit</li><li class="desc-sub-text"><br/></li></ul>,25:02:2014,None
None,Adidas Men White ALCOR SYN Sports Shoes,http://www.myntra.com/sports-shoes/adidas/adidas-men-white-alcor-syn-sports-shoes/173618/buy,Rs. 2,699,men-footwear-new-arrivals,Footwear,Style Centrum,http://myntra.myntassets.com/images/style/properties/Adidas-Men-White-ALCOR-SYN-Sports-Shoes_8b975026883579d22ca1addcf49fe10a_images_1080_1440_mini.jpg,Rs. 2,999,None,men,http://www.myntra.com/sports-shoes/adidas/adidas-men-white-alcor-syn-sports-shoes/173618/buy,Sold byVector Ecommerce Pvt Ltd,None,None,['6', '7', '8', '9', '10', '11'],None,<ul class="mk-pdpv1-product-helper mk-cf"><li class="desc-main-title">Product Description</li><li class="desc-sub-title">Style Note</li><li class="desc-sub-text " itemprop="description"><p>Take outdoor training and running to the next level with these shoes from Adidas. Constructed for better comfort and cushioning, these sport shoes are your ideal go-to pair. You can team these with jeans and tees for an effortlessly laid back look.</p></li><li class="desc-sub-title ">Product Details</li><li class="desc-sub-text"><p>Round toed, white sports shoes with silver toned accents, has central lace ups with low top styling<br/>Polyester mesh upper for light weight and breathability, synthetic overlays<br/>Padded tongue, inner and footbed with branding<br/>Injected EVA midsole for long term lightweight cushioning<br/>Rubber outsole with good traction features and best durability in high wear areas<br/>Warranty: 3 months from the date of purchase, against manufacturing defects</p></li><li class="desc-sub-title ">Material &amp; Care</li><li class="desc-sub-text "><p>Mesh and synthetic<br/>Wipe with clean, dry cloth to keep clean<br/>Click <a href="http://www.myntra.com/sports-synthetic-care">here</a> for the perfect care products for synthetic sports shoes</p></li></ul>,25:02:2014,None
None,Language Men Navy Casual Shoes,http://www.myntra.com/casual-shoes/language/language-men-navy-casual-shoes/164912/buy,Rs. 3,591,men-footwear-new-arrivals,Footwear,Style Centrum,http://myntra.myntassets.com/images/style/properties/Language-Men-Navy-Blue-Casual-Shoes_ab7af913889194d85a465647898954d8_images_1080_1440_mini.jpg,Rs. 3,990,None,men,http://www.myntra.com/casual-shoes/language/language-men-navy-casual-shoes/164912/buy,Sold byVector Ecommerce Pvt Ltd,None,None,['6.5', '7', '7.5', '8', '9', '9.5', '11'],None,<ul class="mk-pdpv1-product-helper mk-cf"><li class="desc-main-title">Product Description</li><li class="desc-sub-title">Style Note</li><li class="desc-sub-text " itemprop="description"><p>Crafted from the finest leather, this slip-on shoe from Language is  designed to offer comfort at its best, without compromising on style.  Packed with features that offer luxurious comfort, this pair makes you  look best when paired with casuals and classy accessories.</p></li><li class="desc-sub-title ">Product Details</li><li class="desc-sub-text"><p>Round toed, navy blue, textured casual shoes<br/>Leather upper  with stitched detail and overlays<br/>Cushioned footbed with perforated insert at one side, branding at the heel region<br/>TPR outsole with nubs<br/>Warranty: 6 months from the date of purchase</p></li><li class="desc-sub-title ">Material &amp; Care</li><li class="desc-sub-text "><p>Leather<br/> Remove dust and dirt with damp clean cloth<br/> Do not store in direct sunlight</p></li></ul>,25:02:2014,None
None,Puma Men White Lithium Rubber Sports Shoes,http://www.myntra.com/sports-shoes/puma/puma-men-white-lithium-rubber-sports-shoes/171400/buy,Rs. 2,804,men-footwear-new-arrivals,Footwear,Style Centrum,http://myntra.myntassets.com/images/style/properties/Puma-Men-White-Lithium-Rubber-Sports-Shoes_85921b8cd601487909bfa926ed4abbbe_images_1080_1440_mini.jpg,Rs. 3,299,None,men,http://www.myntra.com/sports-shoes/puma/puma-men-white-lithium-rubber-sports-shoes/171400/buy,Sold byVector Ecommerce Pvt Ltd,None,None,['UK6', 'UK7', 'UK8', 'UK9', 'UK10', 'UK11'],None,<ul class="mk-pdpv1-product-helper mk-cf"><li class="desc-main-title">Product Description</li><li class="desc-sub-title">Style Note</li><li class="desc-sub-text " itemprop="description"><p>With a clean vamp, stitch details throughout, and a unique formstripe finish, the Puma Lithium Rubber Ind has a sporty silhouette that's perfect for runs. Team this pair up with jeans and a graphic tee for a cool casual look.</p></li><li class="desc-sub-title ">Product Details</li><li class="desc-sub-text"><p>Round toed, white sports shoes with green highlights, central lace-ups and low top styling<br/>Synthetic upper with overlay and stitched detail<br/>Multiple branding on the upper<br/>Reinforced overlay at the heel collar <br/>Soft and padded tongue with branding<br/>Soft and padded footbed with branding<br/>Thick midsole for extra support and comfort<br/>Tough and textured outsole with spiked nubs<br/>Warranty: 3 months for manufacturing defects only</p></li><li class="desc-sub-title ">Material &amp; Care</li><li class="desc-sub-text "><p>Synthetic<br/>Wipe with a clean, dry cloth when needed<br/>Click <a href="http://www.myntra.com/sports-synthetic-care">here</a> for the perfect care products for synthetic sports shoes</p></li></ul>,25:02:2014,None
None,Globalite Men Brown Groove II Casual Shoes,http://www.myntra.com/casual-shoes/globalite/globalite-men-brown-groove-ii-casual-shoes/158824/buy,Rs. 699,men-footwear-new-arrivals,Footwear,Style Centrum,http://myntra.myntassets.com/images/style/properties/Globalite-Men-Brown-Groove-II-Casual-Shoes_fca38fd1a4da5682370fa20b0d98e565_images_1080_1440_mini.jpg,None,None,men,http://www.myntra.com/casual-shoes/globalite/globalite-men-brown-groove-ii-casual-shoes/158824/buy,Sold byVector Ecommerce Pvt Ltd,None,None,['6', '7', '8', '9', '10'],None,<ul class="mk-pdpv1-product-helper mk-cf"><li class="desc-main-title">Product Description</li><li class="desc-sub-title">Style Note</li><li class="desc-sub-text " itemprop="description"><p>This stylish pair from Globalite is the perfect combination of style and comfort. We recommend you team this with a pair of jeans and casual tee for a relaxed and stylish look.</p></li><li class="desc-sub-title ">Product Details</li><li class="desc-sub-text"><p>Round toed, brown casual shoes with central lace-ups and low top styling<br/>Synthetic upper with branding, stitched detail and cut-out detail at the sides<br/>Soft footbed with a textured sockliner with branding<br/>Tough and textured outsole with deep grooves<br/>Warranty: 3 months from date of purchase, against manufacturing defects only</p></li><li class="desc-sub-title ">Material &amp; Care</li><li class="desc-sub-text "><p>Synthetic<br/>Wipe with a clean, dry cloth when needed</p></li></ul>,25:02:2014,None
None,GAS Men Black Loafers,http://www.myntra.com/casual-shoes/gas/gas-men-black-loafers/209313/buy,Rs. 2,199,men-footwear-new-arrivals,Footwear,Style Centrum,http://myntra.myntassets.com/images/style/properties/GAS-Men-Black-Loafers_d06e3a92b6c120d69573aeb2ce62a655_images_1080_1440_mini.jpg,None,None,men,http://www.myntra.com/casual-shoes/gas/gas-men-black-loafers/209313/buy,Sold byVector Ecommerce Pvt Ltd,None,None,['6', '7', '8', '9', '10'],None,<ul class="mk-pdpv1-product-helper mk-cf"><li class="desc-main-title">Product Description</li><li class="desc-sub-title">Style Note</li><li class="desc-sub-text " itemprop="description"><p>Flaunt this trendy pair of shoes from GAS this season. Super comfy and versatile, team this with your track packs for a refined style.</p></li><li class="desc-sub-title ">Product Details</li><li class="desc-sub-text"><p>Round toed, black loafers, low tops with slip-on styling<br/>Synthetic upper, overylays with stitched detail<br/>Reinforced heel collar, cushioned insole with branding at the heel and midsole<br/>Textured rubber outsole with branding<br/>Warranty: 3 months</p></li><li class="desc-sub-title ">Material &amp; Care</li><li class="desc-sub-text "><p>Synthetic<br/> Wipe with a dry, clean cloth when needed<br/>Click <a href="http://www.myntra.com/synthetic-care">here</a> for the perfect care products for synthetic shoes</p></li></ul>,25:02:2014,None
None,Nike Men Black Dewired In Casual Shoes,http://www.myntra.com/casual-shoes/nike/nike-men-black-dewired-in-casual-shoes/167973/buy,Rs. 2,291,men-footwear-new-arrivals,Footwear,Style Centrum,http://myntra.myntassets.com/images/style/properties/Nike-Men-Black-DEWIRED-IN-Casual-Shoes_b7c7464f7e6861fd59cf9eca770cd965_images_1080_1440_mini.jpg,Rs. 2,695,None,men,http://www.myntra.com/casual-shoes/nike/nike-men-black-dewired-in-casual-shoes/167973/buy,Sold byVector Ecommerce Pvt Ltd,None,None,['6', '7', '8', '9', '10', '11', '12'],None,<ul class="mk-pdpv1-product-helper mk-cf"><li class="desc-main-title">Product Description</li><li class="desc-sub-title">Style Note</li><li class="desc-sub-text " itemprop="description"><p>Whether chilling out in a lounge or out for a stroll at a mall, this pair of lifestyle shoes from Nike will be an ideal partner for a relaxed evening. It features an understated design, yet is appealing and contemporary. Team it with denims and a trendy tee for a laid-back look.</p></li><li class="desc-sub-title ">Product Details</li><li class="desc-sub-text"><p>Round toed, black shoes with low top styling and central lace-ups<br/>Canvas upper with stitched overlays, multiple branding and reinforced heel collar for a comfortable fit<br/>Cushioned footbed, branding on the tongue<br/>Thick rubber midsole<br/>Rubber outsole with grooves for traction<br/>Warranty: 6 months against manufacturing defects  (not valid on products with more than 20% discount)</p></li><li class="desc-sub-title ">Material &amp; Care</li><li class="desc-sub-text "><p>Canvas<br/>Use a clean cloth to remove dust and dirt</p></li></ul>,25:02:2014,None
None,Adidas Men Black Brizo Flip Flops,http://www.myntra.com/flip-flops/adidas/adidas-men-black-brizo-flip-flops/155327/buy,Rs. 1,104,men-footwear-new-arrivals,Footwear,Style Centrum,http://myntra.myntassets.com/images/style/properties/Adidas-Men-Black-BRIZO-Flip-Flops_55864c534a76ee3c24f08da28ada1b24_images_1080_1440_mini.jpg,Rs. 1,299,None,men,http://www.myntra.com/flip-flops/adidas/adidas-men-black-brizo-flip-flops/155327/buy,Sold byVector Ecommerce Pvt Ltd,None,None,['6', '7', '8', '9', '10', '11', '12'],None,<ul class="mk-pdpv1-product-helper mk-cf"><li class="desc-main-title">Product Description</li><li class="desc-sub-title">Style Note</li><li class="desc-sub-text " itemprop="description"><p>Adidas created this pair of super cool flip flops for those who want fashion doubled with comfort. Pair them with a tee and your favourite slept-in style denims for a casual outing.</p></li><li class="desc-sub-title ">Product Details</li><li class="desc-sub-text"><p>Open toed, black flip flops with slip-on styling<br/>Has a thong style strap with branding on it<br/>Cushioned footbed with tri-stripe patterns and branding at the heel region<br/>Textured tough rubber outsole<br/>Warranty: 3 months</p></li><li class="desc-sub-title ">Material &amp; Care</li><li class="desc-sub-text "><p>Synthetic and rubber<br/> Wipe with a moist cloth to remove dirt<br/>Click <a href="http://www.myntra.com/synthetic-care">here</a> for the perfect care products for synthetic shoes</p></li></ul>,25:02:2014,None
None,Roadster Men Red Casual Shoes,http://www.myntra.com/casual-shoes/roadster/roadster-men-red-casual-shoes/168631/buy,Rs. 839,men-footwear-new-arrivals,Footwear,Style Centrum,http://myntra.myntassets.com/images/style/properties/Roadster-Men-Red-Casual-Shoes_1bd115e9932ab2e87acf9aed75d0b751_images_1080_1440_mini.jpg,Rs. 1,399,None,men,http://www.myntra.com/casual-shoes/roadster/roadster-men-red-casual-shoes/168631/buy,Sold byVector Ecommerce Pvt Ltd,None,None,['6', '7', '8', '9', '10', '11'],None,<ul class="mk-pdpv1-product-helper mk-cf"><li class="desc-main-title">Product Description</li><li class="desc-sub-title">Style Note</li><li class="desc-sub-text " itemprop="description"><p>These trendy and stylish pair of casual shoes from Roadster, is sure to up your style quotient. We suggest that you team this with a pair of blue jeans and a casual shirt, when heading out with friends.</p></li><li class="desc-sub-title ">Product Details</li><li class="desc-sub-text"><p>Round toed, red casual shoes with low top styling and central lace-ups<br/>Canvas upper, has stitched overlays and reinforced heel collar, branding at the backfoot<br/>Soft tongue and padded footbed with branding at the heel<br/>Tough outsole with patterned grooves<br/>Warranty: 3 months from the date of purchase, against manufacturing defects only</p></li><li class="desc-sub-title ">Material &amp; Care</li><li class="desc-sub-text "><p>Canvas<br/>Use a clean, dry cloth when needed<br/>Click <a href="http://www.myntra.com/textile-care">here</a> for the perfect care products for shoes made of textile/fabric</p></li></ul>,25:02:2014,None
None,Puma Men White Axis Ind Sports Shoes,http://www.myntra.com/sports-shoes/puma/puma-men-white-axis-ind-sports-shoes/109178/buy,Rs. 2,519,men-footwear-new-arrivals,Footwear,Style Centrum,http://myntra.myntassets.com/images/style/properties/Puma-Men-White-Axis-Ind-Sports-Shoes_7faa08069f1299099b0533d4e9255421_images_1080_1440_mini.jpg,Rs. 2,799,None,men,http://www.myntra.com/sports-shoes/puma/puma-men-white-axis-ind-sports-shoes/109178/buy,Sold byVector Ecommerce Pvt Ltd,None,None,['6', '7', '8', '9', '10', '11'],None,<ul class="mk-pdpv1-product-helper mk-cf"><li class="desc-main-title">Product Description</li><li class="desc-sub-title">Style Note</li><li class="desc-sub-text " itemprop="description"><p>Puma infuses style and durability into the new Axis II collection. They are comfortable, stylish and a definite must have in your footwear collection.</p></li><li class="desc-sub-title ">Product Details</li><li class="desc-sub-text"><p>Round toed sports shoe with a mesh upper<br/>Grey and black overlay detailing<br/>Silver accents in striped pattern at the side, Puma cat branding on one side at midfoot region<br/>Reinforced overlay at the toe and heel collar<br/>Branding at the heel region<br/>Padded tongue with a mesh upper and branding<br/>Soft padded footbed with branding at the heel region<br/>Tough textured outsole with deep grooves<br/>Warranty: 3 months against manufacturing defects</p></li><li class="desc-sub-title ">Material &amp; Care</li><li class="desc-sub-text "><p>Mesh<br/>Wipe with a clean dry cloth when needed</p></li></ul>,25:02:2014,None
None,Levis Men Purple Casual Shoes,http://www.myntra.com/casual-shoes/levis/levis-men-purple-casual-shoes/167144/buy,Rs. 2,999,men-footwear-new-arrivals,Footwear,Style Centrum,http://myntra.myntassets.com/images/style/properties/Levis-Men-Purple-Casual-Shoes_7d2fcb2f36788ef4b910fcd78494cf70_images_1080_1440_mini.jpg,None,None,men,http://www.myntra.com/casual-shoes/levis/levis-men-purple-casual-shoes/167144/buy,Sold byVector Ecommerce Pvt Ltd,None,None,['6', '7', '8', '9', '10', '11'],None,<ul class="mk-pdpv1-product-helper mk-cf"><li class="desc-main-title">Product Description</li><li class="desc-sub-title">Style Note</li><li class="desc-sub-text " itemprop="description"><p>These trendy shoes from Levi's are for men who want to look stylish without trying too hard. A superbly comfortable option, this pair guarantees to add a suave touch to any casual ensemble. We recommend you pair this with denims, a plain tee and a cool hoodie for an effortlessly stylish look.</p></li><li class="desc-sub-title ">Product Details</li><li class="desc-sub-text"><p>Round toed, purple casual shoes with central lace-ups and mid top styling<br/>Synthetic upper with stitched overlays, zipper detail on one side and reinforced heel collar<br/>Soft tongue and inner, cushioned footbed with branding at the heel<br/>Thick midsole with stitched detail<br/>Rubber outsole with textured grooves<br/>Warranty: 3 months against manufacturing defects</p></li><li class="desc-sub-title ">Material &amp; Care</li><li class="desc-sub-text "><p>Synthetic<br/>Wipe with a clean, dry cloth when needed</p></li><li class="desc-sub-title">Size &amp; Fit</li><li class="desc-sub-text"><br/></li></ul>,25:02:2014,None
None,ASICS Men White Gel Challanger 9 Tennis Shoes,http://www.myntra.com/sports-shoes/asics/asics-men-white-gel-challanger-9-tennis-shoes/228094/buy,Rs. 5,999,men-footwear-new-arrivals,Footwear,Style Centrum,http://myntra.myntassets.com/images/style/properties/ASICS-Men-White-Gel-Challanger-9-Tennis-Shoes_06bf574494f53e6acce44c6269d6e3d7_images_1080_1440_mini.jpg,None,None,men,http://www.myntra.com/sports-shoes/asics/asics-men-white-gel-challanger-9-tennis-shoes/228094/buy,Sold byVector Ecommerce Pvt Ltd,None,None,['7', '8', '9', '10', '11', '12'],None,<ul class="mk-pdpv1-product-helper mk-cf"><li class="desc-main-title">Product Description</li><li class="desc-sub-title">Style Note</li><li class="desc-sub-text " itemprop="description"><p>Sports shoes from ASICS pack performance, fit and cushioning into a sleek package. This pair of shoes has been built on a new and improved midsole and outsole. The GEL-Challenger 9 continues its tradition of being a great tennis shoe that utilizes a broad range of ASICS performance technologies. Pair these with your tennis ensemble for that perfect match.</p></li><li class="desc-sub-title ">Product Details</li><li class="desc-sub-text"><p>Round toed, white sports shoes with grey, orange and silver toned accents, multiple branding, central lace-ups and low top styling<br/>Breathable air mesh upper with PGuard, GEL Cushioning System, P.H.F (Personal Heel Fit), Solyte Midsole material, Trusstic, Width Specific Standard, SpEVA Lasting 55 and SpEVA midsole along with stitched details, overlays and a reinforced heel collar<br/>Soft tongue with branding and cushioned footbed with branding at the heel featuring a removable sockliner moulded from EVA or SpEVA<br/>AHAR ASICS High Abrasion Resistant rubber on the outersole with patterned grooves<br/>Warranty: 3 months from the date of purchase, against manufacturing defects</p></li><li class="desc-sub-title ">Material &amp; Care</li><li class="desc-sub-text "><p>Synthetic and mesh<br/>Wipe with a clean, dry cloth when needed<br/>Click <a href="http://www.myntra.com/sports-synthetic-care">here</a> for the perfect care products for synthetic sports shoes</p></li></ul>,25:02:2014,None
None,Sole Threads Men Green & Blue Flip Flops,http://www.myntra.com/flip-flops/sole-threads/sole-threads-men-green-blue-flip-flops/181863/buy,Rs. 299,men-footwear-new-arrivals,Footwear,Style Centrum,http://myntra.myntassets.com/images/style/properties/Sole-Threads-Men-Green-&-Blue-Flip-Flops_1876f2423a6a9c38bf66f9d8e31dd23a_images_1080_1440_mini.jpg,None,None,men,http://www.myntra.com/flip-flops/sole-threads/sole-threads-men-green-blue-flip-flops/181863/buy,Sold byVector Ecommerce Pvt Ltd,None,None,['6', '7', '8', '9', '10', '11'],None,<ul class="mk-pdpv1-product-helper mk-cf"><li class="desc-main-title">Product Description</li><li class="desc-sub-title">Style Note</li><li class="desc-sub-text " itemprop="description"><p>These flip flops from Sole Threads add oodles of style to your casual    look. Sleek design combined with comfy fit, they function excellently   as home wear, beach wear and for quick errands.</p></li><li class="desc-sub-title ">Product Details</li><li class="desc-sub-text"><p>Open toed, green and blue flip flops with slip-on styling<br/>Has thong straps with branding<br/>EVA footbed with branding at the heel<br/>Tough and textured outsole with circular grooves and multiple branding<br/>Warranty: 3 months against manufacturing defects</p></li><li class="desc-sub-title ">Material &amp; Care</li><li class="desc-sub-text "><p>PVC and EVA<br/>Wipe with a soft, wet cloth only</p></li></ul>,25:02:2014,None
None,Globalite Men Tan Brown Groove II Casual Shoes,http://www.myntra.com/casual-shoes/globalite/globalite-men-tan-brown-groove-ii-casual-shoes/158826/buy,Rs. 699,men-footwear-new-arrivals,Footwear,Style Centrum,http://myntra.myntassets.com/images/style/properties/Globalite-Men-Tan-Brown-Groove-II-Casual-Shoes_d1f17475098ae2aa765a6f0bed974e73_images_1080_1440_mini.JPG,None,None,men,http://www.myntra.com/casual-shoes/globalite/globalite-men-tan-brown-groove-ii-casual-shoes/158826/buy,Sold byVector Ecommerce Pvt Ltd,None,None,['6', '7', '8', '9', '10'],None,<ul class="mk-pdpv1-product-helper mk-cf"><li class="desc-main-title">Product Description</li><li class="desc-sub-title">Style Note</li><li class="desc-sub-text " itemprop="description"><p>This stylish pair from Globalite is the perfect combination of style and comfort. We recommend you team this with a pair of jeans and casual tee for a relaxed and stylish look.</p></li><li class="desc-sub-title ">Product Details</li><li class="desc-sub-text"><p>Round toed, tan brown casual shoes with contrast central lace-ups and low top styling<br/>Synthetic upper with branding, contrast stitched detail and cut-out detail at the sides<br/>Soft footbed with a textured sockliner with branding<br/>Tough and textured outsole with deep grooves<br/>Warranty: 3 months from date of purchase, against manufacturing defects only</p></li><li class="desc-sub-title ">Material &amp; Care</li><li class="desc-sub-text "><p>Synthetic<br/>Wipe with a clean, dry cloth when needed</p></li></ul>,25:02:2014,None
None,Puma Men Exsis II Ind. Black Running Shoes,http://www.myntra.com/sports-shoes/puma/puma-men-exsis-ii-ind-black-running-shoes/107367/buy,Rs. 2,974,men-footwear-new-arrivals,Footwear,Style Centrum,http://myntra.myntassets.com/images/style/properties/Puma-Men-Casual-Shoes_a87c1ff7ac5b774d9a8dcda0a2ec6d64_images_1080_1440_mini.jpg,Rs. 3,499,None,men,http://www.myntra.com/sports-shoes/puma/puma-men-exsis-ii-ind-black-running-shoes/107367/buy,Sold byVector Ecommerce Pvt Ltd,None,None,['6', '7', '8', '9', '10', '11'],None,<ul class="mk-pdpv1-product-helper mk-cf"><li class="desc-main-title">Product Description</li><li class="desc-sub-title">Style Note</li><li class="desc-sub-text " itemprop="description"><p>A neutral running shoe, the Cell Exsis by Puma derives inspiration from their very best offerings. It's decoupled heel and midsole heel grooves allow for a smooth touchdown while the flexible and responsive forefoot encourages a smooth toe off. A great buy for runners who look for high performance at reasonable prices.</p></li><li class="desc-sub-title ">Product Details</li><li class="desc-sub-text"><p>Round toed, black lightweight shoes, with central lace up<br/>Premium mesh uppers with synthetic overlays to ensure comfort and protection against moisture, form stripes along the lateral side<br/>Screen printed Cat logo on the collar, tongue and toe region<br/>Soft footbed, Lightweight injected EVA midsole with TPU ArchTec shank and heel ldCell<br/>Ever track rubber outsole with grooves for traction<br/>Warranty: 3 months against manufacturing defects only</p></li><li class="desc-sub-title ">Material &amp; Care</li><li class="desc-sub-text "><p>Mesh and synthetic leather<br/>Wipe with a clean, dry cloth when needed<br/>Click <a href="http://www.myntra.com/sports-synthetic-care">here</a> for the perfect care products for synthetic sports shoes</p><p></p></li><li class="desc-sub-title">Size &amp; Fit</li><li class="desc-sub-text"><br/></li></ul>,25:02:2014,None
None,Levis Men Black Leather Casual Shoes,http://www.myntra.com/casual-shoes/levis/levis-men-black-leather-casual-shoes/173182/buy,Rs. 3,999,men-footwear-new-arrivals,Footwear,Style Centrum,http://myntra.myntassets.com/images/style/properties/Levis-Men-Black-Leather-Casual-Shoes_12f0dfc3d3a9375ed91b9401dbed7d8e_images_1080_1440_mini.JPG,None,None,men,http://www.myntra.com/casual-shoes/levis/levis-men-black-leather-casual-shoes/173182/buy,Sold byVector Ecommerce Pvt Ltd,None,None,['6.5', '7.5', '8', '9', '10', '10.5', '11'],None,<ul class="mk-pdpv1-product-helper mk-cf"><li class="desc-main-title">Product Description</li><li class="desc-sub-title">Style Note</li><li class="desc-sub-text " itemprop="description"><p>This pair of trendy shoes from Levi's guarantees to add a suave touch to any casual ensemble. We recommend that you pair this with distressed denims, and a plain tee for an effortlessly stylish look.</p></li><li class="desc-sub-title ">Product Details</li><li class="desc-sub-text"><p>Round toed, black casual shoes with brown accents, central lace-ups and mid top styling<br/>Leather, textured upper with overlays, stitched detail, branding on one side, reinforced heel collar with a pull loop detail<br/>Soft tongue with branding and cushioned footbed with branding on the heel<br/>Tough and textured outsole with branding<br/>Warranty: 3 months against manufacturing defects</p></li><li class="desc-sub-title ">Material &amp; Care</li><li class="desc-sub-text "><p>Leather<br/>Use a branded leather conditioner to clean the product<br/>Click <a href="http://www.myntra.com/black-smooth-leather-care">here</a> for the perfect care products for black leather shoes</p></li></ul>,25:02:2014,None
None,GAS Men Black Area Casual Shoes,http://www.myntra.com/casual-shoes/gas/gas-men-black-area-casual-shoes/209318/buy,Rs. 2,449,men-footwear-new-arrivals,Footwear,Style Centrum,http://myntra.myntassets.com/images/style/properties/GAS-Men-Black-Area-Casual-Shoes_082ad72a19ad8db9683dde60ecd683a0_images_1080_1440_mini.jpg,Rs. 3,499,None,men,http://www.myntra.com/casual-shoes/gas/gas-men-black-area-casual-shoes/209318/buy,Sold byVector Ecommerce Pvt Ltd,None,None,['6', '7', '8', '9', '10'],None,<ul class="mk-pdpv1-product-helper mk-cf"><li class="desc-main-title">Product Description</li><li class="desc-sub-title">Style Note</li><li class="desc-sub-text " itemprop="description"><p>This pair of casual shoes from GAS, with its sleek design and material, provides comfort and boosts your style quotient instantly. Team this pair with denims and a tee to make a style statement.</p></li><li class="desc-sub-title ">Product Details</li><li class="desc-sub-text"><p>Round toed, black casual shoes with low top styling and central lace-ups<br/>Synthetic, textured upper with overlays, stitched detail at the seams of the forefoot, branding on one side, lacing detail at the backfoot near the mouth, and reinforced overlay at the heel collar with branding<br/>Padded tongue with branding and cushioned footbed with branding at the heel<br/>Tough outsole with patterned grooves and branding<br/>Warranty: 3 months against manufacturing defects</p></li><li class="desc-sub-title ">Material &amp; Care</li><li class="desc-sub-text "><p>Synthetic<br/>Wipe with a clean, dry cloth when needed<br/>Click <a href="http://www.myntra.com/synthetic-care">here</a> for the perfect care products for synthetic shoes</p></li></ul>,25:02:2014,None
None,Roadster Men Red Casual Shoes,http://www.myntra.com/casual-shoes/roadster/roadster-men-red-casual-shoes/168646/buy,Rs. 719,men-footwear-new-arrivals,Footwear,Style Centrum,http://myntra.myntassets.com/images/style/properties/Roadster-Men-Red-Casual-Shoes_07912cd527e2747848819791313f1b01_images_1080_1440_mini.jpg,Rs. 1,199,None,men,http://www.myntra.com/casual-shoes/roadster/roadster-men-red-casual-shoes/168646/buy,Sold byVector Ecommerce Pvt Ltd,None,None,['6', '7', '8', '9', '10', '11'],None,<ul class="mk-pdpv1-product-helper mk-cf"><li class="desc-main-title">Product Description</li><li class="desc-sub-title">Style Note</li><li class="desc-sub-text " itemprop="description"><p>Roadster gives you a fail safe casual shoe option. We love the sleek design that is backed with comfort and a cool look. Wear with faded blue jeans and roll up the hems to let the shoes style your look.</p></li><li class="desc-sub-title ">Product Details</li><li class="desc-sub-text"><p>Round toed red casual shoes with low top styling and central lace-ups<br/>Fabric upper, has reinforced overlay and branding at back of heel<br/>Light padding on the inside, soft tongue with branding, cushioned footbed, branding on the heel<br/>Tough and durable outsole with waffle patterned grooves<br/>Warranty: 3 months from the date of purchase, against manufacturing defects only</p></li><li class="desc-sub-title ">Material &amp; Care</li><li class="desc-sub-text "><p>Fabric<br/>Wipe surface with soft, clean cloth to remove dust<br/>Click <a href="http://www.myntra.com/textile-care">here</a> for the perfect care products for shoes made of textile/fabric</p></li><li class="desc-sub-title">Size &amp; Fit</li><li class="desc-sub-text"><br/></li></ul>,25:02:2014,None
None,Reebok Men White & Red Realflex Flight Sports Shoes,http://www.myntra.com/sports-shoes/reebok/reebok-men-white-red-realflex-flight-sports-shoes/214757/buy,Rs. 6,299,men-footwear-new-arrivals,Footwear,Style Centrum,http://myntra.myntassets.com/images/style/properties/Reebok-Men-White-&-Red-Realflex-Flight-Sports-Shoes_4f997b8cd48d03ffc5d96e1b3dff5c9b_images_1080_1440_mini.jpg,Rs. 6,999,None,men,http://www.myntra.com/sports-shoes/reebok/reebok-men-white-red-realflex-flight-sports-shoes/214757/buy,Sold byVector Ecommerce Pvt Ltd,None,None,['6', '7', '8', '9', '10', '11'],None,<ul class="mk-pdpv1-product-helper mk-cf"><li class="desc-main-title">Product Description</li><li class="desc-sub-title">Style Note</li><li class="desc-sub-text " itemprop="description"><p>Guaranteeing the athletic soul, maximum support, stability and functionality, these shoes by Reebok are an essential addition to your footwear arsenal or shoe rack as you embark on a running spree.</p></li><li class="desc-sub-title ">Product Details</li><li class="desc-sub-text"><p>Round toed, white and red sports shoes, has central lace-ups and low top styling<br/>Mesh upper with stitched synthetic overlays, multiple branding and reinforced heel collar<br/>Soft tongue with branding and padded inner<br/>Cushioned footbed with branding at the heel<br/>Injected EVA midsole with Realflex technology for added support<br/>Tough rubber outsole with patterned lugs for traction<br/>Warranty: 3 months warranty from the date of purchase against manufacturing defects only</p></li><li class="desc-sub-title ">Material &amp; Care</li><li class="desc-sub-text "><p>Mesh and synthetic<br/>Wipe with a clean cloth to remove dirt<br/>Click <a href="http://www.myntra.com/sports-synthetic-care">here</a> for the perfect care products for synthetic sports shoes</p></li></ul>,25:02:2014,None
None,Puma Unisex Black Techno II Sports Sandals,http://www.myntra.com/sports-sandals/puma/puma-unisex-black-techno-ii-sports-sandals/109204/buy,Rs. 1,349,men-footwear-new-arrivals,Footwear,Style Centrum,http://myntra.myntassets.com/images/style/properties/Puma-Men-Black-Techno-II-Sports-Sandals_f23c3af6e42770b07d4cac57365a3c5f_images_1080_1440_mini.jpg,Rs. 1,499,None,men,http://www.myntra.com/sports-sandals/puma/puma-unisex-black-techno-ii-sports-sandals/109204/buy,Sold byVector Ecommerce Pvt Ltd,None,None,['6', '7', '8', '9', '10', '11'],None,<ul class="mk-pdpv1-product-helper mk-cf"><li class="desc-main-title">Product Description</li><li class="desc-sub-title">Style Note</li><li class="desc-sub-text " itemprop="description"><p>Puma presents their new range of sports sandals, so stylish that you'll want to keep them on. The sleek design, enhanced cushion system and aggressive lugs at the outsole make it the ideal pair to carry when out for an adventurous trek or for any outdoor activities.</p></li><li class="desc-sub-title ">Product Details</li><li class="desc-sub-text"><p>Black sports sandals with red accents, has a forefoot strap and ankle loop with velcro closure on both<br/>Branding and stitch detail on the straps, haul loop at the back of the ankle strap <br/>Cushioned EVA footbed with honeycomb pattern<br/>Bi colour rubber outsole with lugs all over and branding near the heel<br/>Warranty: 3 month against manufacturing defects</p></li><li class="desc-sub-title ">Material &amp; Care</li><li class="desc-sub-text "><p>Synthetic, rubber<br/>Wipe with a clean dry cloth when needed</p></li></ul>,25:02:2014,None
None,Reebok Men Navy Mobile Runner Sports Shoes,http://www.myntra.com/sports-shoes/reebok/reebok-men-navy-mobile-runner-sports-shoes/218675/buy,Rs. 2,699,men-footwear-new-arrivals,Footwear,Style Centrum,http://myntra.myntassets.com/images/style/properties/Reebok-Men-Navy-Mobile-Runner-Sports-Shoes_4390876de40ca73d57447726580e0d6c_images_1080_1440_mini.jpg,Rs. 2,999,None,men,http://www.myntra.com/sports-shoes/reebok/reebok-men-navy-mobile-runner-sports-shoes/218675/buy,Sold byVector Ecommerce Pvt Ltd,None,None,['6', '7', '8', '9'],None,<ul class="mk-pdpv1-product-helper mk-cf"><li class="desc-main-title">Product Description</li><li class="desc-sub-title">Style Note</li><li class="desc-sub-text " itemprop="description"><p>Guaranteeing the athletic soul, maximum support, stability and functionality, these shoes by Reebok are an essential addition to your footwear arsenal or shoe rack as you embark on a running spree.</p></li><li class="desc-sub-title ">Product Details</li><li class="desc-sub-text"><p>Round toed, navy blue sports shoes with grey accents, has central lace-ups and low top styling<br/>Mesh upper with stitched synthetic overlays, multiple branding and reinforced heel collar with pull loop detail<br/>Soft mesh tongue with branding and padded inner<br/>Soft and cushioned footbed<br/>Tough rubber outsole with flex grooves, lugs and arched at midfoot<br/>Warranty: 3 months warranty from the date of purchase against manufacturing defects only</p></li><li class="desc-sub-title ">Material &amp; Care</li><li class="desc-sub-text "><p>Mesh and synthetic<br/>Wipe with a clean cloth to remove dirt<br/>Click <a href="http://www.myntra.com/sports-synthetic-care">here</a> for the perfect care products for synthetic sports shoes</p></li></ul>,25:02:2014,None
None,Adidas Men Alcor Grey Sports Shoes,http://www.myntra.com/sports-shoes/adidas/adidas-men-alcor-grey-sports-shoes/108109/buy,Rs. 2,399,men-footwear-new-arrivals,Footwear,Style Centrum,http://myntra.myntassets.com/images/style/properties/Adidas-Men-Alcor-M-Charcoal-Sports-Shoes_06e5f2393997da42759951ace4764879_images_1080_1440_mini.jpg,None,None,men,http://www.myntra.com/sports-shoes/adidas/adidas-men-alcor-grey-sports-shoes/108109/buy,Sold byVector Ecommerce Pvt Ltd,None,None,['6', '7', '8', '9', '10', '11', '12'],None,<ul class="mk-pdpv1-product-helper mk-cf"><li class="desc-main-title">Product Description</li><li class="desc-sub-title">Style Note</li><li class="desc-sub-text " itemprop="description"><p>Take outdoor training and running to the next level with these shoes from Adidas. Constructed for better comfort and cushioning, these sport shoes are your ideal go-to pair. You can team these with jeans and tees for an effortlessly laid back look as well.</p></li><li class="desc-sub-title ">Product Details</li><li class="desc-sub-text"><p>Round toed, sports shoes in grey with silver and yellow details, low top, has central lace ups<br/> Polyester mesh upper for light weight and breathability, synthetic overlays, has branding near heel and on tongue<br/> Padded tongue, inner and foot bed <br/>Midsole: Injected EVA for long term light weight cushioning<br/> <span style="font-style: normal  font-weight;">Out sole: Full rubber out sole with good traction features and best durability in high wear areas, upraised at toe cap<br/> Warranty: 3 months</span></p></li><li class="desc-sub-title ">Material &amp; Care</li><li class="desc-sub-text "><p>Mesh, synthetic<br/> Wipe with clean, dry cloth to keep clean<br/>Click <a href="http://www.myntra.com/sports-synthetic-care">here</a> for the perfect care products for synthetic sports shoes</p></li></ul>,25:02:2014,None
