http://www.myntra.com/boys-shirts-tshirts?nav_id=180&src=tn,/boys-shirts-tshirts,T-shirts & Shirts,http://www.myntra.com/keymon-ache?src=lnb,Keymon Ache [2]
,http://www.myntra.com/tshirts/keymon-ache/keymon-ache-girls-white-pink-printed-t-shirt/183623/buy
http://www.myntra.com/boys-shirts-tshirts?nav_id=180&src=tn,/boys-shirts-tshirts,T-shirts & Shirts,http://www.myntra.com/keymon-ache?src=lnb,Keymon Ache [2]
,http://www.myntra.com/tshirts/keymon-ache/keymon-ache-girls-yellow-printed-t-shirt/183622/buy
http://www.myntra.com/boys-shirts-tshirts?nav_id=180&src=tn,/boys-shirts-tshirts,T-shirts & Shirts,http://www.myntra.com/keymon-ache?src=lnb,Keymon Ache [2]
,http://www.myntra.com/sandals/keymon-ache/keymon-ache-girls-green-sandals/181446/buy
http://www.myntra.com/boys-shirts-tshirts?nav_id=180&src=tn,/boys-shirts-tshirts,T-shirts & Shirts,http://www.myntra.com/keymon-ache?src=lnb,Keymon Ache [2]
,http://www.myntra.com/tshirts/keymon-ache/keymon-ache-girls-yellow-and-white-printed-t-shirt/183619/buy
http://www.myntra.com/boys-shirts-tshirts?nav_id=180&src=tn,/boys-shirts-tshirts,T-shirts & Shirts,http://www.myntra.com/keymon-ache?src=lnb,Keymon Ache [2]
,http://www.myntra.com/tshirts/keymon-ache/keymon-ache-boys-red-printed-t-shirt/183617/buy
http://www.myntra.com/boys-shirts-tshirts?nav_id=180&src=tn,/boys-shirts-tshirts,T-shirts & Shirts,http://www.myntra.com/keymon-ache?src=lnb,Keymon Ache [2]
,http://www.myntra.com/lounge-pants/keymon-ache/keymon-ache-boys-dark-blue-white-printed-lounge-pa/183615/buy
http://www.myntra.com/boys-shirts-tshirts?nav_id=180&src=tn,/boys-shirts-tshirts,T-shirts & Shirts,http://www.myntra.com/keymon-ache?src=lnb,Keymon Ache [2]
,http://www.myntra.com/tshirts/keymon-ache/keymon-ache-girls-pink-hooded-t-shirt/183620/buy
http://www.myntra.com/boys-shirts-tshirts?nav_id=180&src=tn,/boys-shirts-tshirts,T-shirts & Shirts,http://www.myntra.com/keymon-ache?src=lnb,Keymon Ache [2]
,http://www.myntra.com/tshirts/keymon-ache/keymon-ache-boys-purple-printed-t-shirt/183618/buy
http://www.myntra.com/boys-shirts-tshirts?nav_id=180&src=tn,/boys-shirts-tshirts,T-shirts & Shirts,http://www.myntra.com/keymon-ache?src=lnb,Keymon Ache [2]
,http://www.myntra.com/casual-shoes/keymon-ache/keymon-ache-kids-multi-coloured-casual-shoes/181429/buy
http://www.myntra.com/boys-shirts-tshirts?nav_id=180&src=tn,/boys-shirts-tshirts,T-shirts & Shirts,http://www.myntra.com/keymon-ache?src=lnb,Keymon Ache [2]
,http://www.myntra.com/casual-shoes/keymon-ache/keymon-ache-boys-blue-yellow-sneakers/181422/buy
http://www.myntra.com/boys-shirts-tshirts?nav_id=180&src=tn,/boys-shirts-tshirts,T-shirts & Shirts,http://www.myntra.com/keymon-ache?src=lnb,Keymon Ache [2]
,http://www.myntra.com/sandals/keymon-ache/keymon-ache-kids-orange-sandals/181447/buy
http://www.myntra.com/boys-shirts-tshirts?nav_id=180&src=tn,/boys-shirts-tshirts,T-shirts & Shirts,http://www.myntra.com/keymon-ache?src=lnb,Keymon Ache [2]
,http://www.myntra.com/sandals/keymon-ache/keymon-ache-girls-white-blue-sandals/181449/buy
http://www.myntra.com/boys-shirts-tshirts?nav_id=180&src=tn,/boys-shirts-tshirts,T-shirts & Shirts,http://www.myntra.com/keymon-ache?src=lnb,Keymon Ache [2]
,http://www.myntra.com/sandals/keymon-ache/keymon-ache-girls-white-pink-sandals/181450/buy
http://www.myntra.com/boys-shirts-tshirts?nav_id=180&src=tn,/boys-shirts-tshirts,T-shirts & Shirts,http://www.myntra.com/keymon-ache?src=lnb,Keymon Ache [2]
,http://www.myntra.com/casual-shoes/keymon-ache/keymon-ache-boys-green-orange-sneakers/181421/buy
http://www.myntra.com/boys-shirts-tshirts?nav_id=180&src=tn,/boys-shirts-tshirts,T-shirts & Shirts,http://www.myntra.com/keymon-ache?src=lnb,Keymon Ache [2]
,http://www.myntra.com/casual-shoes/keymon-ache/keymon-ache-boys-white-green-sneakers/181431/buy
http://www.myntra.com/boys-shirts-tshirts?nav_id=180&src=tn,/boys-shirts-tshirts,T-shirts & Shirts,http://www.myntra.com/keymon-ache?src=lnb,Keymon Ache [2]
,http://www.myntra.com/tshirts/keymon-ache/keymon-ache-girls-pink-printed-t-shirt/183624/buy
http://www.myntra.com/boys-shirts-tshirts?nav_id=180&src=tn,/boys-shirts-tshirts,T-shirts & Shirts,http://www.myntra.com/keymon-ache?src=lnb,Keymon Ache [2]
,http://www.myntra.com/lounge-pants/keymon-ache/keymon-ache-girls-pink-printed-lounge-pants/183616/buy
