None,Juniper Women Blue Kurta,http://www.myntra.com/Kurtas/Juniper/Juniper-Women-Blue-Kurta/186763/buy,Rs. 560,sale-women-clothing,Clothing,Juniper,http://myntra.myntassets.com/images/style/properties/Juniper-Women-Kurtas_144e0311143d207f37bbe0c2a83db5b8_images_1080_1440.jpg,Rs. 1,399,None,sale,http://www.myntra.com/Kurtas/Juniper/Juniper-Women-Blue-Kurta/186763/buy,Sold byVector Ecommerce Pvt Ltd,None,None,['S', 'M', 'L', 'XL'],None,<ul class="mk-pdpv1-product-helper mk-cf"><li class="desc-main-title">Product Description</li><li class="desc-sub-title">Style Note</li><li class="desc-sub-text " itemprop="description"><p>This festive season, be ready to have all eyes on you as you get ready to steal all hearts with this pretty kurta from Juniper. It will look best worn with a matching pair of leggings and Kolhapuri chappals.</p></li><li class="desc-sub-title ">Product Details</li><li class="desc-sub-text"><p>Blue kurta, has a contrast round neck with notch, three-fourth sleeves with contrast taping at cuffs, contrast fabric panelling at front, yoke at back with pleats below</p></li><li class="desc-sub-title ">Material &amp; Care</li><li class="desc-sub-text "><p>100% rayon<br/>Dry clean</p></li><li class="desc-sub-title">Size &amp; Fit</li><li class="desc-sub-text"><p>The model (height 5'8" and chest 33") is wearing a size S</p></li></ul>,26:02:2014,None
None,Juniper Women White Jodhpuri Pants & Dupatta Set,http://www.myntra.com/Churidar-and-Dupatta/Juniper/Juniper-Women-White-Jodhpuri-Pants-&-Dupatta-Set/186767/buy,Rs. 480,sale-women-clothing,Clothing,Juniper,http://myntra.myntassets.com/images/style/properties/Juniper-Women-White-Jodhpuri-Pants-&-Dupatta-Set_26c873daced5d5636e4769a0e74d65f7_images_1080_1440_mini.jpg,Rs. 1,199,None,sale,http://www.myntra.com/Churidar-and-Dupatta/Juniper/Juniper-Women-White-Jodhpuri-Pants-&-Dupatta-Set/186767/buy,Sold byVector Ecommerce Pvt Ltd,None,None,['S', 'M', 'L', 'XL'],None,<ul class="mk-pdpv1-product-helper mk-cf"><li class="desc-main-title">Product Description</li><li class="desc-sub-title">Style Note</li><li class="desc-sub-text " itemprop="description"><p>Juniper brings you this fabulous churidar and dupatta set to liven up your ethnic wear collection. Style this piece with a solid coloured kurta and mojris for a chic ethnic look.</p></li><li class="desc-sub-title ">Product Details</li><li class="desc-sub-text"><p>White Jodhpuri pants and dupatta<br/>White Jodhpuri pants, woven, button and zip closure at front, pleats at waist, tapered legs<br/>White crushed chiffon dupatta, woven, has gold lace trim at border</p></li><li class="desc-sub-title ">Material &amp; Care</li><li class="desc-sub-text "><p>100% cotton<br/>Hand wash cold</p></li><li class="desc-sub-title">Size &amp; Fit</li><li class="desc-sub-text"><p>Length of dupatta: 250 cm<br/>Width of dupatta: 105 cm<br/>The model (height 5'8" and waist 28") is wearing a size S</p></li></ul>,26:02:2014,None
None,Juniper Women Green Anarkali Kurta,http://www.myntra.com/Kurtas/Juniper/Juniper-Women-Green-Anarkali-Kurta/186742/buy,Rs. 640,sale-women-clothing,Clothing,Juniper,http://myntra.myntassets.com/images/style/properties/Juniper-Women-Kurtas_79cef4d0620714b78be04685076556f4_images_1080_1440_mini.jpg,Rs. 1,599,None,sale,http://www.myntra.com/Kurtas/Juniper/Juniper-Women-Green-Anarkali-Kurta/186742/buy,Sold byVector Ecommerce Pvt Ltd,None,None,['S', 'M', 'L', 'XL'],None,<ul class="mk-pdpv1-product-helper mk-cf"><li class="desc-main-title">Product Description</li><li class="desc-sub-title">Style Note</li><li class="desc-sub-text " itemprop="description"><p>This festive season, be ready to have all eyes on you as you get ready to steal all hearts with this pretty kurta from Juniper. It will look best worn with a matching pair of leggings and Kolhapuri chappals.</p></li><li class="desc-sub-title ">Product Details</li><li class="desc-sub-text"><p>Green kurta, has a mandarin collar, contrast patch with overlap detailing at chest, short buttoned placket, three-fourth sleeves with tie-up and tassel detailing at cuffs, panelled body, contrast fabric taping at hem</p></li><li class="desc-sub-title ">Material &amp; Care</li><li class="desc-sub-text "><p>95% rayon, 5% cotton<br/>Hand wash</p></li><li class="desc-sub-title">Size &amp; Fit</li><li class="desc-sub-text"><p>The model (height 5'8" and chest 33") is wearing a size S</p></li></ul>,26:02:2014,None
None,Juniper Women Pink Printed Kurta,http://www.myntra.com/Kurtas/Juniper/Juniper-Women-Pink-Printed-Kurta/186752/buy,Rs. 480,sale-women-clothing,Clothing,Juniper,http://myntra.myntassets.com/images/style/properties/Juniper-Women-Purple-Red-Printed-Kurta_54ff149cade14003254bd723c3e3efd3_images_1080_1440_mini.jpg,Rs. 1,199,None,sale,http://www.myntra.com/Kurtas/Juniper/Juniper-Women-Pink-Printed-Kurta/186752/buy,Sold byVector Ecommerce Pvt Ltd,None,None,['S', 'M', 'L', 'XL'],None,<ul class="mk-pdpv1-product-helper mk-cf"><li class="desc-main-title">Product Description</li><li class="desc-sub-title">Style Note</li><li class="desc-sub-text " itemprop="description"><p>Juniper presents a range of beautiful designs inspired by the colours that truly represent India. Add a dash of style to your ethnic wardrobe with this kurta, which is sure to look great paired with contrast churidar leggings and embroidered sandals.</p></li><li class="desc-sub-title ">Product Details</li><li class="desc-sub-text"><p>Pink &amp; blue printed kurta with multi-coloured accents, woven, has a stylised round neck and tie-up detailing, three quarter sleeves, contrast panel at front and back with lace taping detail, side slits</p></li><li class="desc-sub-title ">Material &amp; Care</li><li class="desc-sub-text "><p>100% cotton<br/>Hand wash cold</p></li><li class="desc-sub-title">Size &amp; Fit</li><li class="desc-sub-text"><p>The model (height 5'8" and chest 33") is wearing a size S</p></li></ul>,26:02:2014,None
None,Juniper Women Peach Coloured Jodhpuri Pants & Dupatta Set,http://www.myntra.com/Churidar-and-Dupatta/Juniper/Juniper-Women-Peach-Coloured-Jodhpuri-Pants-&-Dupatta-Set/186768/buy,Rs. 480,sale-women-clothing,Clothing,Juniper,http://myntra.myntassets.com/images/style/properties/Juniper-Women-Peach-Coloured-Jodhpuri-Pants-&-Dupatta-Set_10c81f02d3395ef5aa5d6db2e4977812_images_1080_1440_mini.jpg,Rs. 1,199,None,sale,http://www.myntra.com/Churidar-and-Dupatta/Juniper/Juniper-Women-Peach-Coloured-Jodhpuri-Pants-&-Dupatta-Set/186768/buy,Sold byVector Ecommerce Pvt Ltd,None,None,['S', 'M', 'L', 'XL'],None,<ul class="mk-pdpv1-product-helper mk-cf"><li class="desc-main-title">Product Description</li><li class="desc-sub-title">Style Note</li><li class="desc-sub-text " itemprop="description"><p>Juniper brings you this fabulous churidar and dupatta set to liven up your ethnic wear collection. Style this piece with a solid coloured kurta and mojris for a chic ethnic look.</p></li><li class="desc-sub-title ">Product Details</li><li class="desc-sub-text"><p>Peach coloured Jodhpuri pants and dupatta<br/>Peach coloured Jodhpuri pants, woven, button and zip closure at front, pleats at waist, tapered legs<br/>Peach coloured crushed chiffon dupatta, woven, has metallic taping at border</p></li><li class="desc-sub-title ">Material &amp; Care</li><li class="desc-sub-text "><p>100% cotton<br/>Hand wash cold</p></li><li class="desc-sub-title">Size &amp; Fit</li><li class="desc-sub-text"><p>Length of dupatta: 250 cm<br/>Width of dupatta: 105 cm<br/>The model (height 5'8" and waist 28") is wearing a size S</p></li></ul>,26:02:2014,None
None,Juniper Women White Kurta,http://www.myntra.com/Kurtas/Juniper/Juniper-Women-White-Kurta/186759/buy,Rs. 480,sale-women-clothing,Clothing,Juniper,http://myntra.myntassets.com/images/style/properties/Juniper-Women-Kurtas_015a219d3793fb9d78ab48ed6601a08e_images_1080_1440_mini.jpg,Rs. 1,199,None,sale,http://www.myntra.com/Kurtas/Juniper/Juniper-Women-White-Kurta/186759/buy,Sold byVector Ecommerce Pvt Ltd,None,None,['S', 'M', 'L', 'XL'],None,<ul class="mk-pdpv1-product-helper mk-cf"><li class="desc-main-title">Product Description</li><li class="desc-sub-title">Style Note</li><li class="desc-sub-text " itemprop="description"><p>This festive season, be ready to have all eyes on you as you get ready to steal all hearts with this pretty kurta from Juniper. It will look best worn with a matching pair of leggings and Kolhapuri chappals.</p></li><li class="desc-sub-title ">Product Details</li><li class="desc-sub-text"><p>White kurta, has a contrast mandarin collar with notch, contrast taping down the front with short button placket, three-fourth sleeves with contrast cuffs, pin tucks with sequinned detailing at chest, yoke at back with pleats below, side slits</p></li><li class="desc-sub-title ">Material &amp; Care</li><li class="desc-sub-text "><p>95% cotton, 5% rayon<br/>Hand wash</p></li><li class="desc-sub-title">Size &amp; Fit</li><li class="desc-sub-text"><p>The model (height 5'8" and chest 33") is wearing a size S</p></li></ul>,26:02:2014,None
None,Juniper Women Blue Jodhpuri Pants & Dupatta Set,http://www.myntra.com/Churidar-and-Dupatta/Juniper/Juniper-Women-Blue-Jodhpuri-Pants-&-Dupatta-Set/186765/buy,Rs. 480,sale-women-clothing,Clothing,Juniper,http://myntra.myntassets.com/images/style/properties/Juniper-Women-Patiala-Kurta-Set_4c2b0c622b601608c6919d840c68c47f_images_1080_1440_mini.jpg,Rs. 1,199,None,sale,http://www.myntra.com/Churidar-and-Dupatta/Juniper/Juniper-Women-Blue-Jodhpuri-Pants-&-Dupatta-Set/186765/buy,Sold byVector Ecommerce Pvt Ltd,None,None,['S', 'M', 'L', 'XL'],None,<ul class="mk-pdpv1-product-helper mk-cf"><li class="desc-main-title">Product Description</li><li class="desc-sub-title">Style Note</li><li class="desc-sub-text " itemprop="description"><p>Juniper brings you this fabulous churidar and dupatta set to  liven up your ethnic wear collection. Style this piece with a  solid coloured kurta and mojris for a chic ethnic look.</p></li><li class="desc-sub-title ">Product Details</li><li class="desc-sub-text"><p>Blue Jodhpuri pants and dupatta<br/>Blue Jodhpuri pants, button and zip closure at front, pleats at waist, tapered legs<br/>Blue crushed dupatta, has lace trim at border</p></li><li class="desc-sub-title ">Material &amp; Care</li><li class="desc-sub-text "><p>100% cotton<br/>Hand wash cold</p></li><li class="desc-sub-title">Size &amp; Fit</li><li class="desc-sub-text"><p>Length of dupatta: 216 cm<br/>Width of dupatta: 100 cm<br/>The model (height 5'8" and waist 28") is wearing a size S</p></li></ul>,26:02:2014,None
None,Juniper Women Blue Kurta,http://www.myntra.com/Kurtas/Juniper/Juniper-Women-Blue-Kurta/186764/buy,Rs. 560,sale-women-clothing,Clothing,Juniper,http://myntra.myntassets.com/images/style/properties/Juniper-Women-Kurtas_967da3b70fbd84a6a89b7169a906e1db_images_1080_1440_mini.jpg,Rs. 1,399,None,sale,http://www.myntra.com/Kurtas/Juniper/Juniper-Women-Blue-Kurta/186764/buy,Sold byVector Ecommerce Pvt Ltd,None,None,['S', 'M', 'L', 'XL'],None,<ul class="mk-pdpv1-product-helper mk-cf"><li class="desc-main-title">Product Description</li><li class="desc-sub-title">Style Note</li><li class="desc-sub-text " itemprop="description"><p>Inspired from Indian and traditional things, this kurta by Juniper will infuse your wardrobe with a touch of femininity. Team them with a pair of contrast coloured leggings and matching strappy sandals</p></li><li class="desc-sub-title ">Product Details</li><li class="desc-sub-text"><p>Blue kurta, woven, round neck, three quarter sleeves with contrast overlay, contrast overlay at chest with embroidered panel creating a mock neckline, straight hem with contrast overlay</p></li><li class="desc-sub-title ">Material &amp; Care</li><li class="desc-sub-text "><p>100% rayon<br/>Hand wash cold</p></li><li class="desc-sub-title">Size &amp; Fit</li><li class="desc-sub-text"><p>The model (height 5'8" and chest 33") is wearing a size S</p></li></ul>,26:02:2014,None
None,Juniper Women Off-White Anarkali Kurta,http://www.myntra.com/Kurtas/Juniper/Juniper-Women-Off-White-Anarkali-Kurta/186743/buy,Rs. 640,sale-women-clothing,Clothing,Juniper,http://myntra.myntassets.com/images/style/properties/Juniper-Women-Kurtas_683b784e38aefe9e6531685aaaa9a947_images_1080_1440_mini.jpg,Rs. 1,599,None,sale,http://www.myntra.com/Kurtas/Juniper/Juniper-Women-Off-White-Anarkali-Kurta/186743/buy,Sold byVector Ecommerce Pvt Ltd,None,None,['S', 'M', 'L', 'XL'],None,<ul class="mk-pdpv1-product-helper mk-cf"><li class="desc-main-title">Product Description</li><li class="desc-sub-title">Style Note</li><li class="desc-sub-text " itemprop="description"><p>This festive season, be ready to have all eyes on you as you get ready to steal all the hearts with this pretty kurta from Juniper. It will look best worn with a matching pair of leggings and Kolhapuri chappals.</p></li><li class="desc-sub-title ">Product Details</li><li class="desc-sub-text"><p>Off-white kurta, has a mandarin collar, contrast patch with overlap detailing at chest, short loop and button placket, three-fourth sleeves with tie-up and tassels detailing at cuffs, panelled body, contrast fabric taping at hem</p></li><li class="desc-sub-title ">Material &amp; Care</li><li class="desc-sub-text "><p>95% rayon, 5% cotton<br/>Hand wash</p></li><li class="desc-sub-title">Size &amp; Fit</li><li class="desc-sub-text"><p>The model (height 5'8" and chest 33") is wearing a size S</p></li></ul>,26:02:2014,None
None,Juniper Women Green Kurta,http://www.myntra.com/Kurtas/Juniper/Juniper-Women-Green-Kurta/186751/buy,Rs. 560,sale-women-clothing,Clothing,Juniper,http://myntra.myntassets.com/images/style/properties/Juniper-Women-Kurtas_c60a46366d0c2232cca936e4692ceb1d_images_1080_1440_mini.jpg,Rs. 1,399,None,sale,http://www.myntra.com/Kurtas/Juniper/Juniper-Women-Green-Kurta/186751/buy,Sold byVector Ecommerce Pvt Ltd,None,None,['S', 'M', 'L', 'XL'],None,<ul class="mk-pdpv1-product-helper mk-cf"><li class="desc-main-title">Product Description</li><li class="desc-sub-title">Style Note</li><li class="desc-sub-text " itemprop="description"><p>Inspired from Indian and traditional things, this kurta by Juniper will infuse your wardrobe with a touch of femininity. Team them with a pair of contrast coloured leggings and matching strappy sandals</p></li><li class="desc-sub-title ">Product Details</li><li class="desc-sub-text"><p>Green kurta in a self stripe, woven, contrast panel with piping detail along V neck that stands at the  back and extends till chest, three quarter sleeves with contrast  overlays with piping, vented hem with contrast lace trim</p></li><li class="desc-sub-title ">Material &amp; Care</li><li class="desc-sub-text "><p>100% cotton<br/>Hand wash cold</p></li><li class="desc-sub-title">Size &amp; Fit</li><li class="desc-sub-text"><p>The model (height 5'8" and chest 33") is wearing a size S</p></li></ul>,26:02:2014,None
None,Juniper Women Red Jodhpuri Pants & Dupatta Set,http://www.myntra.com/Churidar-and-Dupatta/Juniper/Juniper-Women-Red-Jodhpuri-Pants-&-Dupatta-Set/186766/buy,Rs. 480,sale-women-clothing,Clothing,Juniper,http://myntra.myntassets.com/images/style/properties/Juniper-Women-Red-Jodhpuri-Pants-&-Dupatta-Set_069d59b81d500aabe6ebd11e938f55c1_images_1080_1440_mini.jpg,Rs. 1,199,None,sale,http://www.myntra.com/Churidar-and-Dupatta/Juniper/Juniper-Women-Red-Jodhpuri-Pants-&-Dupatta-Set/186766/buy,Sold byVector Ecommerce Pvt Ltd,None,None,['S', 'M', 'L', 'XL'],None,<ul class="mk-pdpv1-product-helper mk-cf"><li class="desc-main-title">Product Description</li><li class="desc-sub-title">Style Note</li><li class="desc-sub-text " itemprop="description"><p>Juniper brings you this fabulous churidar and dupatta set to liven up your ethnic wear collection. Style this piece with a solid coloured kurta and mojris for a chic ethnic look.</p></li><li class="desc-sub-title ">Product Details</li><li class="desc-sub-text"><p>Red Jodhpuri pants and dupatta<br/>Red Jodhpuri pants, woven, button and zip closure at front, pleats at waist, tapered legs<br/>Red crushed chiffon dupatta, woven, has gold lace trim at border</p></li><li class="desc-sub-title ">Material &amp; Care</li><li class="desc-sub-text "><p>100% cotton<br/>Hand wash cold</p></li><li class="desc-sub-title">Size &amp; Fit</li><li class="desc-sub-text"><p>Length of dupatta: 250 cm<br/>Width of dupatta: 105 cm<br/>The model (height 5'8" and waist 28") is wearing a size S</p></li></ul>,26:02:2014,None
None,Juniper Women Multi-Coloured Printed Kurta,http://www.myntra.com/Kurtas/Juniper/Juniper-Women-Multi-Coloured-Printed-Kurta/186760/buy,Rs. 480,sale-women-clothing,Clothing,Juniper,http://myntra.myntassets.com/images/style/properties/Juniper-Women-Multi-Coloured-Printed-Kurta_d4dbcd2859df9e4dcfb63933d4a6d86d_images_1080_1440_mini.jpg,Rs. 1,199,None,sale,http://www.myntra.com/Kurtas/Juniper/Juniper-Women-Multi-Coloured-Printed-Kurta/186760/buy,Sold byVector Ecommerce Pvt Ltd,None,None,['S', 'M', 'L', 'XL'],None,<ul class="mk-pdpv1-product-helper mk-cf"><li class="desc-main-title">Product Description</li><li class="desc-sub-title">Style Note</li><li class="desc-sub-text " itemprop="description"><p>There is a reason why every desi girl's closet has a kurta in it. When it's time for a wardrobe update, try this piece from Juniper. Style it with leggings and earthy flats for a chic daytime look.</p></li><li class="desc-sub-title ">Product Details</li><li class="desc-sub-text"><p>Multi-coloured printed kurta, woven, contrast mandarin collar with a slit, three-quarter sleeves with contrast overlays at hems, short buttoned placket, tuck and gathered detailing at either side of the placket, contrast overlay running along front centre, yoke at back with gathers below, side slits</p></li><li class="desc-sub-title ">Material &amp; Care</li><li class="desc-sub-text "><p>100% rayon<br/>Hand wash cold</p></li><li class="desc-sub-title">Size &amp; Fit</li><li class="desc-sub-text"><p>The model (height 5'8" and chest 33") is wearing a size S</p></li></ul>,26:02:2014,None
None,Juniper Women Blue Kurta & Dupatta Set,http://www.myntra.com/Kurta-and-Dupatta/Juniper/Juniper-Women-Blue-Kurta-&-Dupatta-Set/186739/buy,Rs. 800,sale-women-clothing,Clothing,Juniper,http://myntra.myntassets.com/images/style/properties/Juniper-Women-Kurta-and-Dupatta_9adc37ea1c9f002d0b5218fa862f3a27_images_1080_1440_mini.jpg,Rs. 1,999,None,sale,http://www.myntra.com/Kurta-and-Dupatta/Juniper/Juniper-Women-Blue-Kurta-&-Dupatta-Set/186739/buy,Sold byVector Ecommerce Pvt Ltd,None,None,single size,None,<ul class="mk-pdpv1-product-helper mk-cf"><li class="desc-main-title">Product Description</li><li class="desc-sub-title">Style Note</li><li class="desc-sub-text " itemprop="description"><p>Set yourself apart from the crowd with this vibrant hued kurta and dupatta set from Juniper. Designed for women with a flair for the unusual and interesting, this piece is your key to fashion forward ethnic dressing.</p></li><li class="desc-sub-title ">Product Details</li><li class="desc-sub-text"><p>Blue and mustard brown kurta and dupatta set<br/>Blue kurta, has a round neck, cap sleeves, brocade fabric taping at chest, panelled body, contrast fabric taping at hem<br/>Mustard brown net dupatta with lace border</p></li><li class="desc-sub-title ">Material &amp; Care</li><li class="desc-sub-text "><p>95% cotton, 5% polyester<br/>Hand wash<br/><br/></p></li><li class="desc-sub-title">Size &amp; Fit</li><li class="desc-sub-text"><p>Dupatta length: 250 cm<br/>Dupatta width: 157 cm<br/>The model (height 5'8" and chest 33") is wearing a size S</p></li></ul>,26:02:2014,None
None,Juniper Women Multi-Coloured Printed Kurta,http://www.myntra.com/Kurtas/Juniper/Juniper-Women-Multi-Coloured-Printed-Kurta/186761/buy,Rs. 480,sale-women-clothing,Clothing,Juniper,http://myntra.myntassets.com/images/style/properties/Juniper-Women-Multi-Coloured-Printed-Kurta_b0377fdce27adbb96ad51dfea1e68a20_images_1080_1440_mini.jpg,Rs. 1,199,None,sale,http://www.myntra.com/Kurtas/Juniper/Juniper-Women-Multi-Coloured-Printed-Kurta/186761/buy,Sold byVector Ecommerce Pvt Ltd,None,None,['S', 'M', 'L', 'XL'],None,<ul class="mk-pdpv1-product-helper mk-cf"><li class="desc-main-title">Product Description</li><li class="desc-sub-title">Style Note</li><li class="desc-sub-text " itemprop="description"><p>There is a reason why every desi girl's closet has a kurta in it. When it's time for a wardrobe update, try this piece from Juniper. Style it with leggings and earthy flats for a chic daytime look.</p></li><li class="desc-sub-title ">Product Details</li><li class="desc-sub-text"><p>Multi-coloured printed kurta, woven, contrast mandarin collar with a slit, three-quarter sleeves with contrast overlays at hems, short buttoned placket, tuck and gathered detailing at either side of the placket, contrast overlay running along front centre, yoke at back with gathers below, side slits</p></li><li class="desc-sub-title ">Material &amp; Care</li><li class="desc-sub-text "><p>100% rayon<br/>Hand wash cold</p></li><li class="desc-sub-title">Size &amp; Fit</li><li class="desc-sub-text"><p>The model (height 5'8" and chest 33") is wearing a size S</p></li></ul>,26:02:2014,None
None,Juniper Women Orange Kurta & Dupatta Set,http://www.myntra.com/Kurta-and-Dupatta/Juniper/Juniper-Women-Orange-Kurta-&-Dupatta-Set/186735/buy,Rs. 920,sale-women-clothing,Clothing,Juniper,http://myntra.myntassets.com/images/style/properties/Juniper-Women-Kurta-and-Dupatta_ba7e087f1a43888482ec2d8bdfaee829_images_1080_1440_mini.jpg,Rs. 2,299,None,sale,http://www.myntra.com/Kurta-and-Dupatta/Juniper/Juniper-Women-Orange-Kurta-&-Dupatta-Set/186735/buy,Sold byVector Ecommerce Pvt Ltd,None,None,['S', 'M', 'L', 'XL'],None,<ul class="mk-pdpv1-product-helper mk-cf"><li class="desc-main-title">Product Description</li><li class="desc-sub-title">Style Note</li><li class="desc-sub-text " itemprop="description"><p>Set yourself apart from the crowd with this vibrant hued kurta and dupatta set from Juniper. Designed for women with a flair for the unusual and interesting, this piece is your key to fashion forward ethnic dressing.</p></li><li class="desc-sub-title ">Product Details</li><li class="desc-sub-text"><p>Orange and blue kurta and dupatta set<br/>Orange kurta, has a round neck with cut-out and tie-up detailing with tassels, cap sleeves, brocade fabric taping at neckline, chest and sleeves, panelled body, contrast fabric taping at hem<br/>Blue net dupatta with lace border<br/><br/></p></li><li class="desc-sub-title ">Material &amp; Care</li><li class="desc-sub-text "><p>95% rayon, 5% polyester<br/>Hand wash<br/><br/></p></li><li class="desc-sub-title">Size &amp; Fit</li><li class="desc-sub-text"><p>Dupatta length: 250 cm<br/>Dupatta width: 157 cm<br/>The model (height 5'8" and chest 33") is wearing a size S</p></li></ul>,26:02:2014,None
None,Juniper Women Lime Green Kurta & Dupatta Set,http://www.myntra.com/Kurta-and-Dupatta/Juniper/Juniper-Women-Lime-Green-Kurta-&-Dupatta-Set/186736/buy,Rs. 960,sale-women-clothing,Clothing,Juniper,http://myntra.myntassets.com/images/style/properties/Juniper-Women-Kurta-and-Dupatta_0e266d3df45ea0eee49a1a1753b42048_images_1080_1440_mini.jpg,Rs. 2,399,None,sale,http://www.myntra.com/Kurta-and-Dupatta/Juniper/Juniper-Women-Lime-Green-Kurta-&-Dupatta-Set/186736/buy,Sold byVector Ecommerce Pvt Ltd,None,None,['S', 'M', 'L', 'XL'],None,<ul class="mk-pdpv1-product-helper mk-cf"><li class="desc-main-title">Product Description</li><li class="desc-sub-title">Style Note</li><li class="desc-sub-text " itemprop="description"><p>Inspired from Indian and traditional things, this kurta and dupatta set by Juniper will infuse your wardrobe with a touch of femininity. Team them with a pair of contrast coloured leggings and matching strappy sandals</p></li><li class="desc-sub-title ">Product Details</li><li class="desc-sub-text"><p>Lime green kurta and dupatta set<br/>Lime green kurta, has a round neck with contrast taping, short sleeves with contrast taping at cuffs, panelled body, tie-up detail at back, contrast taping along hemline, attached lining<br/>Navy net dupatta with metallic trim at border</p></li><li class="desc-sub-title ">Material &amp; Care</li><li class="desc-sub-text "><p>100% rayon<br/>Hand wash cold</p></li><li class="desc-sub-title">Size &amp; Fit</li><li class="desc-sub-text"><p>Dupatta length: 255 cm<br/>Dupatta width: 142 cm<br/>The model (height 5'8" and chest 33") is wearing a size S</p></li></ul>,26:02:2014,None
None,Juniper Women Pink Kurta,http://www.myntra.com/Kurtas/Juniper/Juniper-Women-Pink-Kurta/186750/buy,Rs. 560,sale-women-clothing,Clothing,Juniper,http://myntra.myntassets.com/images/style/properties/Juniper-Women-Kurtas_d6b735caa2b553adadb22b7bb24d2c97_images_1080_1440_mini.jpg,Rs. 1,399,None,sale,http://www.myntra.com/Kurtas/Juniper/Juniper-Women-Pink-Kurta/186750/buy,Sold byVector Ecommerce Pvt Ltd,None,None,['S', 'M', 'L', 'XL'],None,<ul class="mk-pdpv1-product-helper mk-cf"><li class="desc-main-title">Product Description</li><li class="desc-sub-title">Style Note</li><li class="desc-sub-text " itemprop="description"><p>Inspired from Indian and traditional things, this kurta by Juniper will infuse your wardrobe with a touch of femininity. Team them with a pair of contrast coloured leggings and matching strappy sandals</p></li><li class="desc-sub-title ">Product Details</li><li class="desc-sub-text"><p>Pink kurta in a self striped fabric, woven, contrast panel with piping detail along V neck that stands at the back and extends till chest, three quarter sleeves with contrast overlays with piping, vented hem with contrast lace trim</p></li><li class="desc-sub-title ">Material &amp; Care</li><li class="desc-sub-text "><p>100% cotton<br/>Hand wash cold</p></li><li class="desc-sub-title">Size &amp; Fit</li><li class="desc-sub-text"><p>The model (height 5'8" and chest 33") is wearing a size S</p></li></ul>,26:02:2014,None
None,Juniper Women Pink Printed Kurta,http://www.myntra.com/Kurtas/Juniper/Juniper-Women-Pink-Printed-Kurta/186752/buy,Rs. 480,sale-women-clothing,Clothing,Juniper,http://myntra.myntassets.com/images/style/properties/Juniper-Women-Purple-Red-Printed-Kurta_54ff149cade14003254bd723c3e3efd3_images_1080_1440_mini.jpg,Rs. 1,199,None,sale,http://www.myntra.com/Kurtas/Juniper/Juniper-Women-Pink-Printed-Kurta/186752/buy,Sold byVector Ecommerce Pvt Ltd,None,None,['S', 'M', 'L', 'XL'],None,<ul class="mk-pdpv1-product-helper mk-cf"><li class="desc-main-title">Product Description</li><li class="desc-sub-title">Style Note</li><li class="desc-sub-text " itemprop="description"><p>Juniper presents a range of beautiful designs inspired by the colours that truly represent India. Add a dash of style to your ethnic wardrobe with this kurta, which is sure to look great paired with contrast churidar leggings and embroidered sandals.</p></li><li class="desc-sub-title ">Product Details</li><li class="desc-sub-text"><p>Pink &amp; blue printed kurta with multi-coloured accents, woven, has a stylised round neck and tie-up detailing, three quarter sleeves, contrast panel at front and back with lace taping detail, side slits</p></li><li class="desc-sub-title ">Material &amp; Care</li><li class="desc-sub-text "><p>100% cotton<br/>Hand wash cold</p></li><li class="desc-sub-title">Size &amp; Fit</li><li class="desc-sub-text"><p>The model (height 5'8" and chest 33") is wearing a size S</p></li></ul>,26:02:2014,None
None,Juniper Women Green Anarkali Kurta,http://www.myntra.com/Kurtas/Juniper/Juniper-Women-Green-Anarkali-Kurta/186742/buy,Rs. 640,sale-women-clothing,Clothing,Juniper,http://myntra.myntassets.com/images/style/properties/Juniper-Women-Kurtas_79cef4d0620714b78be04685076556f4_images_1080_1440_mini.jpg,Rs. 1,599,None,sale,http://www.myntra.com/Kurtas/Juniper/Juniper-Women-Green-Anarkali-Kurta/186742/buy,Sold byVector Ecommerce Pvt Ltd,None,None,['S', 'M', 'L', 'XL'],None,<ul class="mk-pdpv1-product-helper mk-cf"><li class="desc-main-title">Product Description</li><li class="desc-sub-title">Style Note</li><li class="desc-sub-text " itemprop="description"><p>This festive season, be ready to have all eyes on you as you get ready to steal all hearts with this pretty kurta from Juniper. It will look best worn with a matching pair of leggings and Kolhapuri chappals.</p></li><li class="desc-sub-title ">Product Details</li><li class="desc-sub-text"><p>Green kurta, has a mandarin collar, contrast patch with overlap detailing at chest, short buttoned placket, three-fourth sleeves with tie-up and tassel detailing at cuffs, panelled body, contrast fabric taping at hem</p></li><li class="desc-sub-title ">Material &amp; Care</li><li class="desc-sub-text "><p>95% rayon, 5% cotton<br/>Hand wash</p></li><li class="desc-sub-title">Size &amp; Fit</li><li class="desc-sub-text"><p>The model (height 5'8" and chest 33") is wearing a size S</p></li></ul>,26:02:2014,None
None,Juniper Women Blue Kurta,http://www.myntra.com/Kurtas/Juniper/Juniper-Women-Blue-Kurta/186763/buy,Rs. 560,sale-women-clothing,Clothing,Juniper,http://myntra.myntassets.com/images/style/properties/Juniper-Women-Kurtas_144e0311143d207f37bbe0c2a83db5b8_images_1080_1440_mini.jpg,Rs. 1,399,None,sale,http://www.myntra.com/Kurtas/Juniper/Juniper-Women-Blue-Kurta/186763/buy,Sold byVector Ecommerce Pvt Ltd,None,None,['S', 'M', 'L', 'XL'],None,<ul class="mk-pdpv1-product-helper mk-cf"><li class="desc-main-title">Product Description</li><li class="desc-sub-title">Style Note</li><li class="desc-sub-text " itemprop="description"><p>This festive season, be ready to have all eyes on you as you get ready to steal all hearts with this pretty kurta from Juniper. It will look best worn with a matching pair of leggings and Kolhapuri chappals.</p></li><li class="desc-sub-title ">Product Details</li><li class="desc-sub-text"><p>Blue kurta, has a contrast round neck with notch, three-fourth sleeves with contrast taping at cuffs, contrast fabric panelling at front, yoke at back with pleats below</p></li><li class="desc-sub-title ">Material &amp; Care</li><li class="desc-sub-text "><p>100% rayon<br/>Dry clean</p></li><li class="desc-sub-title">Size &amp; Fit</li><li class="desc-sub-text"><p>The model (height 5'8" and chest 33") is wearing a size S</p></li></ul>,26:02:2014,None
None,Juniper Women Peach Coloured Jodhpuri Pants & Dupatta Set,http://www.myntra.com/Churidar-and-Dupatta/Juniper/Juniper-Women-Peach-Coloured-Jodhpuri-Pants-&-Dupatta-Set/186768/buy,Rs. 480,sale-women-clothing,Clothing,Juniper,http://myntra.myntassets.com/images/style/properties/Juniper-Women-Peach-Coloured-Jodhpuri-Pants-&-Dupatta-Set_10c81f02d3395ef5aa5d6db2e4977812_images_1080_1440_mini.jpg,Rs. 1,199,None,sale,http://www.myntra.com/Churidar-and-Dupatta/Juniper/Juniper-Women-Peach-Coloured-Jodhpuri-Pants-&-Dupatta-Set/186768/buy,Sold byVector Ecommerce Pvt Ltd,None,None,['S', 'M', 'L', 'XL'],None,<ul class="mk-pdpv1-product-helper mk-cf"><li class="desc-main-title">Product Description</li><li class="desc-sub-title">Style Note</li><li class="desc-sub-text " itemprop="description"><p>Juniper brings you this fabulous churidar and dupatta set to liven up your ethnic wear collection. Style this piece with a solid coloured kurta and mojris for a chic ethnic look.</p></li><li class="desc-sub-title ">Product Details</li><li class="desc-sub-text"><p>Peach coloured Jodhpuri pants and dupatta<br/>Peach coloured Jodhpuri pants, woven, button and zip closure at front, pleats at waist, tapered legs<br/>Peach coloured crushed chiffon dupatta, woven, has metallic taping at border</p></li><li class="desc-sub-title ">Material &amp; Care</li><li class="desc-sub-text "><p>100% cotton<br/>Hand wash cold</p></li><li class="desc-sub-title">Size &amp; Fit</li><li class="desc-sub-text"><p>Length of dupatta: 250 cm<br/>Width of dupatta: 105 cm<br/>The model (height 5'8" and waist 28") is wearing a size S</p></li></ul>,26:02:2014,None
None,Juniper Women Blue Jodhpuri Pants & Dupatta Set,http://www.myntra.com/Churidar-and-Dupatta/Juniper/Juniper-Women-Blue-Jodhpuri-Pants-&-Dupatta-Set/186765/buy,Rs. 480,sale-women-clothing,Clothing,Juniper,http://myntra.myntassets.com/images/style/properties/Juniper-Women-Patiala-Kurta-Set_4c2b0c622b601608c6919d840c68c47f_images_1080_1440_mini.jpg,Rs. 1,199,None,sale,http://www.myntra.com/Churidar-and-Dupatta/Juniper/Juniper-Women-Blue-Jodhpuri-Pants-&-Dupatta-Set/186765/buy,Sold byVector Ecommerce Pvt Ltd,None,None,['S', 'M', 'L', 'XL'],None,<ul class="mk-pdpv1-product-helper mk-cf"><li class="desc-main-title">Product Description</li><li class="desc-sub-title">Style Note</li><li class="desc-sub-text " itemprop="description"><p>Juniper brings you this fabulous churidar and dupatta set to  liven up your ethnic wear collection. Style this piece with a  solid coloured kurta and mojris for a chic ethnic look.</p></li><li class="desc-sub-title ">Product Details</li><li class="desc-sub-text"><p>Blue Jodhpuri pants and dupatta<br/>Blue Jodhpuri pants, button and zip closure at front, pleats at waist, tapered legs<br/>Blue crushed dupatta, has lace trim at border</p></li><li class="desc-sub-title ">Material &amp; Care</li><li class="desc-sub-text "><p>100% cotton<br/>Hand wash cold</p></li><li class="desc-sub-title">Size &amp; Fit</li><li class="desc-sub-text"><p>Length of dupatta: 216 cm<br/>Width of dupatta: 100 cm<br/>The model (height 5'8" and waist 28") is wearing a size S</p></li></ul>,26:02:2014,None
None,Juniper Women Multi-Coloured Printed Kurta,http://www.myntra.com/Kurtas/Juniper/Juniper-Women-Multi-Coloured-Printed-Kurta/186761/buy,Rs. 480,sale-women-clothing,Clothing,Juniper,http://myntra.myntassets.com/images/style/properties/Juniper-Women-Multi-Coloured-Printed-Kurta_b0377fdce27adbb96ad51dfea1e68a20_images_1080_1440_mini.jpg,Rs. 1,199,None,sale,http://www.myntra.com/Kurtas/Juniper/Juniper-Women-Multi-Coloured-Printed-Kurta/186761/buy,Sold byVector Ecommerce Pvt Ltd,None,None,['S', 'M', 'L', 'XL'],None,<ul class="mk-pdpv1-product-helper mk-cf"><li class="desc-main-title">Product Description</li><li class="desc-sub-title">Style Note</li><li class="desc-sub-text " itemprop="description"><p>There is a reason why every desi girl's closet has a kurta in it. When it's time for a wardrobe update, try this piece from Juniper. Style it with leggings and earthy flats for a chic daytime look.</p></li><li class="desc-sub-title ">Product Details</li><li class="desc-sub-text"><p>Multi-coloured printed kurta, woven, contrast mandarin collar with a slit, three-quarter sleeves with contrast overlays at hems, short buttoned placket, tuck and gathered detailing at either side of the placket, contrast overlay running along front centre, yoke at back with gathers below, side slits</p></li><li class="desc-sub-title ">Material &amp; Care</li><li class="desc-sub-text "><p>100% rayon<br/>Hand wash cold</p></li><li class="desc-sub-title">Size &amp; Fit</li><li class="desc-sub-text"><p>The model (height 5'8" and chest 33") is wearing a size S</p></li></ul>,26:02:2014,None
None,Juniper Women Red Jodhpuri Pants & Dupatta Set,http://www.myntra.com/Churidar-and-Dupatta/Juniper/Juniper-Women-Red-Jodhpuri-Pants-&-Dupatta-Set/186766/buy,Rs. 480,sale-women-clothing,Clothing,Juniper,http://myntra.myntassets.com/images/style/properties/Juniper-Women-Red-Jodhpuri-Pants-&-Dupatta-Set_069d59b81d500aabe6ebd11e938f55c1_images_1080_1440_mini.jpg,Rs. 1,199,None,sale,http://www.myntra.com/Churidar-and-Dupatta/Juniper/Juniper-Women-Red-Jodhpuri-Pants-&-Dupatta-Set/186766/buy,Sold byVector Ecommerce Pvt Ltd,None,None,['S', 'M', 'L', 'XL'],None,<ul class="mk-pdpv1-product-helper mk-cf"><li class="desc-main-title">Product Description</li><li class="desc-sub-title">Style Note</li><li class="desc-sub-text " itemprop="description"><p>Juniper brings you this fabulous churidar and dupatta set to liven up your ethnic wear collection. Style this piece with a solid coloured kurta and mojris for a chic ethnic look.</p></li><li class="desc-sub-title ">Product Details</li><li class="desc-sub-text"><p>Red Jodhpuri pants and dupatta<br/>Red Jodhpuri pants, woven, button and zip closure at front, pleats at waist, tapered legs<br/>Red crushed chiffon dupatta, woven, has gold lace trim at border</p></li><li class="desc-sub-title ">Material &amp; Care</li><li class="desc-sub-text "><p>100% cotton<br/>Hand wash cold</p></li><li class="desc-sub-title">Size &amp; Fit</li><li class="desc-sub-text"><p>Length of dupatta: 250 cm<br/>Width of dupatta: 105 cm<br/>The model (height 5'8" and waist 28") is wearing a size S</p></li></ul>,26:02:2014,None
None,Juniper Women Multi-Coloured Printed Kurta,http://www.myntra.com/Kurtas/Juniper/Juniper-Women-Multi-Coloured-Printed-Kurta/186760/buy,Rs. 480,sale-women-clothing,Clothing,Juniper,http://myntra.myntassets.com/images/style/properties/Juniper-Women-Multi-Coloured-Printed-Kurta_d4dbcd2859df9e4dcfb63933d4a6d86d_images_1080_1440_mini.jpg,Rs. 1,199,None,sale,http://www.myntra.com/Kurtas/Juniper/Juniper-Women-Multi-Coloured-Printed-Kurta/186760/buy,Sold byVector Ecommerce Pvt Ltd,None,None,['S', 'M', 'L', 'XL'],None,<ul class="mk-pdpv1-product-helper mk-cf"><li class="desc-main-title">Product Description</li><li class="desc-sub-title">Style Note</li><li class="desc-sub-text " itemprop="description"><p>There is a reason why every desi girl's closet has a kurta in it. When it's time for a wardrobe update, try this piece from Juniper. Style it with leggings and earthy flats for a chic daytime look.</p></li><li class="desc-sub-title ">Product Details</li><li class="desc-sub-text"><p>Multi-coloured printed kurta, woven, contrast mandarin collar with a slit, three-quarter sleeves with contrast overlays at hems, short buttoned placket, tuck and gathered detailing at either side of the placket, contrast overlay running along front centre, yoke at back with gathers below, side slits</p></li><li class="desc-sub-title ">Material &amp; Care</li><li class="desc-sub-text "><p>100% rayon<br/>Hand wash cold</p></li><li class="desc-sub-title">Size &amp; Fit</li><li class="desc-sub-text"><p>The model (height 5'8" and chest 33") is wearing a size S</p></li></ul>,26:02:2014,None
None,Juniper Women Off-White Anarkali Kurta,http://www.myntra.com/Kurtas/Juniper/Juniper-Women-Off-White-Anarkali-Kurta/186743/buy,Rs. 640,sale-women-clothing,Clothing,Juniper,http://myntra.myntassets.com/images/style/properties/Juniper-Women-Kurtas_683b784e38aefe9e6531685aaaa9a947_images_1080_1440_mini.jpg,Rs. 1,599,None,sale,http://www.myntra.com/Kurtas/Juniper/Juniper-Women-Off-White-Anarkali-Kurta/186743/buy,Sold byVector Ecommerce Pvt Ltd,None,None,['S', 'M', 'L', 'XL'],None,<ul class="mk-pdpv1-product-helper mk-cf"><li class="desc-main-title">Product Description</li><li class="desc-sub-title">Style Note</li><li class="desc-sub-text " itemprop="description"><p>This festive season, be ready to have all eyes on you as you get ready to steal all the hearts with this pretty kurta from Juniper. It will look best worn with a matching pair of leggings and Kolhapuri chappals.</p></li><li class="desc-sub-title ">Product Details</li><li class="desc-sub-text"><p>Off-white kurta, has a mandarin collar, contrast patch with overlap detailing at chest, short loop and button placket, three-fourth sleeves with tie-up and tassels detailing at cuffs, panelled body, contrast fabric taping at hem</p></li><li class="desc-sub-title ">Material &amp; Care</li><li class="desc-sub-text "><p>95% rayon, 5% cotton<br/>Hand wash</p></li><li class="desc-sub-title">Size &amp; Fit</li><li class="desc-sub-text"><p>The model (height 5'8" and chest 33") is wearing a size S</p></li></ul>,26:02:2014,None
None,Juniper Women Orange Kurta & Dupatta Set,http://www.myntra.com/Kurta-and-Dupatta/Juniper/Juniper-Women-Orange-Kurta-&-Dupatta-Set/186735/buy,Rs. 920,sale-women-clothing,Clothing,Juniper,http://myntra.myntassets.com/images/style/properties/Juniper-Women-Kurta-and-Dupatta_ba7e087f1a43888482ec2d8bdfaee829_images_1080_1440_mini.jpg,Rs. 2,299,None,sale,http://www.myntra.com/Kurta-and-Dupatta/Juniper/Juniper-Women-Orange-Kurta-&-Dupatta-Set/186735/buy,Sold byVector Ecommerce Pvt Ltd,None,None,['S', 'M', 'L', 'XL'],None,<ul class="mk-pdpv1-product-helper mk-cf"><li class="desc-main-title">Product Description</li><li class="desc-sub-title">Style Note</li><li class="desc-sub-text " itemprop="description"><p>Set yourself apart from the crowd with this vibrant hued kurta and dupatta set from Juniper. Designed for women with a flair for the unusual and interesting, this piece is your key to fashion forward ethnic dressing.</p></li><li class="desc-sub-title ">Product Details</li><li class="desc-sub-text"><p>Orange and blue kurta and dupatta set<br/>Orange kurta, has a round neck with cut-out and tie-up detailing with tassels, cap sleeves, brocade fabric taping at neckline, chest and sleeves, panelled body, contrast fabric taping at hem<br/>Blue net dupatta with lace border<br/><br/></p></li><li class="desc-sub-title ">Material &amp; Care</li><li class="desc-sub-text "><p>95% rayon, 5% polyester<br/>Hand wash<br/><br/></p></li><li class="desc-sub-title">Size &amp; Fit</li><li class="desc-sub-text"><p>Dupatta length: 250 cm<br/>Dupatta width: 157 cm<br/>The model (height 5'8" and chest 33") is wearing a size S</p></li></ul>,26:02:2014,None
None,Juniper Women Green Kurta,http://www.myntra.com/Kurtas/Juniper/Juniper-Women-Green-Kurta/186751/buy,Rs. 560,sale-women-clothing,Clothing,Juniper,http://myntra.myntassets.com/images/style/properties/Juniper-Women-Kurtas_c60a46366d0c2232cca936e4692ceb1d_images_1080_1440_mini.jpg,Rs. 1,399,None,sale,http://www.myntra.com/Kurtas/Juniper/Juniper-Women-Green-Kurta/186751/buy,Sold byVector Ecommerce Pvt Ltd,None,None,['S', 'M', 'L', 'XL'],None,<ul class="mk-pdpv1-product-helper mk-cf"><li class="desc-main-title">Product Description</li><li class="desc-sub-title">Style Note</li><li class="desc-sub-text " itemprop="description"><p>Inspired from Indian and traditional things, this kurta by Juniper will infuse your wardrobe with a touch of femininity. Team them with a pair of contrast coloured leggings and matching strappy sandals</p></li><li class="desc-sub-title ">Product Details</li><li class="desc-sub-text"><p>Green kurta in a self stripe, woven, contrast panel with piping detail along V neck that stands at the  back and extends till chest, three quarter sleeves with contrast  overlays with piping, vented hem with contrast lace trim</p></li><li class="desc-sub-title ">Material &amp; Care</li><li class="desc-sub-text "><p>100% cotton<br/>Hand wash cold</p></li><li class="desc-sub-title">Size &amp; Fit</li><li class="desc-sub-text"><p>The model (height 5'8" and chest 33") is wearing a size S</p></li></ul>,26:02:2014,None
None,Juniper Women White Jodhpuri Pants & Dupatta Set,http://www.myntra.com/Churidar-and-Dupatta/Juniper/Juniper-Women-White-Jodhpuri-Pants-&-Dupatta-Set/186767/buy,Rs. 480,sale-women-clothing,Clothing,Juniper,http://myntra.myntassets.com/images/style/properties/Juniper-Women-White-Jodhpuri-Pants-&-Dupatta-Set_26c873daced5d5636e4769a0e74d65f7_images_1080_1440_mini.jpg,Rs. 1,199,None,sale,http://www.myntra.com/Churidar-and-Dupatta/Juniper/Juniper-Women-White-Jodhpuri-Pants-&-Dupatta-Set/186767/buy,Sold byVector Ecommerce Pvt Ltd,None,None,['S', 'M', 'L', 'XL'],None,<ul class="mk-pdpv1-product-helper mk-cf"><li class="desc-main-title">Product Description</li><li class="desc-sub-title">Style Note</li><li class="desc-sub-text " itemprop="description"><p>Juniper brings you this fabulous churidar and dupatta set to liven up your ethnic wear collection. Style this piece with a solid coloured kurta and mojris for a chic ethnic look.</p></li><li class="desc-sub-title ">Product Details</li><li class="desc-sub-text"><p>White Jodhpuri pants and dupatta<br/>White Jodhpuri pants, woven, button and zip closure at front, pleats at waist, tapered legs<br/>White crushed chiffon dupatta, woven, has gold lace trim at border</p></li><li class="desc-sub-title ">Material &amp; Care</li><li class="desc-sub-text "><p>100% cotton<br/>Hand wash cold</p></li><li class="desc-sub-title">Size &amp; Fit</li><li class="desc-sub-text"><p>Length of dupatta: 250 cm<br/>Width of dupatta: 105 cm<br/>The model (height 5'8" and waist 28") is wearing a size S</p></li></ul>,26:02:2014,None
None,Juniper Women Blue Kurta,http://www.myntra.com/Kurtas/Juniper/Juniper-Women-Blue-Kurta/186764/buy,Rs. 560,sale-women-clothing,Clothing,Juniper,http://myntra.myntassets.com/images/style/properties/Juniper-Women-Kurtas_967da3b70fbd84a6a89b7169a906e1db_images_1080_1440_mini.jpg,Rs. 1,399,None,sale,http://www.myntra.com/Kurtas/Juniper/Juniper-Women-Blue-Kurta/186764/buy,Sold byVector Ecommerce Pvt Ltd,None,None,['S', 'M', 'L', 'XL'],None,<ul class="mk-pdpv1-product-helper mk-cf"><li class="desc-main-title">Product Description</li><li class="desc-sub-title">Style Note</li><li class="desc-sub-text " itemprop="description"><p>Inspired from Indian and traditional things, this kurta by Juniper will infuse your wardrobe with a touch of femininity. Team them with a pair of contrast coloured leggings and matching strappy sandals</p></li><li class="desc-sub-title ">Product Details</li><li class="desc-sub-text"><p>Blue kurta, woven, round neck, three quarter sleeves with contrast overlay, contrast overlay at chest with embroidered panel creating a mock neckline, straight hem with contrast overlay</p></li><li class="desc-sub-title ">Material &amp; Care</li><li class="desc-sub-text "><p>100% rayon<br/>Hand wash cold</p></li><li class="desc-sub-title">Size &amp; Fit</li><li class="desc-sub-text"><p>The model (height 5'8" and chest 33") is wearing a size S</p></li></ul>,26:02:2014,None
None,Juniper Women Blue Kurta & Dupatta Set,http://www.myntra.com/Kurta-and-Dupatta/Juniper/Juniper-Women-Blue-Kurta-&-Dupatta-Set/186739/buy,Rs. 800,sale-women-clothing,Clothing,Juniper,http://myntra.myntassets.com/images/style/properties/Juniper-Women-Kurta-and-Dupatta_9adc37ea1c9f002d0b5218fa862f3a27_images_1080_1440_mini.jpg,Rs. 1,999,None,sale,http://www.myntra.com/Kurta-and-Dupatta/Juniper/Juniper-Women-Blue-Kurta-&-Dupatta-Set/186739/buy,Sold byVector Ecommerce Pvt Ltd,None,None,single size,None,<ul class="mk-pdpv1-product-helper mk-cf"><li class="desc-main-title">Product Description</li><li class="desc-sub-title">Style Note</li><li class="desc-sub-text " itemprop="description"><p>Set yourself apart from the crowd with this vibrant hued kurta and dupatta set from Juniper. Designed for women with a flair for the unusual and interesting, this piece is your key to fashion forward ethnic dressing.</p></li><li class="desc-sub-title ">Product Details</li><li class="desc-sub-text"><p>Blue and mustard brown kurta and dupatta set<br/>Blue kurta, has a round neck, cap sleeves, brocade fabric taping at chest, panelled body, contrast fabric taping at hem<br/>Mustard brown net dupatta with lace border</p></li><li class="desc-sub-title ">Material &amp; Care</li><li class="desc-sub-text "><p>95% cotton, 5% polyester<br/>Hand wash<br/><br/></p></li><li class="desc-sub-title">Size &amp; Fit</li><li class="desc-sub-text"><p>Dupatta length: 250 cm<br/>Dupatta width: 157 cm<br/>The model (height 5'8" and chest 33") is wearing a size S</p></li></ul>,26:02:2014,None
None,Juniper Women Lime Green Kurta & Dupatta Set,http://www.myntra.com/Kurta-and-Dupatta/Juniper/Juniper-Women-Lime-Green-Kurta-&-Dupatta-Set/186736/buy,Rs. 960,sale-women-clothing,Clothing,Juniper,http://myntra.myntassets.com/images/style/properties/Juniper-Women-Kurta-and-Dupatta_0e266d3df45ea0eee49a1a1753b42048_images_1080_1440_mini.jpg,Rs. 2,399,None,sale,http://www.myntra.com/Kurta-and-Dupatta/Juniper/Juniper-Women-Lime-Green-Kurta-&-Dupatta-Set/186736/buy,Sold byVector Ecommerce Pvt Ltd,None,None,['S', 'M', 'L', 'XL'],None,<ul class="mk-pdpv1-product-helper mk-cf"><li class="desc-main-title">Product Description</li><li class="desc-sub-title">Style Note</li><li class="desc-sub-text " itemprop="description"><p>Inspired from Indian and traditional things, this kurta and dupatta set by Juniper will infuse your wardrobe with a touch of femininity. Team them with a pair of contrast coloured leggings and matching strappy sandals</p></li><li class="desc-sub-title ">Product Details</li><li class="desc-sub-text"><p>Lime green kurta and dupatta set<br/>Lime green kurta, has a round neck with contrast taping, short sleeves with contrast taping at cuffs, panelled body, tie-up detail at back, contrast taping along hemline, attached lining<br/>Navy net dupatta with metallic trim at border</p></li><li class="desc-sub-title ">Material &amp; Care</li><li class="desc-sub-text "><p>100% rayon<br/>Hand wash cold</p></li><li class="desc-sub-title">Size &amp; Fit</li><li class="desc-sub-text"><p>Dupatta length: 255 cm<br/>Dupatta width: 142 cm<br/>The model (height 5'8" and chest 33") is wearing a size S</p></li></ul>,26:02:2014,None
