http://www.myntra.com/men-bags-backpacks?nav_id=25&src=tn,/men-bags-backpacks,Bags & Backpacks,http://www.myntra.com/reebok-classic?src=lnb,Reebok Classic [1]
,http://www.myntra.com/tshirts/reebok-classic/reebok-classic-men-navy-neon-yellow-jersey/235947/buy
http://www.myntra.com/men-bags-backpacks?nav_id=25&src=tn,/men-bags-backpacks,Bags & Backpacks,http://www.myntra.com/reebok-classic?src=lnb,Reebok Classic [1]
,http://www.myntra.com/sports-shoes/reebok-classic/reebok-classic-men-grey-ers-1500-sports-shoes/234507/buy
http://www.myntra.com/men-bags-backpacks?nav_id=25&src=tn,/men-bags-backpacks,Bags & Backpacks,http://www.myntra.com/reebok-classic?src=lnb,Reebok Classic [1]
,http://www.myntra.com/casual-shoes/reebok-classic/reebok-classic-women-purple-on-court-v-casual-shoe/234488/buy
http://www.myntra.com/men-bags-backpacks?nav_id=25&src=tn,/men-bags-backpacks,Bags & Backpacks,http://www.myntra.com/reebok-classic?src=lnb,Reebok Classic [1]
,http://www.myntra.com/tshirts/reebok-classic/reebok-classic-men-white-blue-striped-polo-t-shirt/235958/buy
http://www.myntra.com/men-bags-backpacks?nav_id=25&src=tn,/men-bags-backpacks,Bags & Backpacks,http://www.myntra.com/reebok-classic?src=lnb,Reebok Classic [1]
,http://www.myntra.com/tshirts/reebok-classic/reebok-classic-women-pink-printed-t-shirt/235994/buy
http://www.myntra.com/men-bags-backpacks?nav_id=25&src=tn,/men-bags-backpacks,Bags & Backpacks,http://www.myntra.com/reebok-classic?src=lnb,Reebok Classic [1]
,http://www.myntra.com/tshirts/reebok-classic/reebok-classic-men-green-printed-t-shirt/235991/buy
http://www.myntra.com/men-bags-backpacks?nav_id=25&src=tn,/men-bags-backpacks,Bags & Backpacks,http://www.myntra.com/reebok-classic?src=lnb,Reebok Classic [1]
,http://www.myntra.com/tshirts/reebok-classic/reebok-classic-men-red-t-shirt/235956/buy
http://www.myntra.com/men-bags-backpacks?nav_id=25&src=tn,/men-bags-backpacks,Bags & Backpacks,http://www.myntra.com/reebok-classic?src=lnb,Reebok Classic [1]
,http://www.myntra.com/tshirts/reebok-classic/reebok-classic-men-grey-printed-t-shirt/235948/buy
http://www.myntra.com/men-bags-backpacks?nav_id=25&src=tn,/men-bags-backpacks,Bags & Backpacks,http://www.myntra.com/reebok-classic?src=lnb,Reebok Classic [1]
,http://www.myntra.com/sports-shoes/reebok-classic/reebok-classic-men-blue-rcf-lite-tr-poly-sports-sh/234515/buy
http://www.myntra.com/men-bags-backpacks?nav_id=25&src=tn,/men-bags-backpacks,Bags & Backpacks,http://www.myntra.com/reebok-classic?src=lnb,Reebok Classic [1]
,http://www.myntra.com/casual-shoes/reebok-classic/reebok-classic-men-brown-sublite-summer-ii-casual-/234491/buy
http://www.myntra.com/men-bags-backpacks?nav_id=25&src=tn,/men-bags-backpacks,Bags & Backpacks,http://www.myntra.com/reebok-classic?src=lnb,Reebok Classic [1]
,http://www.myntra.com/tshirts/reebok-classic/reebok-classic-men-black-printed-t-shirt/235966/buy
http://www.myntra.com/men-bags-backpacks?nav_id=25&src=tn,/men-bags-backpacks,Bags & Backpacks,http://www.myntra.com/reebok-classic?src=lnb,Reebok Classic [1]
,http://www.myntra.com/casual-shoes/reebok-classic/reebok-classic-men-white-blue-cl-leather-retro-cas/234489/buy
http://www.myntra.com/men-bags-backpacks?nav_id=25&src=tn,/men-bags-backpacks,Bags & Backpacks,http://www.myntra.com/reebok-classic?src=lnb,Reebok Classic [1]
,http://www.myntra.com/tshirts/reebok-classic/reebok-classic-men-navy-t-shirt/235954/buy
http://www.myntra.com/men-bags-backpacks?nav_id=25&src=tn,/men-bags-backpacks,Bags & Backpacks,http://www.myntra.com/reebok-classic?src=lnb,Reebok Classic [1]
,http://www.myntra.com/tshirts/reebok-classic/reebok-classic-men-blue-printed-t-shirt/235992/buy
http://www.myntra.com/men-bags-backpacks?nav_id=25&src=tn,/men-bags-backpacks,Bags & Backpacks,http://www.myntra.com/reebok-classic?src=lnb,Reebok Classic [1]
,http://www.myntra.com/tshirts/reebok-classic/reebok-men-grey-printed-t-shirt/235965/buy
http://www.myntra.com/men-bags-backpacks?nav_id=25&src=tn,/men-bags-backpacks,Bags & Backpacks,http://www.myntra.com/reebok-classic?src=lnb,Reebok Classic [1]
,http://www.myntra.com/tshirts/reebok-classic/reebok-classics-men-white-blue-t-shirt/235952/buy
http://www.myntra.com/men-bags-backpacks?nav_id=25&src=tn,/men-bags-backpacks,Bags & Backpacks,http://www.myntra.com/reebok-classic?src=lnb,Reebok Classic [1]
,http://www.myntra.com/tshirts/reebok-classic/reebok-classic-men-white-printed-t-shirt/235951/buy
http://www.myntra.com/men-bags-backpacks?nav_id=25&src=tn,/men-bags-backpacks,Bags & Backpacks,http://www.myntra.com/reebok-classic?src=lnb,Reebok Classic [1]
,http://www.myntra.com/tshirts/reebok-classic/reebok-classic-women-grey-printed-t-shirt/235996/buy
http://www.myntra.com/men-bags-backpacks?nav_id=25&src=tn,/men-bags-backpacks,Bags & Backpacks,http://www.myntra.com/reebok-classic?src=lnb,Reebok Classic [1]
,http://www.myntra.com/casual-shoes/reebok-classic/reebok-classic-men-black-red-cl-leather-retro-casu/234490/buy
http://www.myntra.com/men-bags-backpacks?nav_id=25&src=tn,/men-bags-backpacks,Bags & Backpacks,http://www.myntra.com/reebok-classic?src=lnb,Reebok Classic [1]
,http://www.myntra.com/tshirts/reebok-classic/reebok-classic-men-blue-melange-printed-t-shirt/235989/buy
http://www.myntra.com/men-bags-backpacks?nav_id=25&src=tn,/men-bags-backpacks,Bags & Backpacks,http://www.myntra.com/reebok-classic?src=lnb,Reebok Classic [1]
,http://www.myntra.com/tshirts/reebok-classic/reebok-classic-men-red-printed-play-dirty-t-shirt/235949/buy
http://www.myntra.com/men-bags-backpacks?nav_id=25&src=tn,/men-bags-backpacks,Bags & Backpacks,http://www.myntra.com/reebok-classic?src=lnb,Reebok Classic [1]
,http://www.myntra.com/tshirts/reebok-classic/reebok-classic-men-blue-printed-slim-fit-t-shirt/235950/buy
http://www.myntra.com/men-bags-backpacks?nav_id=25&src=tn,/men-bags-backpacks,Bags & Backpacks,http://www.myntra.com/reebok-classic?src=lnb,Reebok Classic [1]
,http://www.myntra.com/tshirts/reebok-classic/reebok-classic-women-black-printed-t-shirt/235995/buy
http://www.myntra.com/men-bags-backpacks?nav_id=25&src=tn,/men-bags-backpacks,Bags & Backpacks,http://www.myntra.com/reebok-classic?src=lnb,Reebok Classic [1]
,http://www.myntra.com/tshirts/reebok-classic/reebok-classic-men-blue-printed-t-shirt/235964/buy
http://www.myntra.com/men-bags-backpacks?nav_id=25&src=tn,/men-bags-backpacks,Bags & Backpacks,http://www.myntra.com/reebok-classic?src=lnb,Reebok Classic [1]
,http://www.myntra.com/Tshirts/Reebok-Classic/Reebok-Classic-Men-Red-Printed-T-shirt/235988/buy
http://www.myntra.com/men-bags-backpacks?nav_id=25&src=tn,/men-bags-backpacks,Bags & Backpacks,http://www.myntra.com/reebok-classic?src=lnb,Reebok Classic [1]
,http://www.myntra.com/Tshirts/Reebok-Classic/Reebok-Classics-Men-White-Printed-T-shirt/235946/buy
http://www.myntra.com/men-bags-backpacks?nav_id=25&src=tn,/men-bags-backpacks,Bags & Backpacks,http://www.myntra.com/reebok-classic?src=lnb,Reebok Classic [1]
,http://www.myntra.com/Tshirts/Reebok-Classic/Reebok-Classic-Men-Yellow-T-shirt/235957/buy
http://www.myntra.com/men-bags-backpacks?nav_id=25&src=tn,/men-bags-backpacks,Bags & Backpacks,http://www.myntra.com/reebok-classic?src=lnb,Reebok Classic [1]
,http://www.myntra.com/Tshirts/Reebok-Classic/Reebok-Classic-Men-Blue-Printed-T-shirt/235955/buy
http://www.myntra.com/men-bags-backpacks?nav_id=25&src=tn,/men-bags-backpacks,Bags & Backpacks,http://www.myntra.com/reebok-classic?src=lnb,Reebok Classic [1]
,http://www.myntra.com/Tshirts/Reebok-Classic/Reebok-Classic-Men-Grey-Melange-Printed-T-shirt/235990/buy
http://www.myntra.com/men-bags-backpacks?nav_id=25&src=tn,/men-bags-backpacks,Bags & Backpacks,http://www.myntra.com/reebok-classic?src=lnb,Reebok Classic [1]
,http://www.myntra.com/Tshirts/Reebok-Classic/Reebok-Classic-White-&-Red-Striped-Polo-T-shirt/235963/buy
http://www.myntra.com/men-bags-backpacks?nav_id=25&src=tn,/men-bags-backpacks,Bags & Backpacks,http://www.myntra.com/reebok-classic?src=lnb,Reebok Classic [1]
,http://www.myntra.com/Tshirts/Reebok-Classic/Reebok-Classic-Women-Purple-T-shirt/236002/buy
http://www.myntra.com/men-bags-backpacks?nav_id=25&src=tn,/men-bags-backpacks,Bags & Backpacks,http://www.myntra.com/reebok-classic?src=lnb,Reebok Classic [1]
,http://www.myntra.com/Tshirts/Reebok-Classic/Reebok-Classic-Women-Pink-T-shirt/235993/buy
http://www.myntra.com/men-bags-backpacks?nav_id=25&src=tn,/men-bags-backpacks,Bags & Backpacks,http://www.myntra.com/reebok-classic?src=lnb,Reebok Classic [1]
,http://www.myntra.com/Tshirts/Reebok-Classic/Reebok-Classic-Women-Pink-Printed-T-shirt/235997/buy
http://www.myntra.com/men-bags-backpacks?nav_id=25&src=tn,/men-bags-backpacks,Bags & Backpacks,http://www.myntra.com/reebok-classic?src=lnb,Reebok Classic [1]
,http://www.myntra.com/Duffle-Bag/Reebok-Classic/Reebok-Classic-Unisex-Blue-Cl-Star-Cylinde-Duffle-Bag/235865/buy
