http://www.myntra.com/sale-men-clothing?nav_id=627&src=tn,/sale-men-clothing,Clothing,http://www.myntra.com/hrx?src=lnb,HRX [84]
,http://www.myntra.com/jeans/hrx/hrx-men-blue-jeans/223681/buy
http://www.myntra.com/sale-men-clothing?nav_id=627&src=tn,/sale-men-clothing,Clothing,http://www.myntra.com/hrx?src=lnb,HRX [84]
,http://www.myntra.com/shirts/hrx/hrx-men-blue-black-slim-fit-casual-shirt/171798/buy
http://www.myntra.com/sale-men-clothing?nav_id=627&src=tn,/sale-men-clothing,Clothing,http://www.myntra.com/hrx?src=lnb,HRX [84]
,http://www.myntra.com/shirts/hrx/hrx-men-white-navy-slim-fit-casual-shirt/171775/buy
http://www.myntra.com/sale-men-clothing?nav_id=627&src=tn,/sale-men-clothing,Clothing,http://www.myntra.com/hrx?src=lnb,HRX [84]
,http://www.myntra.com/trousers/hrx/hrx-men-navy-stretch-twill-trousers/164192/buy
http://www.myntra.com/sale-men-clothing?nav_id=627&src=tn,/sale-men-clothing,Clothing,http://www.myntra.com/hrx?src=lnb,HRX [84]
,http://www.myntra.com/sports-shoes/hrx/hrx-men-black-blue-sports-shoes/196936/buy
http://www.myntra.com/sale-men-clothing?nav_id=627&src=tn,/sale-men-clothing,Clothing,http://www.myntra.com/hrx?src=lnb,HRX [84]
,http://www.myntra.com/sports-shoes/hrx/hrx-men-black-red-sports-shoes/196941/buy
http://www.myntra.com/sale-men-clothing?nav_id=627&src=tn,/sale-men-clothing,Clothing,http://www.myntra.com/hrx?src=lnb,HRX [84]
,http://www.myntra.com/trousers/hrx/hrx-men-khaki-overdyed-trousers/171537/buy
http://www.myntra.com/sale-men-clothing?nav_id=627&src=tn,/sale-men-clothing,Clothing,http://www.myntra.com/hrx?src=lnb,HRX [84]
,http://www.myntra.com/tshirts/hrx/hrx-men-grey-green-striped-polo-t-shirt/189266/buy
http://www.myntra.com/sale-men-clothing?nav_id=627&src=tn,/sale-men-clothing,Clothing,http://www.myntra.com/hrx?src=lnb,HRX [84]
,http://www.myntra.com/jeans/hrx/hrx-men-blue-jeans/212840/buy
http://www.myntra.com/sale-men-clothing?nav_id=627&src=tn,/sale-men-clothing,Clothing,http://www.myntra.com/hrx?src=lnb,HRX [84]
,http://www.myntra.com/jeans/hrx/hrx-men-blue-jeans/223682/buy
http://www.myntra.com/sale-men-clothing?nav_id=627&src=tn,/sale-men-clothing,Clothing,http://www.myntra.com/hrx?src=lnb,HRX [84]
,http://www.myntra.com/jeans/hrx/hrx-men-blue-jeans/210352/buy
http://www.myntra.com/sale-men-clothing?nav_id=627&src=tn,/sale-men-clothing,Clothing,http://www.myntra.com/hrx?src=lnb,HRX [84]
,http://www.myntra.com/shirts/hrx/hrx-men-navy-slim-fit-casual-shirt/198324/buy
http://www.myntra.com/sale-men-clothing?nav_id=627&src=tn,/sale-men-clothing,Clothing,http://www.myntra.com/hrx?src=lnb,HRX [84]
,http://www.myntra.com/track-pants/hrx/hrx-men-black-easy-striker-track-pants/212791/buy
http://www.myntra.com/sale-men-clothing?nav_id=627&src=tn,/sale-men-clothing,Clothing,http://www.myntra.com/hrx?src=lnb,HRX [84]
,http://www.myntra.com/jeans/hrx/hrx-men-blue-jeans/223683/buy
http://www.myntra.com/sale-men-clothing?nav_id=627&src=tn,/sale-men-clothing,Clothing,http://www.myntra.com/hrx?src=lnb,HRX [84]
,http://www.myntra.com/trousers/hrx/hrx-men-golden-yellow-slim-fit-chino-trousers/164185/buy
http://www.myntra.com/sale-men-clothing?nav_id=627&src=tn,/sale-men-clothing,Clothing,http://www.myntra.com/hrx?src=lnb,HRX [84]
,http://www.myntra.com/jeans/hrx/hrx-men-black-jeans/210350/buy
http://www.myntra.com/sale-men-clothing?nav_id=627&src=tn,/sale-men-clothing,Clothing,http://www.myntra.com/hrx?src=lnb,HRX [84]
,http://www.myntra.com/trousers/hrx/hrx-men-beige-overdyed-trousers/168770/buy
http://www.myntra.com/sale-men-clothing?nav_id=627&src=tn,/sale-men-clothing,Clothing,http://www.myntra.com/hrx?src=lnb,HRX [84]
,http://www.myntra.com/shirts/hrx/hrx-men-charcoal-grey-slim-fit-casual-shirt/171774/buy
http://www.myntra.com/sale-men-clothing?nav_id=627&src=tn,/sale-men-clothing,Clothing,http://www.myntra.com/hrx?src=lnb,HRX [84]
,http://www.myntra.com/tshirts/hrx/hrx-men-black-t-shirt/210706/buy
http://www.myntra.com/sale-men-clothing?nav_id=627&src=tn,/sale-men-clothing,Clothing,http://www.myntra.com/hrx?src=lnb,HRX [84]
,http://www.myntra.com/trousers/hrx/hrx-men-khaki-overdyed-trousers/168762/buy
http://www.myntra.com/sale-men-clothing?nav_id=627&src=tn,/sale-men-clothing,Clothing,http://www.myntra.com/hrx?src=lnb,HRX [84]
,http://www.myntra.com/shirts/hrx/hrx-men-green-blue-checked-slim-fit-casual-shirt/196101/buy
http://www.myntra.com/sale-men-clothing?nav_id=627&src=tn,/sale-men-clothing,Clothing,http://www.myntra.com/hrx?src=lnb,HRX [84]
,http://www.myntra.com/shirts/hrx/hrx-men-black-slim-fit-casual-shirt/196098/buy
http://www.myntra.com/sale-men-clothing?nav_id=627&src=tn,/sale-men-clothing,Clothing,http://www.myntra.com/hrx?src=lnb,HRX [84]
,http://www.myntra.com/tshirts/hrx/hrx-men-black-printed-t-shirt/190459/buy
http://www.myntra.com/sale-men-clothing?nav_id=627&src=tn,/sale-men-clothing,Clothing,http://www.myntra.com/hrx?src=lnb,HRX [84]
,http://www.myntra.com/jeans/hrx/hrx-men-black-jeans/210351/buy
http://www.myntra.com/sale-men-clothing?nav_id=627&src=tn,/sale-men-clothing,Clothing,http://www.myntra.com/hrx?src=lnb,HRX [84]
,http://www.myntra.com/Tshirts/HRX/HRX-Men-Red-Printed-T-shirt/188200/buy
http://www.myntra.com/sale-men-clothing?nav_id=627&src=tn,/sale-men-clothing,Clothing,http://www.myntra.com/hrx?src=lnb,HRX [84]
,http://www.myntra.com/Sweatshirts/HRX/HRX-Men-Black-&-Yellow-Striped-Hooded-Sweatshirt/187606/buy
http://www.myntra.com/sale-men-clothing?nav_id=627&src=tn,/sale-men-clothing,Clothing,http://www.myntra.com/hrx?src=lnb,HRX [84]
,http://www.myntra.com/Track-Pants/HRX/HRX-Men-Grey-Melange-Easy-Striker-Track-Pants/212792/buy
http://www.myntra.com/sale-men-clothing?nav_id=627&src=tn,/sale-men-clothing,Clothing,http://www.myntra.com/hrx?src=lnb,HRX [84]
,http://www.myntra.com/Shirts/HRX/HRX-Men-Green-Slim-Fit-Casual-Shirt/198323/buy
http://www.myntra.com/sale-men-clothing?nav_id=627&src=tn,/sale-men-clothing,Clothing,http://www.myntra.com/hrx?src=lnb,HRX [84]
,http://www.myntra.com/Shirts/HRX/HRX-Men-Olive-Green-&-Navy-Slim-Fit-Casual-Shirt/216913/buy
http://www.myntra.com/sale-men-clothing?nav_id=627&src=tn,/sale-men-clothing,Clothing,http://www.myntra.com/hrx?src=lnb,HRX [84]
,http://www.myntra.com/Tshirts/HRX/HRX-Men-Off-White-T-shirt/190471/buy
http://www.myntra.com/sale-men-clothing?nav_id=627&src=tn,/sale-men-clothing,Clothing,http://www.myntra.com/hrx?src=lnb,HRX [84]
,http://www.myntra.com/Shirts/HRX/HRX-Men-Blue-Checked-Slim-Fit-Casual-Shirt/171787/buy
http://www.myntra.com/sale-men-clothing?nav_id=627&src=tn,/sale-men-clothing,Clothing,http://www.myntra.com/hrx?src=lnb,HRX [84]
,http://www.myntra.com/Shirts/HRX/HRX-Men-Orange-&-Navy-Checked-Casual-Shirt/221313/buy
http://www.myntra.com/sale-men-clothing?nav_id=627&src=tn,/sale-men-clothing,Clothing,http://www.myntra.com/hrx?src=lnb,HRX [84]
,http://www.myntra.com/Tshirts/HRX/HRX-Men-Blue-Printed-T-shirt/190461/buy
http://www.myntra.com/sale-men-clothing?nav_id=627&src=tn,/sale-men-clothing,Clothing,http://www.myntra.com/hrx?src=lnb,HRX [84]
,http://www.myntra.com/Trousers/HRX/HRX-Men-Light-Grey-Overdyed-Trousers/171536/buy
http://www.myntra.com/sale-men-clothing?nav_id=627&src=tn,/sale-men-clothing,Clothing,http://www.myntra.com/hrx?src=lnb,HRX [84]
,http://www.myntra.com/Tshirts/HRX/HRX-Men-Blue-T-shirt/190466/buy
http://www.myntra.com/sale-men-clothing?nav_id=627&src=tn,/sale-men-clothing,Clothing,http://www.myntra.com/hrx?src=lnb,HRX [84]
,http://www.myntra.com/Shirts/HRX/HRX-Men-White-Slim-Fit-Casual-Shirt/198337/buy
http://www.myntra.com/sale-men-clothing?nav_id=627&src=tn,/sale-men-clothing,Clothing,http://www.myntra.com/hrx?src=lnb,HRX [84]
,http://www.myntra.com/Shirts/HRX/HRX-Men-White-Printed-Slim-Fit-Casual-Shirt/198329/buy
http://www.myntra.com/sale-men-clothing?nav_id=627&src=tn,/sale-men-clothing,Clothing,http://www.myntra.com/hrx?src=lnb,HRX [84]
,http://www.myntra.com/Tshirts/HRX/HRX-Men-White-Printed-T-shirt/188202/buy
http://www.myntra.com/sale-men-clothing?nav_id=627&src=tn,/sale-men-clothing,Clothing,http://www.myntra.com/hrx?src=lnb,HRX [84]
,http://www.myntra.com/Sports-Shoes/HRX/HRX-Men-Black-&-White-Sports-Shoes/196957/buy
http://www.myntra.com/sale-men-clothing?nav_id=627&src=tn,/sale-men-clothing,Clothing,http://www.myntra.com/hrx?src=lnb,HRX [84]
,http://www.myntra.com/Sports-Shoes/HRX/HRX-Men-Black-&-Grey-Sports-Shoes/196940/buy
http://www.myntra.com/sale-men-clothing?nav_id=627&src=tn,/sale-men-clothing,Clothing,http://www.myntra.com/hrx?src=lnb,HRX [84]
,http://www.myntra.com/Socks/HRX/HRX-Men-Black-Socks/215412/buy
http://www.myntra.com/sale-men-clothing?nav_id=627&src=tn,/sale-men-clothing,Clothing,http://www.myntra.com/hrx?src=lnb,HRX [84]
,http://www.myntra.com/Shirts/HRX/HRX-Men-White-Slim-Fit-Casual-Shirt/196095/buy
http://www.myntra.com/sale-men-clothing?nav_id=627&src=tn,/sale-men-clothing,Clothing,http://www.myntra.com/hrx?src=lnb,HRX [84]
,http://www.myntra.com/Shirts/HRX/HRX-Men-Blue-&-Navy-Checked-Slim-Fit-Casual-Shirt/171777/buy
http://www.myntra.com/sale-men-clothing?nav_id=627&src=tn,/sale-men-clothing,Clothing,http://www.myntra.com/hrx?src=lnb,HRX [84]
,http://www.myntra.com/Sweatshirts/HRX/HRX-Men-Green-&-White-Striped-Hooded-Sweatshirt/187608/buy
http://www.myntra.com/sale-men-clothing?nav_id=627&src=tn,/sale-men-clothing,Clothing,http://www.myntra.com/hrx?src=lnb,HRX [84]
,http://www.myntra.com/Sports-Shoes/HRX/HRX-Men-Black-&-Grey-Sports-Shoes/196938/buy
http://www.myntra.com/sale-men-clothing?nav_id=627&src=tn,/sale-men-clothing,Clothing,http://www.myntra.com/hrx?src=lnb,HRX [84]
,http://www.myntra.com/Shirts/HRX/HRX-Men-Blue-&-Navy-Checked-Slim-Fit-Casual-Shirt/196105/buy
http://www.myntra.com/sale-men-clothing?nav_id=627&src=tn,/sale-men-clothing,Clothing,http://www.myntra.com/hrx?src=lnb,HRX [84]
,http://www.myntra.com/Shirts/HRX/HRX-Men-Navy-Printed-Slim-Fit-Casual-Shirt/198330/buy
http://www.myntra.com/sale-men-clothing?nav_id=627&src=tn,/sale-men-clothing,Clothing,http://www.myntra.com/hrx?src=lnb,HRX [84]
,http://www.myntra.com/Tshirts/HRX/HRX-Men-Green-Printed-T-shirt/190462/buy
http://www.myntra.com/sale-men-clothing?nav_id=627&src=tn,/sale-men-clothing,Clothing,http://www.myntra.com/hrx?src=lnb,HRX [84]
,http://www.myntra.com/Trousers/HRX/HRX-Men-Teal-Green-Slim-Fit-Chino-Trousers/164184/buy
http://www.myntra.com/sale-men-clothing?nav_id=627&src=tn,/sale-men-clothing,Clothing,http://www.myntra.com/hrx?src=lnb,HRX [84]
,http://www.myntra.com/Tshirts/HRX/HRX-Men-Lime-Green-Radio-T-shirt/188197/buy
http://www.myntra.com/sale-men-clothing?nav_id=627&src=tn,/sale-men-clothing,Clothing,http://www.myntra.com/hrx?src=lnb,HRX [84]
,http://www.myntra.com/Shirts/HRX/HRX-Men-Black-Slim-Fit-Casual-Shirt/198332/buy
http://www.myntra.com/sale-men-clothing?nav_id=627&src=tn,/sale-men-clothing,Clothing,http://www.myntra.com/hrx?src=lnb,HRX [84]
,http://www.myntra.com/Trousers/HRX/HRX-Men-Burgundy-Overdyed-Trousers/168771/buy
http://www.myntra.com/sale-men-clothing?nav_id=627&src=tn,/sale-men-clothing,Clothing,http://www.myntra.com/hrx?src=lnb,HRX [84]
,http://www.myntra.com/Tshirts/HRX/HRX-Men-White-T-shirt/190468/buy
http://www.myntra.com/sale-men-clothing?nav_id=627&src=tn,/sale-men-clothing,Clothing,http://www.myntra.com/hrx?src=lnb,HRX [84]
,http://www.myntra.com/Shirts/HRX/HRX-Men-Red-&-Navy-Checked-Slim-Fit-Casual-Shirt/171796/buy
http://www.myntra.com/sale-men-clothing?nav_id=627&src=tn,/sale-men-clothing,Clothing,http://www.myntra.com/hrx?src=lnb,HRX [84]
,http://www.myntra.com/Tshirts/HRX/HRX-Men-Orange-Printed-T-shirt/188196/buy
http://www.myntra.com/sale-men-clothing?nav_id=627&src=tn,/sale-men-clothing,Clothing,http://www.myntra.com/hrx?src=lnb,HRX [84]
,http://www.myntra.com/Tshirts/HRX/HRX-Men-White-&-Red-Polo-T-shirt/189264/buy
http://www.myntra.com/sale-men-clothing?nav_id=627&src=tn,/sale-men-clothing,Clothing,http://www.myntra.com/hrx?src=lnb,HRX [84]
,http://www.myntra.com/Sports-Shoes/HRX/HRX-Men-Black-&-Blue-Sports-Shoes/196956/buy
http://www.myntra.com/sale-men-clothing?nav_id=627&src=tn,/sale-men-clothing,Clothing,http://www.myntra.com/hrx?src=lnb,HRX [84]
,http://www.myntra.com/Tshirts/HRX/HRX-Men-Grey-Melange-T-shirt/210703/buy
http://www.myntra.com/sale-men-clothing?nav_id=627&src=tn,/sale-men-clothing,Clothing,http://www.myntra.com/hrx?src=lnb,HRX [84]
,http://www.myntra.com/Casual-Shoes/HRX/HRX-Men-White-&-Black-Casual-Shoes/196953/buy
http://www.myntra.com/sale-men-clothing?nav_id=627&src=tn,/sale-men-clothing,Clothing,http://www.myntra.com/hrx?src=lnb,HRX [84]
,http://www.myntra.com/Shirts/HRX/HRX-Men-Navy-&-White-Checked-Slim-Fit-Casual-Shirt/171792/buy
http://www.myntra.com/sale-men-clothing?nav_id=627&src=tn,/sale-men-clothing,Clothing,http://www.myntra.com/hrx?src=lnb,HRX [84]
,http://www.myntra.com/Trousers/HRX/HRX-Men-Green-Overdyed-Trousers/168769/buy
http://www.myntra.com/sale-men-clothing?nav_id=627&src=tn,/sale-men-clothing,Clothing,http://www.myntra.com/hrx?src=lnb,HRX [84]
,http://www.myntra.com/Tshirts/HRX/HRX-Men-White-Cat-T-shirt/188207/buy
http://www.myntra.com/sale-men-clothing?nav_id=627&src=tn,/sale-men-clothing,Clothing,http://www.myntra.com/hrx?src=lnb,HRX [84]
,http://www.myntra.com/Tshirts/HRX/HRX-Men-Black-&-Coral-Red-T-shirt/190473/buy
http://www.myntra.com/sale-men-clothing?nav_id=627&src=tn,/sale-men-clothing,Clothing,http://www.myntra.com/hrx?src=lnb,HRX [84]
,http://www.myntra.com/Tshirts/HRX/HRX-Men-Purple-Pique-Polo-T-shirt/188252/buy
http://www.myntra.com/sale-men-clothing?nav_id=627&src=tn,/sale-men-clothing,Clothing,http://www.myntra.com/hrx?src=lnb,HRX [84]
,http://www.myntra.com/Shorts/HRX/HRX-Men-Grey-Active-Jogger-Shorts/212796/buy
http://www.myntra.com/sale-men-clothing?nav_id=627&src=tn,/sale-men-clothing,Clothing,http://www.myntra.com/hrx?src=lnb,HRX [84]
,http://www.myntra.com/Tshirts/HRX/HRX-Men-Blue-T-shirt/190470/buy
http://www.myntra.com/sale-men-clothing?nav_id=627&src=tn,/sale-men-clothing,Clothing,http://www.myntra.com/hrx?src=lnb,HRX [84]
,http://www.myntra.com/Shirts/HRX/HRX-Men-Maroon-Checked-Slim-Fit-Casual-Shirt/171785/buy
http://www.myntra.com/sale-men-clothing?nav_id=627&src=tn,/sale-men-clothing,Clothing,http://www.myntra.com/hrx?src=lnb,HRX [84]
,http://www.myntra.com/Shirts/HRX/HRX-Men-Khaki-Slim-Fit-Casual-Shirt/198333/buy
http://www.myntra.com/sale-men-clothing?nav_id=627&src=tn,/sale-men-clothing,Clothing,http://www.myntra.com/hrx?src=lnb,HRX [84]
,http://www.myntra.com/Jeans/HRX/HRX-Men-Black-Jeans/210349/buy
http://www.myntra.com/sale-men-clothing?nav_id=627&src=tn,/sale-men-clothing,Clothing,http://www.myntra.com/hrx?src=lnb,HRX [84]
,http://www.myntra.com/Tshirts/HRX/HRX-Men-Charcoal-Grey-Printed-T-shirt/203837/buy
http://www.myntra.com/sale-men-clothing?nav_id=627&src=tn,/sale-men-clothing,Clothing,http://www.myntra.com/hrx?src=lnb,HRX [84]
,http://www.myntra.com/Trousers/HRX/HRX-Men-Military-Green-Overdyed-Trousers/168763/buy
http://www.myntra.com/sale-men-clothing?nav_id=627&src=tn,/sale-men-clothing,Clothing,http://www.myntra.com/hrx?src=lnb,HRX [84]
,http://www.myntra.com/Socks/HRX/HRX-Men-Grey-Melange-Socks/215413/buy
http://www.myntra.com/sale-men-clothing?nav_id=627&src=tn,/sale-men-clothing,Clothing,http://www.myntra.com/hrx?src=lnb,HRX [84]
,http://www.myntra.com/Tshirts/HRX/HRX-Men-Green-Pique-Polo-T-shirt/188246/buy
http://www.myntra.com/sale-men-clothing?nav_id=627&src=tn,/sale-men-clothing,Clothing,http://www.myntra.com/hrx?src=lnb,HRX [84]
,http://www.myntra.com/Shorts/HRX/HRX-Men-Black-Active-Shorts/212794/buy
http://www.myntra.com/sale-men-clothing?nav_id=627&src=tn,/sale-men-clothing,Clothing,http://www.myntra.com/hrx?src=lnb,HRX [84]
,http://www.myntra.com/Tshirts/HRX/HRX-Men-White-Printed-T-shirt/188199/buy
http://www.myntra.com/sale-men-clothing?nav_id=627&src=tn,/sale-men-clothing,Clothing,http://www.myntra.com/hrx?src=lnb,HRX [84]
,http://www.myntra.com/Casual-Shoes/HRX/HRX-Men-Black-Casual-Shoes/247424/buy
http://www.myntra.com/sale-men-clothing?nav_id=627&src=tn,/sale-men-clothing,Clothing,http://www.myntra.com/hrx?src=lnb,HRX [84]
,http://www.myntra.com/Trousers/HRX/HRX-Men-Green-Slim-Fit-Chino-Trousers/164188/buy
http://www.myntra.com/sale-men-clothing?nav_id=627&src=tn,/sale-men-clothing,Clothing,http://www.myntra.com/hrx?src=lnb,HRX [84]
,http://www.myntra.com/Sports-Shoes/HRX/HRX-Men-Black-Sports-Shoes/245815/buy
http://www.myntra.com/sale-men-clothing?nav_id=627&src=tn,/sale-men-clothing,Clothing,http://www.myntra.com/hrx?src=lnb,HRX [84]
,http://www.myntra.com/Tshirts/HRX/HRX-Men-White-Breathe-T-shirt/188209/buy
http://www.myntra.com/sale-men-clothing?nav_id=627&src=tn,/sale-men-clothing,Clothing,http://www.myntra.com/hrx?src=lnb,HRX [84]
,http://www.myntra.com/Tshirts/HRX/HRX-Men-Black-T-shirt/190469/buy
http://www.myntra.com/sale-men-clothing?nav_id=627&src=tn,/sale-men-clothing,Clothing,http://www.myntra.com/hrx?src=lnb,HRX [84]
,http://www.myntra.com/Shirts/HRX/HRX-Men-Black-Printed-Slim-Fit-Casual-Shirt/198331/buy
http://www.myntra.com/sale-men-clothing?nav_id=627&src=tn,/sale-men-clothing,Clothing,http://www.myntra.com/hrx?src=lnb,HRX [84]
,http://www.myntra.com/Sports-Shoes/HRX/HRX-Men-Grey-Sports-Shoes/248723/buy
http://www.myntra.com/sale-men-clothing?nav_id=627&src=tn,/sale-men-clothing,Clothing,http://www.myntra.com/hrx?src=lnb,HRX [84]
,http://www.myntra.com/Sports-Shoes/HRX/HRX-Men-Navy-Sports-Shoes/248722/buy
http://www.myntra.com/sale-men-clothing?nav_id=627&src=tn,/sale-men-clothing,Clothing,http://www.myntra.com/hrx?src=lnb,HRX [84]
,http://www.myntra.com/Tshirts/HRX/HRX-Men-Black-T-shirt/190475/buy
http://www.myntra.com/sale-men-clothing?nav_id=627&src=tn,/sale-men-clothing,Clothing,http://www.myntra.com/hrx?src=lnb,HRX [84]
,http://www.myntra.com/Sports-Shoes/HRX/HRX-Men-Black-Sports-Shoes/248716/buy
http://www.myntra.com/sale-men-clothing?nav_id=627&src=tn,/sale-men-clothing,Clothing,http://www.myntra.com/hrx?src=lnb,HRX [84]
,http://www.myntra.com/Sports-Shoes/HRX/HRX-Men-Blue-Sports-Shoes/246165/buy
http://www.myntra.com/sale-men-clothing?nav_id=627&src=tn,/sale-men-clothing,Clothing,http://www.myntra.com/hrx?src=lnb,HRX [84]
,http://www.myntra.com/Sports-Shoes/HRX/HRX-Men-Grey-Sports-Shoes/247437/buy
http://www.myntra.com/sale-men-clothing?nav_id=627&src=tn,/sale-men-clothing,Clothing,http://www.myntra.com/hrx?src=lnb,HRX [84]
,http://www.myntra.com/Sports-Shoes/HRX/HRX-Men-Grey-Sports-Shoes/246164/buy
http://www.myntra.com/sale-men-clothing?nav_id=627&src=tn,/sale-men-clothing,Clothing,http://www.myntra.com/hrx?src=lnb,HRX [84]
,http://www.myntra.com/Tshirts/HRX/HRX-Men-White-Printed-T-shirt/188205/buy
http://www.myntra.com/sale-men-clothing?nav_id=627&src=tn,/sale-men-clothing,Clothing,http://www.myntra.com/hrx?src=lnb,HRX [84]
,http://www.myntra.com/Shorts/HRX/HRX-Men-Navy-Active-Jogger-Shorts/212795/buy
http://www.myntra.com/sale-men-clothing?nav_id=627&src=tn,/sale-men-clothing,Clothing,http://www.myntra.com/hrx?src=lnb,HRX [84]
,http://www.myntra.com/Trousers/HRX/HRX-Men-Brown-Overdyed-Trousers/168768/buy
http://www.myntra.com/sale-men-clothing?nav_id=627&src=tn,/sale-men-clothing,Clothing,http://www.myntra.com/hrx?src=lnb,HRX [84]
,http://www.myntra.com/Tshirts/HRX/HRX-Men-Grey-Printed-T-shirt/188198/buy
http://www.myntra.com/sale-men-clothing?nav_id=627&src=tn,/sale-men-clothing,Clothing,http://www.myntra.com/hrx?src=lnb,HRX [84]
,http://www.myntra.com/Jeans/HRX/HRX-Men-Navy-Jeans/210353/buy
http://www.myntra.com/sale-men-clothing?nav_id=627&src=tn,/sale-men-clothing,Clothing,http://www.myntra.com/hrx?src=lnb,HRX [84]
,http://www.myntra.com/Tshirts/HRX/HRX-Men-Red-Printed-T-shirt/203826/buy
http://www.myntra.com/sale-men-clothing?nav_id=627&src=tn,/sale-men-clothing,Clothing,http://www.myntra.com/hrx?src=lnb,HRX [84]
,http://www.myntra.com/Sports-Shoes/HRX/HRX-Men-Black-&-Grey-Sports-Shoes/196951/buy
http://www.myntra.com/sale-men-clothing?nav_id=627&src=tn,/sale-men-clothing,Clothing,http://www.myntra.com/hrx?src=lnb,HRX [84]
,http://www.myntra.com/Trousers/HRX/HRX-Men-Olive-Overdyed-Trousers/171538/buy
http://www.myntra.com/sale-men-clothing?nav_id=627&src=tn,/sale-men-clothing,Clothing,http://www.myntra.com/hrx?src=lnb,HRX [84]
,http://www.myntra.com/Casual-Shoes/HRX/HRX-Men-Grey-Casual-Shoes/246157/buy
http://www.myntra.com/sale-men-clothing?nav_id=627&src=tn,/sale-men-clothing,Clothing,http://www.myntra.com/hrx?src=lnb,HRX [84]
,http://www.myntra.com/Tshirts/HRX/HRX-Men-Grey-T-shirt/190476/buy
http://www.myntra.com/sale-men-clothing?nav_id=627&src=tn,/sale-men-clothing,Clothing,http://www.myntra.com/hrx?src=lnb,HRX [84]
,http://www.myntra.com/Tshirts/HRX/HRX-Men-Red-T-shirt/190467/buy
http://www.myntra.com/sale-men-clothing?nav_id=627&src=tn,/sale-men-clothing,Clothing,http://www.myntra.com/hrx?src=lnb,HRX [84]
,http://www.myntra.com/Shirts/HRX/HRX-Men-Green-Slim-Fit-Casual-Shirt/196096/buy
http://www.myntra.com/sale-men-clothing?nav_id=627&src=tn,/sale-men-clothing,Clothing,http://www.myntra.com/hrx?src=lnb,HRX [84]
,http://www.myntra.com/Tshirts/HRX/HRX-Men-Purple-Printed-T-shirt/188204/buy
http://www.myntra.com/sale-men-clothing?nav_id=627&src=tn,/sale-men-clothing,Clothing,http://www.myntra.com/hrx?src=lnb,HRX [84]
,http://www.myntra.com/Shorts/HRX/HRX-Men-Navy-Active-Workout-Shorts/212797/buy
http://www.myntra.com/sale-men-clothing?nav_id=627&src=tn,/sale-men-clothing,Clothing,http://www.myntra.com/hrx?src=lnb,HRX [84]
,http://www.myntra.com/Tshirts/HRX/HRX-Men-Blue-T-shirt/210704/buy
http://www.myntra.com/sale-men-clothing?nav_id=627&src=tn,/sale-men-clothing,Clothing,http://www.myntra.com/hrx?src=lnb,HRX [84]
,http://www.myntra.com/Socks/HRX/HRX-Men-Blue-&-Black-Striped-Socks/215416/buy
http://www.myntra.com/sale-men-clothing?nav_id=627&src=tn,/sale-men-clothing,Clothing,http://www.myntra.com/hrx?src=lnb,HRX [84]
,http://www.myntra.com/Tshirts/HRX/HRX-Men-Red-Pique-Polo-T-shirt/188253/buy
http://www.myntra.com/sale-men-clothing?nav_id=627&src=tn,/sale-men-clothing,Clothing,http://www.myntra.com/hrx?src=lnb,HRX [84]
,http://www.myntra.com/Shirts/HRX/HRX-Men-Blue-&-White-Checked-Slim-Fit-Casual-Shirt/171779/buy
http://www.myntra.com/sale-men-clothing?nav_id=627&src=tn,/sale-men-clothing,Clothing,http://www.myntra.com/hrx?src=lnb,HRX [84]
,http://www.myntra.com/Tshirts/HRX/HRX-Men-Multi-Coloured-Striped-Polo-T-shirt/189261/buy
http://www.myntra.com/sale-men-clothing?nav_id=627&src=tn,/sale-men-clothing,Clothing,http://www.myntra.com/hrx?src=lnb,HRX [84]
,http://www.myntra.com/Shirts/HRX/HRX-Men-Pink-&-Navy-Checked-Slim-Fit-Casual-Shirt/196093/buy
http://www.myntra.com/sale-men-clothing?nav_id=627&src=tn,/sale-men-clothing,Clothing,http://www.myntra.com/hrx?src=lnb,HRX [84]
,http://www.myntra.com/Sports-Shoes/HRX/HRX-Men-White-Sports-Shoes/196937/buy
http://www.myntra.com/sale-men-clothing?nav_id=627&src=tn,/sale-men-clothing,Clothing,http://www.myntra.com/hrx?src=lnb,HRX [84]
,http://www.myntra.com/Tshirts/HRX/HRX-Men-White-Printed-T-shirt/188195/buy
http://www.myntra.com/sale-men-clothing?nav_id=627&src=tn,/sale-men-clothing,Clothing,http://www.myntra.com/hrx?src=lnb,HRX [84]
,http://www.myntra.com/Shirts/HRX/HRX-Men-Green-Checked-Slim-Fit-Casual-Shirt/171782/buy
http://www.myntra.com/sale-men-clothing?nav_id=627&src=tn,/sale-men-clothing,Clothing,http://www.myntra.com/hrx?src=lnb,HRX [84]
,http://www.myntra.com/Tshirts/HRX/HRX-Men-Black-&-Green-Striped-T-shirt/189269/buy
http://www.myntra.com/sale-men-clothing?nav_id=627&src=tn,/sale-men-clothing,Clothing,http://www.myntra.com/hrx?src=lnb,HRX [84]
,http://www.myntra.com/Tshirts/HRX/HRX-Men-Blue-Printed-T-shirt/203830/buy
http://www.myntra.com/sale-men-clothing?nav_id=627&src=tn,/sale-men-clothing,Clothing,http://www.myntra.com/hrx?src=lnb,HRX [84]
,http://www.myntra.com/Shirts/HRX/HRX-Men-Navy-&-Green-Checked-Slim-Fit-Casual-Shirt/171789/buy
http://www.myntra.com/sale-men-clothing?nav_id=627&src=tn,/sale-men-clothing,Clothing,http://www.myntra.com/hrx?src=lnb,HRX [84]
,http://www.myntra.com/Shirts/HRX/HRX-Men-Navy-&-Yellow-Checked-Slim-Fit-Casual-Shirt/171793/buy
http://www.myntra.com/sale-men-clothing?nav_id=627&src=tn,/sale-men-clothing,Clothing,http://www.myntra.com/hrx?src=lnb,HRX [84]
,http://www.myntra.com/Trousers/HRX/HRX-Men-Beige-Trousers/168764/buy
http://www.myntra.com/sale-men-clothing?nav_id=627&src=tn,/sale-men-clothing,Clothing,http://www.myntra.com/hrx?src=lnb,HRX [84]
,http://www.myntra.com/Tshirts/HRX/HRX-Men-White-Printed-T-shirt/203838/buy
http://www.myntra.com/sale-men-clothing?nav_id=627&src=tn,/sale-men-clothing,Clothing,http://www.myntra.com/hrx?src=lnb,HRX [84]
,http://www.myntra.com/Tshirts/HRX/HRX-Men-Grey-&-Green-T-shirt/190478/buy
http://www.myntra.com/sale-men-clothing?nav_id=627&src=tn,/sale-men-clothing,Clothing,http://www.myntra.com/hrx?src=lnb,HRX [84]
,http://www.myntra.com/Tshirts/HRX/HRX-Men-Grey-Breathe-T-shirt/188210/buy
http://www.myntra.com/sale-men-clothing?nav_id=627&src=tn,/sale-men-clothing,Clothing,http://www.myntra.com/hrx?src=lnb,HRX [84]
,http://www.myntra.com/Sports-Shoes/HRX/HRX-Men-White-&-Red-Sports-Shoes/196939/buy
http://www.myntra.com/sale-men-clothing?nav_id=627&src=tn,/sale-men-clothing,Clothing,http://www.myntra.com/hrx?src=lnb,HRX [84]
,http://www.myntra.com/Shorts/HRX/HRX-Men-Black-Active-Workout-Shorts/212798/buy
http://www.myntra.com/sale-men-clothing?nav_id=627&src=tn,/sale-men-clothing,Clothing,http://www.myntra.com/hrx?src=lnb,HRX [84]
,http://www.myntra.com/Socks/HRX/HRX-Men-White-&-Grey-Socks/215415/buy
http://www.myntra.com/sale-men-clothing?nav_id=627&src=tn,/sale-men-clothing,Clothing,http://www.myntra.com/hrx?src=lnb,HRX [84]
,http://www.myntra.com/Tshirts/HRX/HRX-Men-Red-Printed-T-shirt/188214/buy
http://www.myntra.com/sale-men-clothing?nav_id=627&src=tn,/sale-men-clothing,Clothing,http://www.myntra.com/hrx?src=lnb,HRX [84]
,http://www.myntra.com/Trousers/HRX/HRX-Men-Rust-Orange-Overdyed-Trousers/168772/buy
http://www.myntra.com/sale-men-clothing?nav_id=627&src=tn,/sale-men-clothing,Clothing,http://www.myntra.com/hrx?src=lnb,HRX [84]
,http://www.myntra.com/Casual-Shoes/HRX/HRX-Men-Black-&-Green-Casual-Shoes/196948/buy
http://www.myntra.com/sale-men-clothing?nav_id=627&src=tn,/sale-men-clothing,Clothing,http://www.myntra.com/hrx?src=lnb,HRX [84]
,http://www.myntra.com/Tshirts/HRX/HRX-Men-White-Printed-T-shirt/190460/buy
http://www.myntra.com/sale-men-clothing?nav_id=627&src=tn,/sale-men-clothing,Clothing,http://www.myntra.com/hrx?src=lnb,HRX [84]
,http://www.myntra.com/Tshirts/HRX/HRX-Men-White-Printed-T-shirt/188211/buy
http://www.myntra.com/sale-men-clothing?nav_id=627&src=tn,/sale-men-clothing,Clothing,http://www.myntra.com/hrx?src=lnb,HRX [84]
,http://www.myntra.com/Casual-Shoes/HRX/HRX-Men-Black-&-Grey-Casual-Shoes/196947/buy
http://www.myntra.com/sale-men-clothing?nav_id=627&src=tn,/sale-men-clothing,Clothing,http://www.myntra.com/hrx?src=lnb,HRX [84]
,http://www.myntra.com/Sports-Shoes/HRX/HRX-Men-Grey-Sports-Shoes/245816/buy
http://www.myntra.com/sale-men-clothing?nav_id=627&src=tn,/sale-men-clothing,Clothing,http://www.myntra.com/hrx?src=lnb,HRX [84]
,http://www.myntra.com/Trousers/HRX/HRX-Men-Light-Brick-Red-Overdyed-Trousers/168761/buy
http://www.myntra.com/sale-men-clothing?nav_id=627&src=tn,/sale-men-clothing,Clothing,http://www.myntra.com/hrx?src=lnb,HRX [84]
,http://www.myntra.com/Tshirts/HRX/HRX-Men-Black-Printed-T-shirt/190464/buy
http://www.myntra.com/sale-men-clothing?nav_id=627&src=tn,/sale-men-clothing,Clothing,http://www.myntra.com/hrx?src=lnb,HRX [84]
,http://www.myntra.com/Tshirts/HRX/HRX-Men-Black-&-Orange-Striped-T-shirt/189270/buy
http://www.myntra.com/sale-men-clothing?nav_id=627&src=tn,/sale-men-clothing,Clothing,http://www.myntra.com/hrx?src=lnb,HRX [84]
,http://www.myntra.com/Shirts/HRX/HRX-Men-Green-Slim-Fit-Casual-Shirt/198336/buy
http://www.myntra.com/sale-men-clothing?nav_id=627&src=tn,/sale-men-clothing,Clothing,http://www.myntra.com/hrx?src=lnb,HRX [84]
,http://www.myntra.com/Shirts/HRX/HRX-Men-Green-&-Navy-Checked-Slim-Fit-Casual-Shirt/171781/buy
http://www.myntra.com/sale-men-clothing?nav_id=627&src=tn,/sale-men-clothing,Clothing,http://www.myntra.com/hrx?src=lnb,HRX [84]
,http://www.myntra.com/Casual-Shoes/HRX/HRX-Men-Brown-Casual-Shoes/196946/buy
http://www.myntra.com/sale-men-clothing?nav_id=627&src=tn,/sale-men-clothing,Clothing,http://www.myntra.com/hrx?src=lnb,HRX [84]
,http://www.myntra.com/Tshirts/HRX/HRX-Men-Multi-Coloured-Striped-Polo-T-shirt/189268/buy
http://www.myntra.com/sale-men-clothing?nav_id=627&src=tn,/sale-men-clothing,Clothing,http://www.myntra.com/hrx?src=lnb,HRX [84]
,http://www.myntra.com/Shirts/HRX/HRX-Men-Navy-Slim-Fit-Casual-Shirt/198335/buy
http://www.myntra.com/sale-men-clothing?nav_id=627&src=tn,/sale-men-clothing,Clothing,http://www.myntra.com/hrx?src=lnb,HRX [84]
,http://www.myntra.com/Tshirts/HRX/HRX-Men-Grey-Printed-T-shirt/203829/buy
http://www.myntra.com/sale-men-clothing?nav_id=627&src=tn,/sale-men-clothing,Clothing,http://www.myntra.com/hrx?src=lnb,HRX [84]
,http://www.myntra.com/Tshirts/HRX/HRX-Men-Orange-Printed-T-shirt/190463/buy
http://www.myntra.com/sale-men-clothing?nav_id=627&src=tn,/sale-men-clothing,Clothing,http://www.myntra.com/hrx?src=lnb,HRX [84]
,http://www.myntra.com/Casual-Shoes/HRX/HRX-Men-Grey-Casual-Shoes/196955/buy
http://www.myntra.com/sale-men-clothing?nav_id=627&src=tn,/sale-men-clothing,Clothing,http://www.myntra.com/hrx?src=lnb,HRX [84]
,http://www.myntra.com/Sports-Shoes/HRX/HRX-Men-Blue-Sports-Shoes/245814/buy
http://www.myntra.com/sale-men-clothing?nav_id=627&src=tn,/sale-men-clothing,Clothing,http://www.myntra.com/hrx?src=lnb,HRX [84]
,http://www.myntra.com/Shirts/HRX/HRX-Men-Green-&-Navy-Striped-Slim-Fit-Casual-Shirt/171788/buy
http://www.myntra.com/sale-men-clothing?nav_id=627&src=tn,/sale-men-clothing,Clothing,http://www.myntra.com/hrx?src=lnb,HRX [84]
,http://www.myntra.com/Shirts/HRX/HRX-Men-Blue-&-Navy-Striped-Slim-Fit-Casual-Shirt/171791/buy
http://www.myntra.com/sale-men-clothing?nav_id=627&src=tn,/sale-men-clothing,Clothing,http://www.myntra.com/hrx?src=lnb,HRX [84]
,http://www.myntra.com/Sports-Shoes/HRX/HRX-Men-Black-Sports-Shoes/245813/buy
http://www.myntra.com/sale-men-clothing?nav_id=627&src=tn,/sale-men-clothing,Clothing,http://www.myntra.com/hrx?src=lnb,HRX [84]
,http://www.myntra.com/Trousers/HRX/HRX-Men-Blue-Trousers/168765/buy
http://www.myntra.com/sale-men-clothing?nav_id=627&src=tn,/sale-men-clothing,Clothing,http://www.myntra.com/hrx?src=lnb,HRX [84]
,http://www.myntra.com/Trousers/HRX/HRX-Men-Mustard-Yellow-Overdyed-Trousers/168766/buy
http://www.myntra.com/sale-men-clothing?nav_id=627&src=tn,/sale-men-clothing,Clothing,http://www.myntra.com/hrx?src=lnb,HRX [84]
,http://www.myntra.com/Tshirts/HRX/HRX-Men-Multi-Coloured-Striped-Polo-T-shirt/189267/buy
http://www.myntra.com/sale-men-clothing?nav_id=627&src=tn,/sale-men-clothing,Clothing,http://www.myntra.com/hrx?src=lnb,HRX [84]
,http://www.myntra.com/Casual-Shoes/HRX/HRX-Men-Black-&-Red-Casual-Shoes/196943/buy
http://www.myntra.com/sale-men-clothing?nav_id=627&src=tn,/sale-men-clothing,Clothing,http://www.myntra.com/hrx?src=lnb,HRX [84]
,http://www.myntra.com/Sports-Shoes/HRX/HRX-Men-Black-and-Grey-Sports-Shoes/246163/buy
http://www.myntra.com/sale-men-clothing?nav_id=627&src=tn,/sale-men-clothing,Clothing,http://www.myntra.com/hrx?src=lnb,HRX [84]
,http://www.myntra.com/Sports-Shoes/HRX/HRX-Men-Grey-Sports-Shoes/245810/buy
http://www.myntra.com/sale-men-clothing?nav_id=627&src=tn,/sale-men-clothing,Clothing,http://www.myntra.com/hrx?src=lnb,HRX [84]
,http://www.myntra.com/Casual-Shoes/HRX/HRX-Men-Brown-&-Orange-Casual-Shoes/196950/buy
http://www.myntra.com/sale-men-clothing?nav_id=627&src=tn,/sale-men-clothing,Clothing,http://www.myntra.com/hrx?src=lnb,HRX [84]
,http://www.myntra.com/Shorts/HRX/HRX-Men-White-Shorts/212793/buy
http://www.myntra.com/sale-men-clothing?nav_id=627&src=tn,/sale-men-clothing,Clothing,http://www.myntra.com/hrx?src=lnb,HRX [84]
,http://www.myntra.com/Sports-Shoes/HRX/HRX-Men-Grey-Sports-Shoes/246167/buy
http://www.myntra.com/sale-men-clothing?nav_id=627&src=tn,/sale-men-clothing,Clothing,http://www.myntra.com/hrx?src=lnb,HRX [84]
,http://www.myntra.com/Tshirts/HRX/HRX-Men-Red-T-shirt/190472/buy
http://www.myntra.com/sale-men-clothing?nav_id=627&src=tn,/sale-men-clothing,Clothing,http://www.myntra.com/hrx?src=lnb,HRX [84]
,http://www.myntra.com/Tshirts/HRX/HRX-Men-Blue-&-Black-T-shirt/190474/buy
http://www.myntra.com/sale-men-clothing?nav_id=627&src=tn,/sale-men-clothing,Clothing,http://www.myntra.com/hrx?src=lnb,HRX [84]
,http://www.myntra.com/Shirts/HRX/HRX-Men-Blue-Checked-Slim-Fit-Casual-Shirt/171776/buy
http://www.myntra.com/sale-men-clothing?nav_id=627&src=tn,/sale-men-clothing,Clothing,http://www.myntra.com/hrx?src=lnb,HRX [84]
,http://www.myntra.com/Sports-Shoes/HRX/HRX-Men-Black-Sports-Shoes/245811/buy
http://www.myntra.com/sale-men-clothing?nav_id=627&src=tn,/sale-men-clothing,Clothing,http://www.myntra.com/hrx?src=lnb,HRX [84]
,http://www.myntra.com/Sports-Shoes/HRX/HRX-Men-Charcoal-Grey-&-Black-Sports-Shoes/248718/buy
http://www.myntra.com/sale-men-clothing?nav_id=627&src=tn,/sale-men-clothing,Clothing,http://www.myntra.com/hrx?src=lnb,HRX [84]
,http://www.myntra.com/Sports-Shoes/HRX/HRX-Men-White-Sports-Shoes/248715/buy
http://www.myntra.com/sale-men-clothing?nav_id=627&src=tn,/sale-men-clothing,Clothing,http://www.myntra.com/hrx?src=lnb,HRX [84]
,http://www.myntra.com/Sports-Shoes/HRX/HRX-Men-Black-Sports-Shoes/248717/buy
http://www.myntra.com/sale-men-clothing?nav_id=627&src=tn,/sale-men-clothing,Clothing,http://www.myntra.com/hrx?src=lnb,HRX [84]
,http://www.myntra.com/Socks/HRX/HRX-Men-Black-&-Red-Socks/215414/buy
http://www.myntra.com/sale-men-clothing?nav_id=627&src=tn,/sale-men-clothing,Clothing,http://www.myntra.com/hrx?src=lnb,HRX [84]
,http://www.myntra.com/Tshirts/HRX/HRX-Men-Black-T-shirt/190477/buy
http://www.myntra.com/sale-men-clothing?nav_id=627&src=tn,/sale-men-clothing,Clothing,http://www.myntra.com/hrx?src=lnb,HRX [84]
,http://www.myntra.com/Casual-Shoes/HRX/HRX-Men-Black-&-White-Casual-Shoes/245796/buy
http://www.myntra.com/sale-men-clothing?nav_id=627&src=tn,/sale-men-clothing,Clothing,http://www.myntra.com/hrx?src=lnb,HRX [84]
,http://www.myntra.com/Shirts/HRX/HRX-Men-Green-&-Blue-Checked-Casual-Shirt/221311/buy
http://www.myntra.com/sale-men-clothing?nav_id=627&src=tn,/sale-men-clothing,Clothing,http://www.myntra.com/hrx?src=lnb,HRX [84]
,http://www.myntra.com/Shirts/HRX/HRX-Men-Red-&-Navy-Checked-Casual-Shirt/221312/buy
http://www.myntra.com/sale-men-clothing?nav_id=627&src=tn,/sale-men-clothing,Clothing,http://www.myntra.com/hrx?src=lnb,HRX [84]
,http://www.myntra.com/Sports-Shoes/HRX/HRX-Men-Blue-Sports-Shoes/245812/buy
http://www.myntra.com/sale-men-clothing?nav_id=627&src=tn,/sale-men-clothing,Clothing,http://www.myntra.com/hrx?src=lnb,HRX [84]
,http://www.myntra.com/Casual-Shoes/HRX/HRX-Men-Black-Casual-Shoes/196945/buy
http://www.myntra.com/sale-men-clothing?nav_id=627&src=tn,/sale-men-clothing,Clothing,http://www.myntra.com/hrx?src=lnb,HRX [84]
,http://www.myntra.com/Sports-Shoes/HRX/HRX-Men-Grey-Sports-Shoes/248720/buy
http://www.myntra.com/sale-men-clothing?nav_id=627&src=tn,/sale-men-clothing,Clothing,http://www.myntra.com/hrx?src=lnb,HRX [84]
,http://www.myntra.com/Sports-Shoes/HRX/HRX-Men-Grey-&-Green-Sports-Shoes/246159/buy
http://www.myntra.com/sale-men-clothing?nav_id=627&src=tn,/sale-men-clothing,Clothing,http://www.myntra.com/hrx?src=lnb,HRX [84]
,http://www.myntra.com/Casual-Shoes/HRX/HRX-Men-Blue-Casual-Shoes/247423/buy
http://www.myntra.com/sale-men-clothing?nav_id=627&src=tn,/sale-men-clothing,Clothing,http://www.myntra.com/hrx?src=lnb,HRX [84]
,http://www.myntra.com/Casual-Shoes/HRX/HRX-Men-Brown-&-Orange-Casual-Shoes/196942/buy
http://www.myntra.com/sale-men-clothing?nav_id=627&src=tn,/sale-men-clothing,Clothing,http://www.myntra.com/hrx?src=lnb,HRX [84]
,http://www.myntra.com/Sports-Shoes/HRX/HRX-Men-Grey-&-Blue-Sports-Shoes/247426/buy
http://www.myntra.com/sale-men-clothing?nav_id=627&src=tn,/sale-men-clothing,Clothing,http://www.myntra.com/hrx?src=lnb,HRX [84]
,http://www.myntra.com/Sports-Shoes/HRX/HRX-Men-Black-Sports-Shoes/246160/buy
http://www.myntra.com/sale-men-clothing?nav_id=627&src=tn,/sale-men-clothing,Clothing,http://www.myntra.com/hrx?src=lnb,HRX [84]
,http://www.myntra.com/Sports-Shoes/HRX/HRX-Men-Grey-and-Orange-Sports-Shoes/246162/buy
http://www.myntra.com/sale-men-clothing?nav_id=627&src=tn,/sale-men-clothing,Clothing,http://www.myntra.com/hrx?src=lnb,HRX [84]
,http://www.myntra.com/Sports-Shoes/HRX/HRX-Men-Black-Sports-Shoes/246168/buy
http://www.myntra.com/sale-men-clothing?nav_id=627&src=tn,/sale-men-clothing,Clothing,http://www.myntra.com/hrx?src=lnb,HRX [84]
,http://www.myntra.com/Casual-Shoes/HRX/HRX-Men-Black-&-Grey-Casual-Shoes/245795/buy
http://www.myntra.com/sale-men-clothing?nav_id=627&src=tn,/sale-men-clothing,Clothing,http://www.myntra.com/hrx?src=lnb,HRX [84]
,http://www.myntra.com/Sports-Shoes/HRX/HRX-Men-Charcoal-Grey-&-Red-Sports-Shoes/248719/buy
http://www.myntra.com/sale-men-clothing?nav_id=627&src=tn,/sale-men-clothing,Clothing,http://www.myntra.com/hrx?src=lnb,HRX [84]
,http://www.myntra.com/Sports-Shoes/HRX/HRX-Men-Blue-Sports-Shoes/248721/buy
http://www.myntra.com/sale-men-clothing?nav_id=627&src=tn,/sale-men-clothing,Clothing,http://www.myntra.com/hrx?src=lnb,HRX [84]
,http://www.myntra.com/Sports-Shoes/HRX/HRX-Men-Navy-and-White-Sports-Shoes/246161/buy
http://www.myntra.com/sale-men-clothing?nav_id=627&src=tn,/sale-men-clothing,Clothing,http://www.myntra.com/hrx?src=lnb,HRX [84]
,http://www.myntra.com/Casual-Shoes/HRX/HRX-Men-Grey-Casual-Shoes/196944/buy
http://www.myntra.com/sale-men-clothing?nav_id=627&src=tn,/sale-men-clothing,Clothing,http://www.myntra.com/hrx?src=lnb,HRX [84]
,http://www.myntra.com/Sports-Shoes/HRX/HRX-Men-Navy-Sports-Shoes/246170/buy
http://www.myntra.com/sale-men-clothing?nav_id=627&src=tn,/sale-men-clothing,Clothing,http://www.myntra.com/hrx?src=lnb,HRX [84]
,http://www.myntra.com/Sports-Shoes/HRX/HRX-Men-Grey-Sports-Shoes/247433/buy
http://www.myntra.com/sale-men-clothing?nav_id=627&src=tn,/sale-men-clothing,Clothing,http://www.myntra.com/hrx?src=lnb,HRX [84]
,http://www.myntra.com/Casual-Shoes/HRX/HRX-Men-White-Casual-Shoes/196949/buy
http://www.myntra.com/sale-men-clothing?nav_id=627&src=tn,/sale-men-clothing,Clothing,http://www.myntra.com/hrx?src=lnb,HRX [84]
,http://www.myntra.com/Sports-Shoes/HRX/HRX-Men-Navy-Sports-Shoes/246166/buy
http://www.myntra.com/sale-men-clothing?nav_id=627&src=tn,/sale-men-clothing,Clothing,http://www.myntra.com/hrx?src=lnb,HRX [84]
,http://www.myntra.com/Sports-Shoes/HRX/HRX-Men-Navy-Sports-Shoes/247436/buy
http://www.myntra.com/sale-men-clothing?nav_id=627&src=tn,/sale-men-clothing,Clothing,http://www.myntra.com/hrx?src=lnb,HRX [84]
,http://www.myntra.com/Casual-Shoes/HRX/HRX-Men-Brown-Casual-Shoes/246156/buy
http://www.myntra.com/sale-men-clothing?nav_id=627&src=tn,/sale-men-clothing,Clothing,http://www.myntra.com/hrx?src=lnb,HRX [84]
,http://www.myntra.com/Sports-Shoes/HRX/HRX-Men-Grey-&-Blue-Sports-Shoes/247428/buy
http://www.myntra.com/sale-men-clothing?nav_id=627&src=tn,/sale-men-clothing,Clothing,http://www.myntra.com/hrx?src=lnb,HRX [84]
,http://www.myntra.com/Sports-Shoes/HRX/HRX-Men-Black-Sports-Shoes/247427/buy
http://www.myntra.com/sale-men-clothing?nav_id=627&src=tn,/sale-men-clothing,Clothing,http://www.myntra.com/hrx?src=lnb,HRX [84]
,http://www.myntra.com/Sports-Shoes/HRX/HRX-Men-Grey-Sports-Shoes/247429/buy
http://www.myntra.com/sale-men-clothing?nav_id=627&src=tn,/sale-men-clothing,Clothing,http://www.myntra.com/hrx?src=lnb,HRX [84]
,http://www.myntra.com/Sports-Shoes/HRX/HRX-Men-Black-Sports-Shoes/247434/buy
http://www.myntra.com/sale-men-clothing?nav_id=627&src=tn,/sale-men-clothing,Clothing,http://www.myntra.com/hrx?src=lnb,HRX [84]
,http://www.myntra.com/Casual-Shoes/HRX/HRX-Men-White-&-Grey-Casual-Shoes/245797/buy
http://www.myntra.com/sale-men-clothing?nav_id=627&src=tn,/sale-men-clothing,Clothing,http://www.myntra.com/hrx?src=lnb,HRX [84]
,http://www.myntra.com/Sports-Shoes/HRX/HRX-Men-Black-&-Red-Sports-Shoes/247425/buy
http://www.myntra.com/sale-men-clothing?nav_id=627&src=tn,/sale-men-clothing,Clothing,http://www.myntra.com/hrx?src=lnb,HRX [84]
,http://www.myntra.com/Sports-Shoes/HRX/HRX-Men-Black-Sports-Shoes/247431/buy
http://www.myntra.com/sale-men-clothing?nav_id=627&src=tn,/sale-men-clothing,Clothing,http://www.myntra.com/hrx?src=lnb,HRX [84]
,http://www.myntra.com/Sports-Shoes/HRX/HRX-Men-Blue-&-Red-Sports-Shoes/252690/buy
http://www.myntra.com/sale-men-clothing?nav_id=627&src=tn,/sale-men-clothing,Clothing,http://www.myntra.com/hrx?src=lnb,HRX [84]
,http://www.myntra.com/Casual-Shoes/HRX/HRX-Men-Grey-&-White-Casual-Shoes/252689/buy
http://www.myntra.com/sale-men-clothing?nav_id=627&src=tn,/sale-men-clothing,Clothing,http://www.myntra.com/hrx?src=lnb,HRX [84]
,http://www.myntra.com/Sports-Shoes/HRX/HRX-Men-Black-&-Green-Sports-Shoes/247438/buy
http://www.myntra.com/sale-men-clothing?nav_id=627&src=tn,/sale-men-clothing,Clothing,http://www.myntra.com/hrx?src=lnb,HRX [84]
,http://www.myntra.com/Sports-Shoes/HRX/HRX-Men-Black-&-Yellow-Sports-Shoes/247435/buy
http://www.myntra.com/sale-men-clothing?nav_id=627&src=tn,/sale-men-clothing,Clothing,http://www.myntra.com/hrx?src=lnb,HRX [84]
,http://www.myntra.com/Sports-Shoes/HRX/HRX-Men-Black-&-Red-Sports-Shoes/247430/buy
http://www.myntra.com/sale-men-clothing?nav_id=627&src=tn,/sale-men-clothing,Clothing,http://www.myntra.com/hrx?src=lnb,HRX [84]
,http://www.myntra.com/Sports-Shoes/HRX/HRX-Men-Black-Sports-Shoes/247432/buy
http://www.myntra.com/sale-men-clothing?nav_id=627&src=tn,/sale-men-clothing,Clothing,http://www.myntra.com/hrx?src=lnb,HRX [84]
,http://www.myntra.com/Sports-Shoes/HRX/HRX-Men-Black-Sports-Shoes/245809/buy
http://www.myntra.com/sale-men-clothing?nav_id=627&src=tn,/sale-men-clothing,Clothing,http://www.myntra.com/hrx?src=lnb,HRX [84]
,http://www.myntra.com/Trousers/HRX/HRX-Men-Rusty-Pink-Slim-Fit-Chino-Trousers/164183/buy
http://www.myntra.com/sale-men-clothing?nav_id=627&src=tn,/sale-men-clothing,Clothing,http://www.myntra.com/hrx?src=lnb,HRX [84]
,http://www.myntra.com/Sports-Shoes/HRX/HRX-Men-Grey-Sports-Shoes/196935/buy
http://www.myntra.com/sale-men-clothing?nav_id=627&src=tn,/sale-men-clothing,Clothing,http://www.myntra.com/hrx?src=lnb,HRX [84]
,http://www.myntra.com/Shirts/HRX/HRX-Men-Navy-&-Yellow-Checked-Slim-Fit-Casual-Shirt/196091/buy
http://www.myntra.com/sale-men-clothing?nav_id=627&src=tn,/sale-men-clothing,Clothing,http://www.myntra.com/hrx?src=lnb,HRX [84]
,http://www.myntra.com/Jeans/HRX/HRX-Men-Navy-Jeans/210355/buy
http://www.myntra.com/sale-men-clothing?nav_id=627&src=tn,/sale-men-clothing,Clothing,http://www.myntra.com/hrx?src=lnb,HRX [84]
,http://www.myntra.com/Tshirts/HRX/HRX-Men-Navy-&-Green-Polo-T-shirt/189263/buy
http://www.myntra.com/sale-men-clothing?nav_id=627&src=tn,/sale-men-clothing,Clothing,http://www.myntra.com/hrx?src=lnb,HRX [84]
,http://www.myntra.com/Sports-Shoes/HRX/HRX-Men-Black-Sports-Shoes/196954/buy
http://www.myntra.com/sale-men-clothing?nav_id=627&src=tn,/sale-men-clothing,Clothing,http://www.myntra.com/hrx?src=lnb,HRX [84]
,http://www.myntra.com/Casual-Shoes/HRX/HRX-Men-Black-&-Blue-Casual-Shoes/196952/buy
http://www.myntra.com/sale-men-clothing?nav_id=627&src=tn,/sale-men-clothing,Clothing,http://www.myntra.com/hrx?src=lnb,HRX [84]
,http://www.myntra.com/Sports-Shoes/HRX/HRX-Men-Blue-Sports-Shoes/246169/buy
http://www.myntra.com/sale-men-clothing?nav_id=627&src=tn,/sale-men-clothing,Clothing,http://www.myntra.com/hrx?src=lnb,HRX [84]
,http://www.myntra.com/Shirts/HRX/HRX-Men-Navy-Slim-Fit-Casual-Shirt/196097/buy
http://www.myntra.com/sale-men-clothing?nav_id=627&src=tn,/sale-men-clothing,Clothing,http://www.myntra.com/hrx?src=lnb,HRX [84]
,http://www.myntra.com/Shirts/HRX/HRX-Men-Blue-Checked-Slim-Fit-Casual-Shirt/196094/buy
http://www.myntra.com/sale-men-clothing?nav_id=627&src=tn,/sale-men-clothing,Clothing,http://www.myntra.com/hrx?src=lnb,HRX [84]
,http://www.myntra.com/Trousers/HRX/HRX-Men-Charcoal-Grey-Slim-Fit-Chino-Trousers/164191/buy
http://www.myntra.com/sale-men-clothing?nav_id=627&src=tn,/sale-men-clothing,Clothing,http://www.myntra.com/hrx?src=lnb,HRX [84]
,http://www.myntra.com/Tshirts/HRX/HRX-Men-White-Printed-T-shirt/188213/buy
http://www.myntra.com/sale-men-clothing?nav_id=627&src=tn,/sale-men-clothing,Clothing,http://www.myntra.com/hrx?src=lnb,HRX [84]
,http://www.myntra.com/Shirts/HRX/HRX-Men-Navy-Slim-Fit-Casual-Shirt/171786/buy
http://www.myntra.com/sale-men-clothing?nav_id=627&src=tn,/sale-men-clothing,Clothing,http://www.myntra.com/hrx?src=lnb,HRX [84]
,http://www.myntra.com/Shirts/HRX/HRX-Men-Blue-Slim-Fit-Casual-Denim-Shirt/198325/buy
http://www.myntra.com/sale-men-clothing?nav_id=627&src=tn,/sale-men-clothing,Clothing,http://www.myntra.com/hrx?src=lnb,HRX [84]
,http://www.myntra.com/Shirts/HRX/HRX-Men-Red-&-Navy-Checked-Slim-Fit-Casual-Shirt/171795/buy
http://www.myntra.com/sale-men-clothing?nav_id=627&src=tn,/sale-men-clothing,Clothing,http://www.myntra.com/hrx?src=lnb,HRX [84]
,http://www.myntra.com/Shirts/HRX/HRX-Men-Navy-&-Red-Checked-Slim-Fit-Casual-Shirt/171790/buy
http://www.myntra.com/sale-men-clothing?nav_id=627&src=tn,/sale-men-clothing,Clothing,http://www.myntra.com/hrx?src=lnb,HRX [84]
,http://www.myntra.com/Shirts/HRX/HRX-Men-Blue-&-Black-Checked-Slim-Fit-Casual-Shirt/171773/buy
http://www.myntra.com/sale-men-clothing?nav_id=627&src=tn,/sale-men-clothing,Clothing,http://www.myntra.com/hrx?src=lnb,HRX [84]
,http://www.myntra.com/Shirts/HRX/HRX-Men-Green-Checked-Slim-Fit-Casual-Shirt/171780/buy
http://www.myntra.com/sale-men-clothing?nav_id=627&src=tn,/sale-men-clothing,Clothing,http://www.myntra.com/hrx?src=lnb,HRX [84]
,http://www.myntra.com/Shirts/HRX/HRX-Men-Grey-&-Black-Checked-Slim-Fit-Casual-Shirt/171783/buy
http://www.myntra.com/sale-men-clothing?nav_id=627&src=tn,/sale-men-clothing,Clothing,http://www.myntra.com/hrx?src=lnb,HRX [84]
,http://www.myntra.com/Tshirts/HRX/HRX-Men-Maroon-T-shirt/203835/buy
http://www.myntra.com/sale-men-clothing?nav_id=627&src=tn,/sale-men-clothing,Clothing,http://www.myntra.com/hrx?src=lnb,HRX [84]
,http://www.myntra.com/Shirts/HRX/HRX-Men-Blue-&-White-Checked-Slim-Fit-Casual-Shirt/171778/buy
http://www.myntra.com/sale-men-clothing?nav_id=627&src=tn,/sale-men-clothing,Clothing,http://www.myntra.com/hrx?src=lnb,HRX [84]
,http://www.myntra.com/Shirts/HRX/HRX-Men-Maroon-Slim-Fit-Casual-Shirt/198334/buy
http://www.myntra.com/sale-men-clothing?nav_id=627&src=tn,/sale-men-clothing,Clothing,http://www.myntra.com/hrx?src=lnb,HRX [84]
,http://www.myntra.com/Tshirts/HRX/HRX-Men-Dark-Grey-Printed-T-shirt/188203/buy
http://www.myntra.com/sale-men-clothing?nav_id=627&src=tn,/sale-men-clothing,Clothing,http://www.myntra.com/hrx?src=lnb,HRX [84]
,http://www.myntra.com/Tshirts/HRX/HRX-Men-Orange-Free-Spirited-T-shirt/188212/buy
http://www.myntra.com/sale-men-clothing?nav_id=627&src=tn,/sale-men-clothing,Clothing,http://www.myntra.com/hrx?src=lnb,HRX [84]
,http://www.myntra.com/Shirts/HRX/HRX-Men-Olive-Green-Slim-Fit-Casual-Shirt/198327/buy
http://www.myntra.com/sale-men-clothing?nav_id=627&src=tn,/sale-men-clothing,Clothing,http://www.myntra.com/hrx?src=lnb,HRX [84]
,http://www.myntra.com/Trousers/HRX/HRX-Men-Beige-Slim-Fit-Chino-Trousers/164190/buy
http://www.myntra.com/sale-men-clothing?nav_id=627&src=tn,/sale-men-clothing,Clothing,http://www.myntra.com/hrx?src=lnb,HRX [84]
,http://www.myntra.com/Shirts/HRX/HRX-Men-White-Slim-Fit-Casual-Shirt/198328/buy
http://www.myntra.com/sale-men-clothing?nav_id=627&src=tn,/sale-men-clothing,Clothing,http://www.myntra.com/hrx?src=lnb,HRX [84]
,http://www.myntra.com/Shirts/HRX/HRX-Men-Purple-&-Navy-Checked-Slim-Fit-Casual-Shirt/171794/buy
http://www.myntra.com/sale-men-clothing?nav_id=627&src=tn,/sale-men-clothing,Clothing,http://www.myntra.com/hrx?src=lnb,HRX [84]
,http://www.myntra.com/Shirts/HRX/HRX-Men-Green-&-Navy-Checked-Slim-Fit-Casual-Shirt/196092/buy
http://www.myntra.com/sale-men-clothing?nav_id=627&src=tn,/sale-men-clothing,Clothing,http://www.myntra.com/hrx?src=lnb,HRX [84]
,http://www.myntra.com/Shirts/HRX/HRX-Men-Black-&-Yellow-Checked-Slim-Fit-Casual-Shirt/171797/buy
http://www.myntra.com/sale-men-clothing?nav_id=627&src=tn,/sale-men-clothing,Clothing,http://www.myntra.com/hrx?src=lnb,HRX [84]
,http://www.myntra.com/Shirts/HRX/HRX-Men-Grey-&-White-Checked-Slim-Fit-Casual-Shirt/171772/buy
http://www.myntra.com/sale-men-clothing?nav_id=627&src=tn,/sale-men-clothing,Clothing,http://www.myntra.com/hrx?src=lnb,HRX [84]
,http://www.myntra.com/Tshirts/HRX/HRX-Men-Grey-&-White-Striped-Polo-T-shirt/189265/buy
http://www.myntra.com/sale-men-clothing?nav_id=627&src=tn,/sale-men-clothing,Clothing,http://www.myntra.com/hrx?src=lnb,HRX [84]
,http://www.myntra.com/Shirts/HRX/HRX-Men-Black-&-Blue-Checked-Slim-Fit-Casual-Shirt/171769/buy
http://www.myntra.com/sale-men-clothing?nav_id=627&src=tn,/sale-men-clothing,Clothing,http://www.myntra.com/hrx?src=lnb,HRX [84]
,http://www.myntra.com/Jeans/HRX/HRX-Men-Blue-Slim-Fit-Jeans/212842/buy
http://www.myntra.com/sale-men-clothing?nav_id=627&src=tn,/sale-men-clothing,Clothing,http://www.myntra.com/hrx?src=lnb,HRX [84]
,http://www.myntra.com/Jeans/HRX/HRX-Men-Blue-Jeans/210354/buy
http://www.myntra.com/sale-men-clothing?nav_id=627&src=tn,/sale-men-clothing,Clothing,http://www.myntra.com/hrx?src=lnb,HRX [84]
,http://www.myntra.com/Sweatshirts/HRX/HRX-Men-Navy-&-Green-Striped-Hooded-Sweatshirt/187607/buy
http://www.myntra.com/sale-men-clothing?nav_id=627&src=tn,/sale-men-clothing,Clothing,http://www.myntra.com/hrx?src=lnb,HRX [84]
,http://www.myntra.com/Tshirts/HRX/HRX-Men-Black-T-shirt/190465/buy
http://www.myntra.com/sale-men-clothing?nav_id=627&src=tn,/sale-men-clothing,Clothing,http://www.myntra.com/hrx?src=lnb,HRX [84]
,http://www.myntra.com/Tshirts/HRX/HRX-Men-Navy-&-Red-Pique-Polo-T-shirt/188250/buy
http://www.myntra.com/sale-men-clothing?nav_id=627&src=tn,/sale-men-clothing,Clothing,http://www.myntra.com/hrx?src=lnb,HRX [84]
,http://www.myntra.com/Tshirts/HRX/HRX-Men-White-&-Red-Pique-Polo-T-shirt/188248/buy
http://www.myntra.com/sale-men-clothing?nav_id=627&src=tn,/sale-men-clothing,Clothing,http://www.myntra.com/hrx?src=lnb,HRX [84]
,http://www.myntra.com/Shirts/HRX/HRX-Men-Burgundy-&-Navy-Slim-Fit-Casual-Shirt/171784/buy
http://www.myntra.com/sale-men-clothing?nav_id=627&src=tn,/sale-men-clothing,Clothing,http://www.myntra.com/hrx?src=lnb,HRX [84]
,http://www.myntra.com/Tshirts/HRX/HRX-Men-Charcoal-Grey-T-shirt/203836/buy
http://www.myntra.com/sale-men-clothing?nav_id=627&src=tn,/sale-men-clothing,Clothing,http://www.myntra.com/hrx?src=lnb,HRX [84]
,http://www.myntra.com/Tshirts/HRX/HRX-Men-Navy-T-shirt/210705/buy
http://www.myntra.com/sale-men-clothing?nav_id=627&src=tn,/sale-men-clothing,Clothing,http://www.myntra.com/hrx?src=lnb,HRX [84]
,http://www.myntra.com/Tshirts/HRX/HRX-Men-Black-Printed-T-shirt/203825/buy
http://www.myntra.com/sale-men-clothing?nav_id=627&src=tn,/sale-men-clothing,Clothing,http://www.myntra.com/hrx?src=lnb,HRX [84]
,http://www.myntra.com/Shirts/HRX/HRX-Men-Black-Slim-Fit-Casual-Shirt/198326/buy
http://www.myntra.com/sale-men-clothing?nav_id=627&src=tn,/sale-men-clothing,Clothing,http://www.myntra.com/hrx?src=lnb,HRX [84]
,http://www.myntra.com/Tshirts/HRX/HRX-Men-White-&-Navy-Pique-Polo-T-shirt/188249/buy
http://www.myntra.com/sale-men-clothing?nav_id=627&src=tn,/sale-men-clothing,Clothing,http://www.myntra.com/hrx?src=lnb,HRX [84]
,http://www.myntra.com/Trousers/HRX/HRX-Men-Brown-Slim-Fit-Chino-Trousers/164187/buy
http://www.myntra.com/sale-men-clothing?nav_id=627&src=tn,/sale-men-clothing,Clothing,http://www.myntra.com/hrx?src=lnb,HRX [84]
,http://www.myntra.com/Tshirts/HRX/HRX-Men-Black-&-Orange-Pique-Polo-T-shirt/188251/buy
http://www.myntra.com/sale-men-clothing?nav_id=627&src=tn,/sale-men-clothing,Clothing,http://www.myntra.com/hrx?src=lnb,HRX [84]
,http://www.myntra.com/Sweatshirts/HRX/HRX-Men-Navy-Striped-Hooded-Sweatshirt/187610/buy
http://www.myntra.com/sale-men-clothing?nav_id=627&src=tn,/sale-men-clothing,Clothing,http://www.myntra.com/hrx?src=lnb,HRX [84]
,http://www.myntra.com/Trousers/HRX/HRX-Men-Brown-Stretch-Twill-Trousers/164189/buy
http://www.myntra.com/sale-men-clothing?nav_id=627&src=tn,/sale-men-clothing,Clothing,http://www.myntra.com/hrx?src=lnb,HRX [84]
,http://www.myntra.com/Trousers/HRX/HRX-Men-Blue-Slim-Fit-Chino-Trousers/164186/buy
http://www.myntra.com/sale-men-clothing?nav_id=627&src=tn,/sale-men-clothing,Clothing,http://www.myntra.com/hrx?src=lnb,HRX [84]
,http://www.myntra.com/Tshirts/HRX/HRX-Men-Black-Printed-T-shirt/188201/buy
http://www.myntra.com/sale-men-clothing?nav_id=627&src=tn,/sale-men-clothing,Clothing,http://www.myntra.com/hrx?src=lnb,HRX [84]
,http://www.myntra.com/Tshirts/HRX/HRX-Men-Green-Printed-T-shirt/188206/buy
http://www.myntra.com/sale-men-clothing?nav_id=627&src=tn,/sale-men-clothing,Clothing,http://www.myntra.com/hrx?src=lnb,HRX [84]
,http://www.myntra.com/Tshirts/HRX/HRX-Men-Grey-Printed-T-shirt/188208/buy
